date,price,signal,ath
1985-10-01,112.13999938964844,112.13999938964844,112.13999938964844
1985-10-02,110.8249969482422,110.8249969482422,112.13999938964844
1985-10-03,110.87000274658205,110.87000274658205,112.13999938964844
1985-10-04,110.0749969482422,110.0749969482422,112.13999938964844
1985-10-07,108.1999969482422,108.1999969482422,112.13999938964844
1985-10-08,107.16000366210938,107.16000366210938,112.13999938964844
1985-10-09,108.62999725341795,108.62999725341795,112.13999938964844
1985-10-10,109.43499755859376,109.43499755859376,112.13999938964844
1985-10-11,111.0500030517578,111.0500030517578,112.13999938964844
1985-10-14,113.18499755859376,113.18499755859376,113.18499755859376
1985-10-15,113.37999725341795,113.37999725341795,113.37999725341795
1985-10-16,114.31500244140624,114.31500244140624,114.31500244140624
1985-10-17,114.73999786376952,114.73999786376952,114.73999786376952
1985-10-18,114.31999969482422,114.31999969482422,114.73999786376952
1985-10-21,113.68000030517578,113.68000030517578,114.73999786376952
1985-10-22,114.44000244140624,114.44000244140624,114.73999786376952
1985-10-23,115.06500244140624,115.06500244140624,115.06500244140624
1985-10-24,115.48500061035156,115.48500061035156,115.48500061035156
1985-10-25,113.91000366210938,113.91000366210938,115.48500061035156
1985-10-28,113.81999969482422,113.81999969482422,115.48500061035156
1985-10-29,115.4000015258789,115.4000015258789,115.48500061035156
1985-10-30,115.7699966430664,115.7699966430664,115.7699966430664
1985-10-31,115.4800033569336,115.4800033569336,115.7699966430664
1985-11-01,116.2750015258789,116.2750015258789,116.2750015258789
1985-11-04,116.04000091552734,116.04000091552734,116.2750015258789
1985-11-05,116.44000244140624,116.44000244140624,116.44000244140624
1985-11-06,117.37999725341795,117.37999725341795,117.37999725341795
1985-11-07,117.62000274658205,117.62000274658205,117.62000274658205
1985-11-08,119.26000213623048,119.26000213623048,119.26000213623048
1985-11-11,120.4000015258789,120.4000015258789,120.4000015258789
1985-11-12,121.81999969482422,121.81999969482422,121.81999969482422
1985-11-13,121.16500091552734,121.16500091552734,121.81999969482422
1985-11-14,121.83499908447266,121.83499908447266,121.83499908447266
1985-11-15,122.1750030517578,122.1750030517578,122.1750030517578
1985-11-18,121.95500183105467,121.95500183105467,122.1750030517578
1985-11-19,122.56999969482422,122.56999969482422,122.56999969482422
1985-11-20,122.1999969482422,122.1999969482422,122.56999969482422
1985-11-21,123.61000061035156,123.61000061035156,123.61000061035156
1985-11-22,123.97000122070312,123.97000122070312,123.97000122070312
1985-11-25,123.13500213623048,123.13500213623048,123.97000122070312
1985-11-26,123.9499969482422,123.9499969482422,123.97000122070312
1985-11-27,125.7699966430664,125.7699966430664,125.7699966430664
1985-11-29,126.05999755859376,126.05999755859376,126.05999755859376
1985-12-02,125.18499755859376,125.18499755859376,126.05999755859376
1985-12-03,125.2300033569336,125.2300033569336,126.05999755859376
1985-12-04,127.94000244140624,127.94000244140624,127.94000244140624
1985-12-05,128.4600067138672,128.4600067138672,128.4600067138672
1985-12-06,126.95500183105467,126.95500183105467,128.4600067138672
1985-12-09,127.48500061035156,127.48500061035156,128.4600067138672
1985-12-10,127.9749984741211,127.9749984741211,128.4600067138672
1985-12-11,129.17999267578125,129.17999267578125,129.17999267578125
1985-12-12,129.76499938964844,129.76499938964844,129.76499938964844
1985-12-13,132.125,132.125,132.125
1985-12-16,132.61000061035156,132.61000061035156,132.61000061035156
1985-12-17,131.53500366210938,131.53500366210938,132.61000061035156
1985-12-18,131.13999938964844,131.13999938964844,132.61000061035156
1985-12-19,131.9250030517578,131.9250030517578,132.61000061035156
1985-12-20,132.25999450683594,132.25999450683594,132.61000061035156
1985-12-23,130.72500610351562,130.72500610351562,132.61000061035156
1985-12-24,130.02999877929688,130.02999877929688,132.61000061035156
1985-12-26,130.34500122070312,130.34500122070312,132.61000061035156
1985-12-27,131.48500061035156,131.48500061035156,132.61000061035156
1985-12-30,131.94500732421875,131.94500732421875,132.61000061035156
1985-12-31,132.2949981689453,132.2949981689453,132.61000061035156
1986-01-02,131.25,131.25,132.61000061035156
1986-01-03,130.55,130.55,132.61000061035156
1986-01-06,130.35,130.35,132.61000061035156
1986-01-07,132.79,132.79,132.79
1986-01-08,131.16,131.16,132.79
1986-01-09,128.8,128.8,132.79
1986-01-10,129.56,129.56,132.79
1986-01-13,129.09,129.09,132.79
1986-01-14,129.18,129.18,132.79
1986-01-15,131.53,131.53,132.79
1986-01-16,133.06,133.06,133.06
1986-01-17,132.77,132.77,133.06
1986-01-20,131.6,131.6,133.06
1986-01-21,131.09,131.09,133.06
1986-01-22,129.62,129.62,133.06
1986-01-23,129.27,129.27,133.06
1986-01-24,130.2,130.2,133.06
1986-01-27,130.79,130.79,133.06
1986-01-28,131.99,131.99,133.06
1986-01-29,133.06,133.06,133.06
1986-01-30,132.19,132.19,133.06
1986-01-31,132.93,132.93,133.06
1986-02-03,134.24,134.24,134.24
1986-02-04,134.6,134.6,134.6
1986-02-05,135.72,135.72,135.72
1986-02-06,136.64,136.64,136.64
1986-02-07,137.42,137.42,137.42
1986-02-10,138.13,138.13,138.13
1986-02-11,138.26,138.26,138.26
1986-02-12,138.66,138.66,138.66
1986-02-13,139.16,139.16,139.16
1986-02-14,140.16,140.16,140.16
1986-02-18,140.74,140.74,140.74
1986-02-19,139.64,139.64,140.74
1986-02-20,139.94,139.94,140.74
1986-02-21,141.15,141.15,141.15
1986-02-24,140.2,140.2,141.15
1986-02-25,139.4,139.4,141.15
1986-02-26,138.88,138.88,141.15
1986-02-27,140.53,140.53,141.15
1986-02-28,140.43,140.43,141.15
1986-03-03,139.74,139.74,141.15
1986-03-04,140.54,140.54,141.15
1986-03-05,140.25,140.25,141.15
1986-03-06,140.8,140.8,141.15
1986-03-07,140.53,140.53,141.15
1986-03-10,142.44,142.44,142.44
1986-03-11,145.34,145.34,145.34
1986-03-12,146.62,146.62,146.62
1986-03-13,147.01,147.01,147.01
1986-03-14,147.0,147.0,147.01
1986-03-17,146.37,146.37,147.01
1986-03-18,147.63,147.63,147.63
1986-03-19,147.47,147.47,147.63
1986-03-20,147.8,147.8,147.8
1986-03-21,148.0,148.0,148.0
1986-03-24,147.09,147.09,148.0
1986-03-25,147.49,147.49,148.0
1986-03-26,147.25,147.25,148.0
1986-03-27,148.38,148.38,148.38
1986-03-31,148.86,148.86,148.86
1986-04-01,148.45,148.45,148.86
1986-04-02,148.92,148.92,148.92
1986-04-03,148.71,148.71,148.92
1986-04-04,147.03,147.03,148.92
1986-04-07,146.06,146.06,148.92
1986-04-08,148.93,148.93,148.93
1986-04-09,149.06,149.06,149.06
1986-04-10,151.76,151.76,151.76
1986-04-11,152.66,152.66,152.66
1986-04-14,153.93,153.93,153.93
1986-04-15,154.92,154.92,154.92
1986-04-16,158.9,158.9,158.9
1986-04-17,159.06,159.06,159.06
1986-04-18,157.66,157.66,159.06
1986-04-21,158.53,158.53,159.06
1986-04-22,157.86,157.86,159.06
1986-04-23,157.46,157.46,159.06
1986-04-24,159.85,159.85,159.85
1986-04-25,160.46,160.46,160.46
1986-04-28,159.9,159.9,160.46
1986-04-29,158.25,158.25,160.46
1986-04-30,154.91,154.91,160.46
1986-05-01,154.21,154.21,160.46
1986-05-02,155.01,155.01,160.46
1986-05-05,157.14,157.14,160.46
1986-05-06,157.13,157.13,160.46
1986-05-07,156.25,156.25,160.46
1986-05-08,157.16,157.16,160.46
1986-05-09,157.91,157.91,160.46
1986-05-12,157.75,157.75,160.46
1986-05-13,157.05,157.05,160.46
1986-05-14,157.0,157.0,160.46
1986-05-15,155.76,155.76,160.46
1986-05-16,155.0,155.0,160.46
1986-05-19,155.31,155.31,160.46
1986-05-20,157.01,157.01,160.46
1986-05-21,157.44,157.44,160.46
1986-05-22,159.63,159.63,160.46
1986-05-23,160.16,160.16,160.46
1986-05-27,161.18,161.18,161.18
1986-05-28,161.31,161.31,161.31
1986-05-29,161.62,161.62,161.62
1986-05-30,163.16,163.16,163.16
1986-06-02,162.03,162.03,163.16
1986-06-03,162.11,162.11,163.16
1986-06-04,161.82,161.82,163.16
1986-06-05,162.36,162.36,163.16
1986-06-06,161.88,161.88,163.16
1986-06-09,158.61,158.61,163.16
1986-06-10,158.1,158.1,163.16
1986-06-11,160.03,160.03,163.16
1986-06-12,160.37,160.37,163.16
1986-06-13,162.35,162.35,163.16
1986-06-16,160.8,160.8,163.16
1986-06-17,158.57,158.57,163.16
1986-06-18,158.48,158.48,163.16
1986-06-19,159.28,159.28,163.16
1986-06-20,159.59,159.59,163.16
1986-06-23,159.56,159.56,163.16
1986-06-24,160.8,160.8,163.16
1986-06-25,162.0,162.0,163.16
1986-06-26,161.72,161.72,163.16
1986-06-27,161.62,161.62,163.16
1986-06-30,162.62,162.62,163.16
1986-07-01,163.32,163.32,163.32
1986-07-02,163.96,163.96,163.96
1986-07-03,164.51,164.51,164.51
1986-07-07,157.63,157.63,164.51
1986-07-08,153.26,153.26,164.51
1986-07-09,155.41,155.41,164.51
1986-07-10,154.29,154.29,164.51
1986-07-11,152.85,152.85,164.51
1986-07-14,149.28,149.28,164.51
1986-07-15,146.25,146.25,164.51
1986-07-16,147.4,147.4,164.51
1986-07-17,148.47,148.47,164.51
1986-07-18,147.76,147.76,164.51
1986-07-21,147.07,147.07,164.51
1986-07-22,147.41,147.41,164.51
1986-07-23,147.18,147.18,164.51
1986-07-24,147.28,147.28,164.51
1986-07-25,148.26,148.26,164.51
1986-07-28,145.5,145.5,164.51
1986-07-29,144.21,144.21,164.51
1986-07-30,144.52,144.52,164.51
1986-07-31,144.52,144.52,164.51
1986-08-01,144.19,144.19,164.51
1986-08-04,142.53,142.53,164.51
1986-08-05,141.86,141.86,164.51
1986-08-06,140.54,140.54,164.51
1986-08-07,140.69,140.69,164.51
1986-08-08,142.29,142.29,164.51
1986-08-11,145.44,145.44,164.51
1986-08-12,147.06,147.06,164.51
1986-08-13,148.84,148.84,164.51
1986-08-14,150.0,150.0,164.51
1986-08-15,149.57,149.57,164.51
1986-08-18,149.07,149.07,164.51
1986-08-19,148.59,148.59,164.51
1986-08-20,149.75,149.75,164.51
1986-08-21,150.01,150.01,164.51
1986-08-22,150.94,150.94,164.51
1986-08-25,149.91,149.91,164.51
1986-08-26,151.16,151.16,164.51
1986-08-27,152.02,152.02,164.51
1986-08-28,152.04,152.04,164.51
1986-08-29,151.7,151.7,164.51
1986-09-02,149.34,149.34,164.51
1986-09-03,149.82,149.82,164.51
1986-09-04,151.4,151.4,164.51
1986-09-05,149.67,149.67,164.51
1986-09-08,146.55,146.55,164.51
1986-09-09,145.76,145.76,164.51
1986-09-10,144.74,144.74,164.51
1986-09-11,138.46,138.46,164.51
1986-09-12,135.03,135.03,164.51
1986-09-15,134.94,134.94,164.51
1986-09-16,135.21,135.21,164.51
1986-09-17,136.39,136.39,164.51
1986-09-18,138.13,138.13,164.51
1986-09-19,138.46,138.46,164.51
1986-09-22,140.12,140.12,164.51
1986-09-23,139.56,139.56,164.51
1986-09-24,139.24,139.24,164.51
1986-09-25,137.62,137.62,164.51
1986-09-26,137.59,137.59,164.51
1986-09-29,135.53,135.53,164.51
1986-09-30,137.5,137.5,164.51
1986-10-01,138.26,138.26,164.51
1986-10-02,138.22,138.22,164.51
1986-10-03,138.56,138.56,164.51
1986-10-06,139.12,139.12,164.51
1986-10-07,138.25,138.25,164.51
1986-10-08,139.26,139.26,164.51
1986-10-09,139.16,139.16,164.51
1986-10-10,139.87,139.87,164.51
1986-10-13,140.68,140.68,164.51
1986-10-14,140.97,140.97,164.51
1986-10-15,142.1,142.1,164.51
1986-10-16,141.88,141.88,164.51
1986-10-17,141.19,141.19,164.51
1986-10-20,140.1,140.1,164.51
1986-10-21,139.93,139.93,164.51
1986-10-22,140.3,140.3,164.51
1986-10-23,142.15,142.15,164.51
1986-10-24,141.97,141.97,164.51
1986-10-27,141.76,141.76,164.51
1986-10-28,142.5,142.5,164.51
1986-10-29,143.13,143.13,164.51
1986-10-30,144.78,144.78,164.51
1986-10-31,144.48,144.48,164.51
1986-11-03,144.81,144.81,164.51
1986-11-04,145.97,145.97,164.51
1986-11-05,146.18,146.18,164.51
1986-11-06,145.41,145.41,164.51
1986-11-07,144.91,144.91,164.51
1986-11-10,144.29,144.29,164.51
1986-11-11,145.35,145.35,164.51
1986-11-12,145.58,145.58,164.51
1986-11-13,143.41,143.41,164.51
1986-11-14,143.5,143.5,164.51
1986-11-17,141.19,141.19,164.51
1986-11-18,140.66,140.66,164.51
1986-11-19,139.54,139.54,164.51
1986-11-20,141.31,141.31,164.51
1986-11-21,142.9,142.9,164.51
1986-11-24,144.5,144.5,164.51
1986-11-25,145.77,145.77,164.51
1986-11-26,146.87,146.87,164.51
1986-11-28,147.94,147.94,164.51
1986-12-01,146.85,146.85,164.51
1986-12-02,148.85,148.85,164.51
1986-12-03,150.08,150.08,164.51
1986-12-04,149.98,149.98,164.51
1986-12-05,149.04,149.04,164.51
1986-12-08,147.84,147.84,164.51
1986-12-09,146.87,146.87,164.51
1986-12-10,146.96,146.96,164.51
1986-12-11,146.08,146.08,164.51
1986-12-12,144.98,144.98,164.51
1986-12-15,144.07,144.07,164.51
1986-12-16,144.49,144.49,164.51
1986-12-17,143.04,143.04,164.51
1986-12-18,142.85,142.85,164.51
1986-12-19,143.77,143.77,164.51
1986-12-22,144.09,144.09,164.51
1986-12-23,142.81,142.81,164.51
1986-12-24,142.79,142.79,164.51
1986-12-26,142.94,142.94,164.51
1986-12-29,142.94,142.94,164.51
1986-12-30,141.53,141.53,164.51
1986-12-31,141.41,141.41,164.51
1987-01-02,142.86,142.86,164.51
1987-01-05,147.41,147.41,164.51
1987-01-06,149.06,149.06,164.51
1987-01-07,152.97,152.97,164.51
1987-01-08,155.69,155.69,164.51
1987-01-09,156.99,156.99,164.51
1987-01-12,159.31,159.31,164.51
1987-01-13,159.62,159.62,164.51
1987-01-14,162.66,162.66,164.51
1987-01-15,164.15,164.15,164.51
1987-01-16,162.51,162.51,164.51
1987-01-19,166.46,166.46,166.46
1987-01-20,166.52,166.52,166.52
1987-01-21,164.26,164.26,166.52
1987-01-22,167.94,167.94,167.94
1987-01-23,166.76,166.76,167.94
1987-01-26,164.14,164.14,167.94
1987-01-27,166.66,166.66,167.94
1987-01-28,167.63,167.63,167.94
1987-01-29,165.74,165.74,167.94
1987-01-30,166.68,166.68,167.94
1987-02-02,170.31,170.31,170.31
1987-02-03,171.56,171.56,171.56
1987-02-04,173.5,173.5,173.5
1987-02-05,174.63,174.63,174.63
1987-02-06,174.63,174.63,174.63
1987-02-09,173.63,173.63,174.63
1987-02-10,172.32,172.32,174.63
1987-02-11,175.98,175.98,175.98
1987-02-12,176.26,176.26,176.26
1987-02-13,179.06,179.06,179.06
1987-02-17,183.65,183.65,183.65
1987-02-18,181.21,181.21,183.65
1987-02-19,179.87,179.87,183.65
1987-02-20,178.69,178.69,183.65
1987-02-23,177.71,177.71,183.65
1987-02-24,178.94,178.94,183.65
1987-02-25,180.97,180.97,183.65
1987-02-26,182.19,182.19,183.65
1987-02-27,182.75,182.75,183.65
1987-03-02,181.06,181.06,183.65
1987-03-03,180.56,180.56,183.65
1987-03-04,183.28,183.28,183.65
1987-03-05,184.67,184.67,184.67
1987-03-06,184.28,184.28,184.67
1987-03-09,182.47,182.47,184.67
1987-03-10,184.47,184.47,184.67
1987-03-11,185.31,185.31,185.31
1987-03-12,184.77,184.77,185.31
1987-03-13,183.16,183.16,185.31
1987-03-16,182.73,182.73,185.31
1987-03-17,185.9,185.9,185.9
1987-03-18,186.04,186.04,186.04
1987-03-19,187.96,187.96,187.96
1987-03-20,189.82,189.82,189.82
1987-03-23,189.4,189.4,189.82
1987-03-24,190.18,190.18,190.18
1987-03-25,190.19,190.19,190.19
1987-03-26,190.71,190.71,190.71
1987-03-27,189.05,189.05,190.71
1987-03-30,183.84,183.84,190.71
1987-03-31,186.04,186.04,190.71
1987-04-01,186.07,186.07,190.71
1987-04-02,187.66,187.66,190.71
1987-04-03,191.36,191.36,191.36
1987-04-06,190.91,190.91,191.36
1987-04-07,187.44,187.44,191.36
1987-04-08,189.28,189.28,191.36
1987-04-09,188.73,188.73,191.36
1987-04-10,188.28,188.28,191.36
1987-04-13,183.94,183.94,191.36
1987-04-14,179.72,179.72,191.36
1987-04-15,182.46,182.46,191.36
1987-04-16,183.75,183.75,191.36
1987-04-20,182.13,182.13,191.36
1987-04-21,184.63,184.63,191.36
1987-04-22,183.96,183.96,191.36
1987-04-23,183.77,183.77,191.36
1987-04-24,180.38,180.38,191.36
1987-04-27,179.55,179.55,191.36
1987-04-28,181.26,181.26,191.36
1987-04-29,182.22,182.22,191.36
1987-04-30,184.83,184.83,191.36
1987-05-01,185.83,185.83,191.36
1987-05-04,186.45,186.45,191.36
1987-05-05,189.74,189.74,191.36
1987-05-06,189.29,189.29,191.36
1987-05-07,190.01,190.01,191.36
1987-05-08,190.36,190.36,191.36
1987-05-11,189.24,189.24,191.36
1987-05-12,188.97,188.97,191.36
1987-05-13,190.29,190.29,191.36
1987-05-14,190.74,190.74,191.36
1987-05-15,187.91,187.91,191.36
1987-05-18,185.46,185.46,191.36
1987-05-19,181.47,181.47,191.36
1987-05-20,181.7,181.7,191.36
1987-05-21,182.66,182.66,191.36
1987-05-22,181.64,181.64,191.36
1987-05-26,185.17,185.17,191.36
1987-05-27,185.96,185.96,191.36
1987-05-28,188.11,188.11,191.36
1987-05-29,188.77,188.77,191.36
1987-06-01,185.86,185.86,191.36
1987-06-02,184.5,184.5,191.36
1987-06-03,185.76,185.76,191.36
1987-06-04,186.25,186.25,191.36
1987-06-05,185.69,185.69,191.36
1987-06-08,187.53,187.53,191.36
1987-06-09,189.47,189.47,191.36
1987-06-10,190.02,190.02,191.36
1987-06-11,189.66,189.66,191.36
1987-06-12,190.36,190.36,191.36
1987-06-15,189.6,189.6,191.36
1987-06-16,189.19,189.19,191.36
1987-06-17,191.03,191.03,191.36
1987-06-18,192.37,192.37,192.37
1987-06-19,192.05,192.05,192.37
1987-06-22,192.41,192.41,192.41
1987-06-23,191.84,191.84,192.41
1987-06-24,191.91,191.91,192.41
1987-06-25,191.34,191.34,192.41
1987-06-26,191.06,191.06,192.41
1987-06-29,190.7,190.7,192.41
1987-06-30,189.24,189.24,192.41
1987-07-01,189.47,189.47,192.41
1987-07-02,190.38,190.38,192.41
1987-07-06,189.03,189.03,192.41
1987-07-07,187.75,187.75,192.41
1987-07-08,187.38,187.38,192.41
1987-07-09,187.97,187.97,192.41
1987-07-10,188.74,188.74,192.41
1987-07-13,190.42,190.42,192.41
1987-07-14,194.99,194.99,194.99
1987-07-15,194.87,194.87,194.99
1987-07-16,196.04,196.04,196.04
1987-07-17,195.87,195.87,196.04
1987-07-20,193.86,193.86,196.04
1987-07-21,193.19,193.19,196.04
1987-07-22,193.63,193.63,196.04
1987-07-23,191.5,191.5,196.04
1987-07-24,193.03,193.03,196.04
1987-07-27,193.19,193.19,196.04
1987-07-28,193.75,193.75,196.04
1987-07-29,194.72,194.72,196.04
1987-07-30,196.56,196.56,196.56
1987-07-31,196.35,196.35,196.56
1987-08-03,195.24,195.24,196.56
1987-08-04,195.88,195.88,196.56
1987-08-05,198.25,198.25,198.25
1987-08-06,201.87,201.87,201.87
1987-08-07,203.73,203.73,203.73
1987-08-10,206.03,206.03,206.03
1987-08-11,208.39,208.39,208.39
1987-08-12,207.06,207.06,208.39
1987-08-13,206.47,206.47,208.39
1987-08-14,206.47,206.47,208.39
1987-08-17,206.83,206.83,208.39
1987-08-18,203.9,203.9,208.39
1987-08-19,205.39,205.39,208.39
1987-08-20,208.93,208.93,208.93
1987-08-21,210.57,210.57,210.57
1987-08-24,209.48,209.48,210.57
1987-08-25,210.72,210.72,210.72
1987-08-26,211.16,211.16,211.16
1987-08-27,210.63,210.63,211.16
1987-08-28,208.84,208.84,211.16
1987-08-31,209.57,209.57,211.16
1987-09-01,206.89,206.89,211.16
1987-09-02,205.73,205.73,211.16
1987-09-03,205.01,205.01,211.16
1987-09-04,204.06,204.06,211.16
1987-09-08,199.9,199.9,211.16
1987-09-09,201.6,201.6,211.16
1987-09-10,205.16,205.16,211.16
1987-09-11,206.37,206.37,211.16
1987-09-14,205.16,205.16,211.16
1987-09-15,202.25,202.25,211.16
1987-09-16,201.3,201.3,211.16
1987-09-17,202.06,202.06,211.16
1987-09-18,201.68,201.68,211.16
1987-09-21,197.26,197.26,211.16
1987-09-22,201.43,201.43,211.16
1987-09-23,204.07,204.07,211.16
1987-09-24,204.64,204.64,211.16
1987-09-25,205.12,205.12,211.16
1987-09-28,204.63,204.63,211.16
1987-09-29,204.15,204.15,211.16
1987-09-30,205.5,205.5,211.16
1987-10-01,209.71,209.71,211.16
1987-10-02,213.81,213.81,213.81
1987-10-05,212.15,212.15,213.81
1987-10-06,208.07,208.07,213.81
1987-10-07,206.89,206.89,213.81
1987-10-08,203.63,203.63,213.81
1987-10-09,202.47,202.47,213.81
1987-10-12,199.63,199.63,213.81
1987-10-13,201.23,201.23,213.81
1987-10-14,197.5,197.5,213.81
1987-10-15,193.06,193.06,213.81
1987-10-16,183.28,183.28,213.81
1987-10-19,155.65,155.65,213.81
1987-10-20,143.96,143.96,213.81
1987-10-21,158.78,158.78,213.81
1987-10-22,149.99,149.99,213.81
1987-10-23,145.42,145.42,213.81
1987-10-26,128.43,128.43,213.81
1987-10-27,129.87,129.87,213.81
1987-10-28,131.21,131.21,213.81
1987-10-29,144.0,144.0,213.81
1987-10-30,150.07,150.07,213.81
1987-11-02,152.19,152.19,213.81
1987-11-03,147.13,147.13,213.81
1987-11-04,147.94,147.94,213.81
1987-11-05,153.03,153.03,213.81
1987-11-06,150.68,150.68,213.81
1987-11-09,146.49,146.49,213.81
1987-11-10,143.44,143.44,213.81
1987-11-11,145.48,145.48,213.81
1987-11-12,149.84,149.84,213.81
1987-11-13,147.95,147.95,213.81
1987-11-16,147.46,147.46,213.81
1987-11-17,143.57,143.57,213.81
1987-11-18,144.84,144.84,213.81
1987-11-19,141.06,141.06,213.81
1987-11-20,140.84,140.84,213.81
1987-11-23,141.84,141.84,213.81
1987-11-24,144.66,144.66,213.81
1987-11-25,145.0,145.0,213.81
1987-11-27,143.35,143.35,213.81
1987-11-30,137.13,137.13,213.81
1987-12-01,137.16,137.16,213.81
1987-12-02,137.96,137.96,213.81
1987-12-03,132.95,132.95,213.81
1987-12-04,130.44,130.44,213.81
1987-12-07,133.15,133.15,213.81
1987-12-08,136.69,136.69,213.81
1987-12-09,139.76,139.76,213.81
1987-12-10,139.01,139.01,213.81
1987-12-11,139.82,139.82,213.81
1987-12-14,146.08,146.08,213.81
1987-12-15,146.89,146.89,213.81
1987-12-16,151.06,151.06,213.81
1987-12-17,149.91,149.91,213.81
1987-12-18,154.75,154.75,213.81
1987-12-21,156.02,156.02,213.81
1987-12-22,155.56,155.56,213.81
1987-12-23,158.06,158.06,213.81
1987-12-24,158.19,158.19,213.81
1987-12-28,152.78,152.78,213.81
1987-12-29,154.34,154.34,213.81
1987-12-30,157.28,157.28,213.81
1987-12-31,156.25,156.25,213.81
1988-01-04,161.81,161.81,213.81
1988-01-05,164.28,164.28,213.81
1988-01-06,166.18,166.18,213.81
1988-01-07,168.7,168.7,213.81
1988-01-08,158.19,158.19,213.81
1988-01-11,158.88,158.88,213.81
1988-01-12,155.72,155.72,213.81
1988-01-13,155.54,155.54,213.81
1988-01-14,156.03,156.03,213.81
1988-01-15,159.82,159.82,213.81
1988-01-18,159.03,159.03,213.81
1988-01-19,158.01,158.01,213.81
1988-01-20,152.47,152.47,213.81
1988-01-21,152.95,152.95,213.81
1988-01-22,154.35,154.35,213.81
1988-01-25,157.06,157.06,213.81
1988-01-26,155.23,155.23,213.81
1988-01-27,155.43,155.43,213.81
1988-01-28,157.66,157.66,213.81
1988-01-29,159.13,159.13,213.81
1988-02-01,158.62,158.62,213.81
1988-02-02,158.97,158.97,213.81
1988-02-03,156.58,156.58,213.81
1988-02-04,157.38,157.38,213.81
1988-02-05,158.01,158.01,213.81
1988-02-08,157.88,157.88,213.81
1988-02-09,158.93,158.93,213.81
1988-02-10,162.24,162.24,213.81
1988-02-11,162.96,162.96,213.81
1988-02-12,163.94,163.94,213.81
1988-02-16,165.54,165.54,213.81
1988-02-17,165.81,165.81,213.81
1988-02-18,165.75,165.75,213.81
1988-02-19,167.07,167.07,213.81
1988-02-22,170.2,170.2,213.81
1988-02-23,171.28,171.28,213.81
1988-02-24,172.47,172.47,213.81
1988-02-25,170.78,170.78,213.81
1988-02-26,170.65,170.65,213.81
1988-02-29,172.64,172.64,213.81
1988-03-01,172.63,172.63,213.81
1988-03-02,175.12,175.12,213.81
1988-03-03,176.5,176.5,213.81
1988-03-04,177.39,177.39,213.81
1988-03-07,178.47,178.47,213.81
1988-03-08,179.63,179.63,213.81
1988-03-09,181.24,181.24,213.81
1988-03-10,178.44,178.44,213.81
1988-03-11,177.89,177.89,213.81
1988-03-14,179.21,179.21,213.81
1988-03-15,178.31,178.31,213.81
1988-03-16,180.42,180.42,213.81
1988-03-17,181.24,181.24,213.81
1988-03-18,181.03,181.03,213.81
1988-03-21,178.9,178.9,213.81
1988-03-22,180.01,180.01,213.81
1988-03-23,179.25,179.25,213.81
1988-03-24,174.76,174.76,213.81
1988-03-25,172.88,172.88,213.81
1988-03-28,172.84,172.84,213.81
1988-03-29,173.66,173.66,213.81
1988-03-30,172.13,172.13,213.81
1988-03-31,173.26,173.26,213.81
1988-04-04,171.41,171.41,213.81
1988-04-05,172.9,172.9,213.81
1988-04-06,176.6,176.6,213.81
1988-04-07,177.33,177.33,213.81
1988-04-08,178.93,178.93,213.81
1988-04-11,179.94,179.94,213.81
1988-04-12,180.1,180.1,213.81
1988-04-13,180.38,180.38,213.81
1988-04-14,173.27,173.27,213.81
1988-04-15,173.13,173.13,213.81
1988-04-18,173.55,173.55,213.81
1988-04-19,174.35,174.35,213.81
1988-04-20,172.94,172.94,213.81
1988-04-21,172.07,172.07,213.81
1988-04-22,173.32,173.32,213.81
1988-04-25,174.4,174.4,213.81
1988-04-26,176.75,176.75,213.81
1988-04-27,177.21,177.21,213.81
1988-04-28,176.73,176.73,213.81
1988-04-29,175.92,175.92,213.81
1988-05-02,176.75,176.75,213.81
1988-05-03,179.0,179.0,213.81
1988-05-04,178.63,178.63,213.81
1988-05-05,177.68,177.68,213.81
1988-05-06,177.18,177.18,213.81
1988-05-09,174.93,174.93,213.81
1988-05-10,174.32,174.32,213.81
1988-05-11,170.8,170.8,213.81
1988-05-12,171.71,171.71,213.81
1988-05-13,173.84,173.84,213.81
1988-05-16,174.99,174.99,213.81
1988-05-17,174.07,174.07,213.81
1988-05-18,170.28,170.28,213.81
1988-05-19,170.34,170.34,213.81
1988-05-20,169.88,169.88,213.81
1988-05-23,167.65,167.65,213.81
1988-05-24,169.21,169.21,213.81
1988-05-25,169.01,169.01,213.81
1988-05-26,169.85,169.85,213.81
1988-05-27,169.59,169.59,213.81
1988-05-31,173.34,173.34,213.81
1988-06-01,176.68,176.68,213.81
1988-06-02,176.45,176.45,213.81
1988-06-03,178.0,178.0,213.81
1988-06-06,179.75,179.75,213.81
1988-06-07,179.76,179.76,213.81
1988-06-08,183.01,183.01,213.81
1988-06-09,182.78,182.78,213.81
1988-06-10,184.74,184.74,213.81
1988-06-13,184.74,184.74,213.81
1988-06-14,185.78,185.78,213.81
1988-06-15,186.1,186.1,213.81
1988-06-16,184.5,184.5,213.81
1988-06-17,183.94,183.94,213.81
1988-06-20,183.19,183.19,213.81
1988-06-21,184.79,184.79,213.81
1988-06-22,186.98,186.98,213.81
1988-06-23,187.18,187.18,213.81
1988-06-24,187.35,187.35,213.81
1988-06-27,185.12,185.12,213.81
1988-06-28,188.19,188.19,213.81
1988-06-29,187.78,187.78,213.81
1988-06-30,189.03,189.03,213.81
1988-07-01,189.96,189.96,213.81
1988-07-05,191.91,191.91,213.81
1988-07-06,190.43,190.43,213.81
1988-07-07,189.38,189.38,213.81
1988-07-08,188.15,188.15,213.81
1988-07-11,187.69,187.69,213.81
1988-07-12,187.24,187.24,213.81
1988-07-13,188.12,188.12,213.81
1988-07-14,188.68,188.68,213.81
1988-07-15,188.51,188.51,213.81
1988-07-18,188.79,188.79,213.81
1988-07-19,185.78,185.78,213.81
1988-07-20,185.25,185.25,213.81
1988-07-21,182.41,182.41,213.81
1988-07-22,181.86,181.86,213.81
1988-07-25,181.59,181.59,213.81
1988-07-26,179.71,179.71,213.81
1988-07-27,177.37,177.37,213.81
1988-07-28,178.22,178.22,213.81
1988-07-29,181.16,181.16,213.81
1988-08-01,181.44,181.44,213.81
1988-08-02,180.53,180.53,213.81
1988-08-03,181.07,181.07,213.81
1988-08-04,181.18,181.18,213.81
1988-08-05,179.9,179.9,213.81
1988-08-08,179.81,179.81,213.81
1988-08-09,177.27,177.27,213.81
1988-08-10,172.68,172.68,213.81
1988-08-11,174.63,174.63,213.81
1988-08-12,173.75,173.75,213.81
1988-08-15,170.09,170.09,213.81
1988-08-16,172.65,172.65,213.81
1988-08-17,172.91,172.91,213.81
1988-08-18,173.55,173.55,213.81
1988-08-19,172.81,172.81,213.81
1988-08-22,169.9,169.9,213.81
1988-08-23,169.6,169.6,213.81
1988-08-24,171.96,171.96,213.81
1988-08-25,170.53,170.53,213.81
1988-08-26,170.98,170.98,213.81
1988-08-29,172.76,172.76,213.81
1988-08-30,172.37,172.37,213.81
1988-08-31,171.0,171.0,213.81
1988-09-01,168.22,168.22,213.81
1988-09-02,171.47,171.47,213.81
1988-09-06,171.94,171.94,213.81
1988-09-07,172.09,172.09,213.81
1988-09-08,172.97,172.97,213.81
1988-09-09,175.48,175.48,213.81
1988-09-12,175.59,175.59,213.81
1988-09-13,175.87,175.87,213.81
1988-09-14,176.98,176.98,213.81
1988-09-15,175.41,175.41,213.81
1988-09-16,176.65,176.65,213.81
1988-09-19,176.11,176.11,213.81
1988-09-20,176.81,176.81,213.81
1988-09-21,177.81,177.81,213.81
1988-09-22,178.28,178.28,213.81
1988-09-23,177.47,177.47,213.81
1988-09-26,175.87,175.87,213.81
1988-09-27,175.8,175.8,213.81
1988-09-28,177.06,177.06,213.81
1988-09-29,178.82,178.82,213.81
1988-09-30,179.37,179.37,213.81
1988-10-03,176.79,176.79,213.81
1988-10-04,176.29,176.29,213.81
1988-10-05,175.86,175.86,213.81
1988-10-06,176.24,176.24,213.81
1988-10-07,176.0,176.0,213.81
1988-10-10,174.94,174.94,213.81
1988-10-11,175.63,175.63,213.81
1988-10-12,173.29,173.29,213.81
1988-10-13,174.84,174.84,213.81
1988-10-14,175.37,175.37,213.81
1988-10-17,175.78,175.78,213.81
1988-10-18,176.99,176.99,213.81
1988-10-19,176.99,176.99,213.81
1988-10-20,180.37,180.37,213.81
1988-10-21,179.74,179.74,213.81
1988-10-24,178.41,178.41,213.81
1988-10-25,177.4,177.4,213.81
1988-10-26,176.35,176.35,213.81
1988-10-27,174.28,174.28,213.81
1988-10-28,174.88,174.88,213.81
1988-10-31,174.78,174.78,213.81
1988-11-01,174.59,174.59,213.81
1988-11-02,174.01,174.01,213.81
1988-11-03,174.25,174.25,213.81
1988-11-04,173.56,173.56,213.81
1988-11-07,171.34,171.34,213.81
1988-11-08,173.75,173.75,213.81
1988-11-09,173.5,173.5,213.81
1988-11-10,173.28,173.28,213.81
1988-11-11,169.24,169.24,213.81
1988-11-14,168.96,168.96,213.81
1988-11-15,168.1,168.1,213.81
1988-11-16,165.53,165.53,213.81
1988-11-17,166.21,166.21,213.81
1988-11-18,166.53,166.53,213.81
1988-11-21,163.81,163.81,213.81
1988-11-22,164.35,164.35,213.81
1988-11-23,167.19,167.19,213.81
1988-11-25,165.72,165.72,213.81
1988-11-28,166.0,166.0,213.81
1988-11-29,167.17,167.17,213.81
1988-11-30,169.19,169.19,213.81
1988-12-01,171.33,171.33,213.81
1988-12-02,171.62,171.62,213.81
1988-12-05,172.85,172.85,213.81
1988-12-06,174.01,174.01,213.81
1988-12-07,172.84,172.84,213.81
1988-12-08,171.88,171.88,213.81
1988-12-09,171.79,171.79,213.81
1988-12-12,171.11,171.11,213.81
1988-12-13,170.25,170.25,213.81
1988-12-14,170.87,170.87,213.81
1988-12-15,171.62,171.62,213.81
1988-12-16,174.01,174.01,213.81
1988-12-19,175.39,175.39,213.81
1988-12-20,175.07,175.07,213.81
1988-12-21,174.66,174.66,213.81
1988-12-22,174.76,174.76,213.81
1988-12-23,175.61,175.61,213.81
1988-12-27,175.22,175.22,213.81
1988-12-28,175.13,175.13,213.81
1988-12-29,176.68,176.68,213.81
1988-12-30,177.41,177.41,213.81
1989-01-03,174.63,174.63,213.81
1989-01-04,177.56,177.56,213.81
1989-01-05,177.49,177.49,213.81
1989-01-06,177.52,177.52,213.81
1989-01-09,177.65,177.65,213.81
1989-01-10,177.06,177.06,213.81
1989-01-11,177.59,177.59,213.81
1989-01-12,179.0,179.0,213.81
1989-01-13,179.1,179.1,213.81
1989-01-16,179.2,179.2,213.81
1989-01-17,177.09,177.09,213.81
1989-01-18,178.65,178.65,213.81
1989-01-19,180.57,180.57,213.81
1989-01-20,180.32,180.32,213.81
1989-01-23,178.21,178.21,213.81
1989-01-24,180.18,180.18,213.81
1989-01-25,181.56,181.56,213.81
1989-01-26,184.0,184.0,213.81
1989-01-27,183.54,183.54,213.81
1989-01-30,184.78,184.78,213.81
1989-01-31,186.47,186.47,213.81
1989-02-01,188.37,188.37,213.81
1989-02-02,189.87,189.87,213.81
1989-02-03,189.97,189.97,213.81
1989-02-06,189.47,189.47,213.81
1989-02-07,192.06,192.06,213.81
1989-02-08,190.05,190.05,213.81
1989-02-09,188.69,188.69,213.81
1989-02-10,185.71,185.71,213.81
1989-02-13,185.91,185.91,213.81
1989-02-14,185.63,185.63,213.81
1989-02-15,187.41,187.41,213.81
1989-02-16,187.82,187.82,213.81
1989-02-17,188.51,188.51,213.81
1989-02-21,188.17,188.17,213.81
1989-02-22,185.76,185.76,213.81
1989-02-23,186.47,186.47,213.81
1989-02-24,184.59,184.59,213.81
1989-02-27,183.81,183.81,213.81
1989-02-28,183.79,183.79,213.81
1989-03-01,183.79,183.79,213.81
1989-03-02,185.46,185.46,213.81
1989-03-03,185.81,185.81,213.81
1989-03-06,187.5,187.5,213.81
1989-03-07,186.7,186.7,213.81
1989-03-08,186.25,186.25,213.81
1989-03-09,185.35,185.35,213.81
1989-03-10,185.0,185.0,213.81
1989-03-13,185.88,185.88,213.81
1989-03-14,185.35,185.35,213.81
1989-03-15,185.37,185.37,213.81
1989-03-16,187.13,187.13,213.81
1989-03-17,182.01,182.01,213.81
1989-03-20,179.88,179.88,213.81
1989-03-21,182.04,182.04,213.81
1989-03-22,180.59,180.59,213.81
1989-03-23,181.04,181.04,213.81
1989-03-27,181.15,181.15,213.81
1989-03-28,182.01,182.01,213.81
1989-03-29,183.34,183.34,213.81
1989-03-30,184.37,184.37,213.81
1989-03-31,185.87,185.87,213.81
1989-04-03,185.83,185.83,213.81
1989-04-04,185.53,185.53,213.81
1989-04-05,186.09,186.09,213.81
1989-04-06,186.2,186.2,213.81
1989-04-07,188.4,188.4,213.81
1989-04-10,189.28,189.28,213.81
1989-04-11,190.91,190.91,213.81
1989-04-12,192.53,192.53,213.81
1989-04-13,191.82,191.82,213.81
1989-04-14,194.63,194.63,213.81
1989-04-17,194.59,194.59,213.81
1989-04-18,196.83,196.83,213.81
1989-04-19,198.07,198.07,213.81
1989-04-20,197.65,197.65,213.81
1989-04-21,198.86,198.86,213.81
1989-04-24,198.31,198.31,213.81
1989-04-25,197.24,197.24,213.81
1989-04-26,197.25,197.25,213.81
1989-04-27,199.57,199.57,213.81
1989-04-28,200.47,200.47,213.81
1989-05-01,200.75,200.75,213.81
1989-05-02,200.75,200.75,213.81
1989-05-03,201.59,201.59,213.81
1989-05-04,202.09,202.09,213.81
1989-05-05,203.44,203.44,213.81
1989-05-08,203.04,203.04,213.81
1989-05-09,202.69,202.69,213.81
1989-05-10,203.01,203.01,213.81
1989-05-11,203.51,203.51,213.81
1989-05-12,207.16,207.16,213.81
1989-05-15,208.9,208.9,213.81
1989-05-16,208.25,208.25,213.81
1989-05-17,210.73,210.73,213.81
1989-05-18,211.06,211.06,213.81
1989-05-19,212.61,212.61,213.81
1989-05-22,212.37,212.37,213.81
1989-05-23,210.63,210.63,213.81
1989-05-24,211.99,211.99,213.81
1989-05-25,212.84,212.84,213.81
1989-05-26,214.44,214.44,214.44
1989-05-30,213.59,213.59,214.44
1989-05-31,214.54,214.54,214.54
1989-06-01,215.59,215.59,215.59
1989-06-02,217.79,217.79,217.79
1989-06-05,213.4,213.4,217.79
1989-06-06,214.4,214.4,217.79
1989-06-07,219.88,219.88,219.88
1989-06-08,219.39,219.39,219.88
1989-06-09,218.79,218.79,219.88
1989-06-12,218.6,218.6,219.88
1989-06-13,216.54,216.54,219.88
1989-06-14,216.66,216.66,219.88
1989-06-15,213.09,213.09,219.88
1989-06-16,212.81,212.81,219.88
1989-06-19,212.28,212.28,219.88
1989-06-20,211.04,211.04,219.88
1989-06-21,210.91,210.91,219.88
1989-06-22,212.22,212.22,219.88
1989-06-23,214.26,214.26,219.88
1989-06-26,213.62,213.62,219.88
1989-06-27,213.94,213.94,219.88
1989-06-28,211.07,211.07,219.88
1989-06-29,206.77,206.77,219.88
1989-06-30,204.59,204.59,219.88
1989-07-03,205.47,205.47,219.88
1989-07-05,206.37,206.37,219.88
1989-07-06,207.67,207.67,219.88
1989-07-07,209.58,209.58,219.88
1989-07-10,209.33,209.33,219.88
1989-07-11,209.94,209.94,219.88
1989-07-12,210.87,210.87,219.88
1989-07-13,211.48,211.48,219.88
1989-07-14,212.87,212.87,219.88
1989-07-17,213.74,213.74,219.88
1989-07-18,211.38,211.38,219.88
1989-07-19,213.61,213.61,219.88
1989-07-20,211.09,211.09,219.88
1989-07-21,210.87,210.87,219.88
1989-07-24,208.12,208.12,219.88
1989-07-25,208.01,208.01,219.88
1989-07-26,209.9,209.9,219.88
1989-07-27,212.75,212.75,219.88
1989-07-28,213.15,213.15,219.88
1989-07-31,214.28,214.28,219.88
1989-08-01,214.28,214.28,219.88
1989-08-02,212.84,212.84,219.88
1989-08-03,214.56,214.56,219.88
1989-08-04,215.14,215.14,219.88
1989-08-07,218.76,218.76,219.88
1989-08-08,219.73,219.73,219.88
1989-08-09,217.85,217.85,219.88
1989-08-10,217.42,217.42,219.88
1989-08-11,216.31,216.31,219.88
1989-08-14,214.81,214.81,219.88
1989-08-15,215.87,215.87,219.88
1989-08-16,214.87,214.87,219.88
1989-08-17,216.15,216.15,219.88
1989-08-18,216.72,216.72,219.88
1989-08-21,214.19,214.19,219.88
1989-08-22,215.38,215.38,219.88
1989-08-23,217.49,217.49,219.88
1989-08-24,220.4,220.4,220.4
1989-08-25,220.82,220.82,220.82
1989-08-28,221.46,221.46,221.46
1989-08-29,220.3,220.3,221.46
1989-08-30,221.4,221.4,221.46
1989-08-31,222.0,222.0,222.0
1989-09-01,223.51,223.51,223.51
1989-09-05,223.58,223.58,223.58
1989-09-06,221.67,221.67,223.58
1989-09-07,221.2,221.2,223.58
1989-09-08,222.66,222.66,223.58
1989-09-11,222.96,222.96,223.58
1989-09-12,224.32,224.32,224.32
1989-09-13,224.62,224.62,224.62
1989-09-14,222.41,222.41,224.62
1989-09-15,221.96,221.96,224.62
1989-09-18,221.75,221.75,224.62
1989-09-19,221.94,221.94,224.62
1989-09-20,222.31,222.31,224.62
1989-09-21,225.66,225.66,225.66
1989-09-22,223.89,223.89,225.66
1989-09-25,223.89,223.89,225.66
1989-09-26,223.87,223.87,225.66
1989-09-27,223.81,223.81,225.66
1989-09-28,226.25,226.25,226.25
1989-09-29,226.41,226.41,226.41
1989-10-02,228.11,228.11,228.11
1989-10-03,228.74,228.74,228.74
1989-10-04,230.9,230.9,230.9
1989-10-05,231.74,231.74,231.74
1989-10-06,234.41,234.41,234.41
1989-10-09,236.78,236.78,236.78
1989-10-10,236.09,236.09,236.78
1989-10-11,235.09,235.09,236.78
1989-10-12,234.54,234.54,236.78
1989-10-13,224.66,224.66,236.78
1989-10-16,224.94,224.94,236.78
1989-10-17,224.25,224.25,236.78
1989-10-18,226.53,226.53,236.78
1989-10-19,231.53,231.53,236.78
1989-10-20,231.05,231.05,236.78
1989-10-23,228.76,228.76,236.78
1989-10-24,226.18,226.18,236.78
1989-10-25,226.12,226.12,236.78
1989-10-26,222.06,222.06,236.78
1989-10-27,218.84,218.84,236.78
1989-10-30,219.07,219.07,236.78
1989-10-31,222.62,222.62,236.78
1989-11-01,223.31,223.31,236.78
1989-11-02,219.45,219.45,236.78
1989-11-03,219.06,219.06,236.78
1989-11-06,215.19,215.19,236.78
1989-11-07,217.65,217.65,236.78
1989-11-08,220.37,220.37,236.78
1989-11-09,220.65,220.65,236.78
1989-11-10,222.53,222.53,236.78
1989-11-13,222.75,222.75,236.78
1989-11-14,221.37,221.37,236.78
1989-11-15,222.34,222.34,236.78
1989-11-16,221.7,221.7,236.78
1989-11-17,222.63,222.63,236.78
1989-11-20,223.41,223.41,236.78
1989-11-21,222.76,222.76,236.78
1989-11-22,223.63,223.63,236.78
1989-11-24,224.84,224.84,236.78
1989-11-27,223.65,223.65,236.78
1989-11-28,223.59,223.59,236.78
1989-11-29,223.5,223.5,236.78
1989-11-30,224.44,224.44,236.78
1989-12-01,225.31,225.31,236.78
1989-12-04,226.72,226.72,236.78
1989-12-05,227.31,227.31,236.78
1989-12-06,224.16,224.16,236.78
1989-12-07,224.76,224.76,236.78
1989-12-08,224.03,224.03,236.78
1989-12-11,220.26,220.26,236.78
1989-12-12,217.81,217.81,236.78
1989-12-13,217.91,217.91,236.78
1989-12-14,216.35,216.35,236.78
1989-12-15,214.14,214.14,236.78
1989-12-18,210.85,210.85,236.78
1989-12-19,211.19,211.19,236.78
1989-12-20,213.24,213.24,236.78
1989-12-21,216.23,216.23,236.78
1989-12-22,217.63,217.63,236.78
1989-12-26,217.62,217.62,236.78
1989-12-27,221.57,221.57,236.78
1989-12-28,221.58,221.58,236.78
1989-12-29,223.84,223.84,236.78
1990-01-02,227.72,227.72,236.78
1990-01-03,226.1,226.1,236.78
1990-01-04,224.72,224.72,236.78
1990-01-05,223.14,223.14,236.78
1990-01-08,223.54,223.54,236.78
1990-01-09,221.18,221.18,236.78
1990-01-10,216.56,216.56,236.78
1990-01-11,213.5,213.5,236.78
1990-01-12,208.79,208.79,236.78
1990-01-15,207.62,207.62,236.78
1990-01-16,211.91,211.91,236.78
1990-01-17,210.6,210.6,236.78
1990-01-18,210.57,210.57,236.78
1990-01-19,213.91,213.91,236.78
1990-01-22,208.06,208.06,236.78
1990-01-23,207.48,207.48,236.78
1990-01-24,206.75,206.75,236.78
1990-01-25,205.78,205.78,236.78
1990-01-26,203.25,203.25,236.78
1990-01-29,202.06,202.06,236.78
1990-01-30,197.66,197.66,236.78
1990-01-31,201.94,201.94,236.78
1990-02-01,203.04,203.04,236.78
1990-02-02,205.62,205.62,236.78
1990-02-05,206.49,206.49,236.78
1990-02-06,205.07,205.07,236.78
1990-02-07,206.81,206.81,236.78
1990-02-08,207.25,207.25,236.78
1990-02-09,208.5,208.5,236.78
1990-02-12,206.88,206.88,236.78
1990-02-13,207.2,207.2,236.78
1990-02-14,208.06,208.06,236.78
1990-02-15,209.93,209.93,236.78
1990-02-16,208.35,208.35,236.78
1990-02-20,205.06,205.06,236.78
1990-02-21,204.75,204.75,236.78
1990-02-22,204.19,204.19,236.78
1990-02-23,201.79,201.79,236.78
1990-02-26,204.63,204.63,236.78
1990-02-27,205.78,205.78,236.78
1990-02-28,207.91,207.91,236.78
1990-03-01,209.1,209.1,236.78
1990-03-02,211.54,211.54,236.78
1990-03-05,210.39,210.39,236.78
1990-03-06,210.96,210.96,236.78
1990-03-07,210.16,210.16,236.78
1990-03-08,213.11,213.11,236.78
1990-03-09,213.82,213.82,236.78
1990-03-12,213.53,213.53,236.78
1990-03-13,211.51,211.51,236.78
1990-03-14,212.31,212.31,236.78
1990-03-15,213.48,213.48,236.78
1990-03-16,217.96,217.96,236.78
1990-03-19,219.87,219.87,236.78
1990-03-20,216.93,216.93,236.78
1990-03-21,215.85,215.85,236.78
1990-03-22,212.54,212.54,236.78
1990-03-23,214.49,214.49,236.78
1990-03-26,216.44,216.44,236.78
1990-03-27,217.47,217.47,236.78
1990-03-28,214.23,214.23,236.78
1990-03-29,213.11,213.11,236.78
1990-03-30,213.15,213.15,236.78
1990-04-02,212.67,212.67,236.78
1990-04-03,216.81,216.81,236.78
1990-04-04,215.48,215.48,236.78
1990-04-05,214.06,214.06,236.78
1990-04-06,212.47,212.47,236.78
1990-04-09,212.12,212.12,236.78
1990-04-10,213.22,213.22,236.78
1990-04-11,214.53,214.53,236.78
1990-04-12,216.04,216.04,236.78
1990-04-16,216.93,216.93,236.78
1990-04-17,216.5,216.5,236.78
1990-04-18,213.15,213.15,236.78
1990-04-19,210.87,210.87,236.78
1990-04-20,208.62,208.62,236.78
1990-04-23,205.63,205.63,236.78
1990-04-24,204.76,204.76,236.78
1990-04-25,205.58,205.58,236.78
1990-04-26,205.78,205.78,236.78
1990-04-27,203.67,203.67,236.78
1990-04-30,205.81,205.81,236.78
1990-05-01,207.04,207.04,236.78
1990-05-02,208.5,208.5,236.78
1990-05-03,210.09,210.09,236.78
1990-05-04,212.71,212.71,236.78
1990-05-07,215.03,215.03,236.78
1990-05-08,215.17,215.17,236.78
1990-05-09,215.43,215.43,236.78
1990-05-10,216.81,216.81,236.78
1990-05-11,220.89,220.89,236.78
1990-05-14,223.86,223.86,236.78
1990-05-15,224.49,224.49,236.78
1990-05-16,225.13,225.13,236.78
1990-05-17,226.64,226.64,236.78
1990-05-18,228.51,228.51,236.78
1990-05-21,232.22,232.22,236.78
1990-05-22,232.84,232.84,236.78
1990-05-23,236.06,236.06,236.78
1990-05-24,237.03,237.03,237.03
1990-05-25,232.2,232.2,237.03
1990-05-29,235.84,235.84,237.03
1990-05-30,236.35,236.35,237.03
1990-05-31,236.15,236.15,237.03
1990-06-01,237.88,237.88,237.88
1990-06-04,240.11,240.11,240.11
1990-06-05,237.84,237.84,240.11
1990-06-06,238.06,238.06,240.11
1990-06-07,237.38,237.38,240.11
1990-06-08,234.73,234.73,240.11
1990-06-11,236.95,236.95,240.11
1990-06-12,240.11,240.11,240.11
1990-06-13,242.06,242.06,242.06
1990-06-14,240.51,240.51,242.06
1990-06-15,240.78,240.78,242.06
1990-06-18,236.71,236.71,242.06
1990-06-19,236.78,236.78,242.06
1990-06-20,237.31,237.31,242.06
1990-06-21,238.15,238.15,242.06
1990-06-22,235.74,235.74,242.06
1990-06-25,232.91,232.91,242.06
1990-06-26,232.94,232.94,242.06
1990-06-27,234.95,234.95,242.06
1990-06-28,237.41,237.41,242.06
1990-06-29,238.46,238.46,242.06
1990-07-02,238.42,238.42,242.06
1990-07-03,238.19,238.19,242.06
1990-07-05,237.3,237.3,242.06
1990-07-06,238.47,238.47,242.06
1990-07-09,239.6,239.6,242.06
1990-07-10,238.66,238.66,242.06
1990-07-11,240.78,240.78,242.06
1990-07-12,243.43,243.43,243.43
1990-07-13,244.74,244.74,244.74
1990-07-16,246.18,246.18,246.18
1990-07-17,241.53,241.53,246.18
1990-07-18,238.22,238.22,246.18
1990-07-19,236.4,236.4,246.18
1990-07-20,232.44,232.44,246.18
1990-07-23,227.38,227.38,246.18
1990-07-24,226.49,226.49,246.18
1990-07-25,228.76,228.76,246.18
1990-07-26,227.2,227.2,246.18
1990-07-27,225.63,225.63,246.18
1990-07-30,223.92,223.92,246.18
1990-07-31,223.38,223.38,246.18
1990-08-01,223.12,223.12,246.18
1990-08-02,218.97,218.97,246.18
1990-08-03,212.6,212.6,246.18
1990-08-06,201.46,201.46,246.18
1990-08-07,202.66,202.66,246.18
1990-08-08,205.58,205.58,246.18
1990-08-09,209.13,209.13,246.18
1990-08-10,206.23,206.23,246.18
1990-08-13,207.42,207.42,246.18
1990-08-14,208.29,208.29,246.18
1990-08-15,208.47,208.47,246.18
1990-08-16,202.19,202.19,246.18
1990-08-17,196.84,196.84,246.18
1990-08-20,193.1,193.1,246.18
1990-08-21,188.25,188.25,246.18
1990-08-22,185.01,185.01,246.18
1990-08-23,178.29,178.29,246.18
1990-08-24,184.97,184.97,246.18
1990-08-27,193.97,193.97,246.18
1990-08-28,194.91,194.91,246.18
1990-08-29,192.91,192.91,246.18
1990-08-30,190.72,190.72,246.18
1990-08-31,193.62,193.62,246.18
1990-09-04,194.75,194.75,246.18
1990-09-05,193.81,193.81,246.18
1990-09-06,190.67,190.67,246.18
1990-09-07,191.8,191.8,246.18
1990-09-10,192.65,192.65,246.18
1990-09-11,190.97,190.97,246.18
1990-09-12,192.35,192.35,246.18
1990-09-13,189.72,189.72,246.18
1990-09-14,189.52,189.52,246.18
1990-09-17,189.6,189.6,246.18
1990-09-18,189.43,189.43,246.18
1990-09-19,188.78,188.78,246.18
1990-09-20,183.98,183.98,246.18
1990-09-21,183.2,183.2,246.18
1990-09-24,177.6,177.6,246.18
1990-09-25,180.71,180.71,246.18
1990-09-26,179.46,179.46,246.18
1990-09-27,174.19,174.19,246.18
1990-09-28,177.06,177.06,246.18
1990-10-01,184.74,184.74,246.18
1990-10-02,184.92,184.92,246.18
1990-10-03,180.5,180.5,246.18
1990-10-04,179.5,179.5,246.18
1990-10-05,178.37,178.37,246.18
1990-10-08,179.56,179.56,246.18
1990-10-09,173.63,173.63,246.18
1990-10-10,169.47,169.47,246.18
1990-10-11,165.19,165.19,246.18
1990-10-12,166.72,166.72,246.18
1990-10-15,169.35,169.35,246.18
1990-10-16,165.49,165.49,246.18
1990-10-17,167.27,167.27,246.18
1990-10-18,172.38,172.38,246.18
1990-10-19,174.62,174.62,246.18
1990-10-22,178.56,178.56,246.18
1990-10-23,178.4,178.4,246.18
1990-10-24,178.47,178.47,246.18
1990-10-25,177.34,177.34,246.18
1990-10-26,174.21,174.21,246.18
1990-10-29,171.75,171.75,246.18
1990-10-30,173.0,173.0,246.18
1990-10-31,172.56,172.56,246.18
1990-11-01,172.88,172.88,246.18
1990-11-02,176.87,176.87,246.18
1990-11-05,180.46,180.46,246.18
1990-11-06,180.26,180.26,246.18
1990-11-07,177.08,177.08,246.18
1990-11-08,177.71,177.71,246.18
1990-11-09,182.24,182.24,246.18
1990-11-12,188.67,188.67,246.18
1990-11-13,189.88,189.88,246.18
1990-11-14,192.45,192.45,246.18
1990-11-15,189.55,189.55,246.18
1990-11-16,184.96,184.96,246.18
1990-11-19,187.04,187.04,246.18
1990-11-20,183.31,183.31,246.18
1990-11-21,183.94,183.94,246.18
1990-11-23,184.28,184.28,246.18
1990-11-26,185.12,185.12,246.18
1990-11-27,189.18,189.18,246.18
1990-11-28,189.69,189.69,246.18
1990-11-29,191.11,191.11,246.18
1990-11-30,192.66,192.66,246.18
1990-12-03,194.53,194.53,246.18
1990-12-04,195.6,195.6,246.18
1990-12-05,199.03,199.03,246.18
1990-12-06,199.49,199.49,246.18
1990-12-07,199.34,199.34,246.18
1990-12-10,199.44,199.44,246.18
1990-12-11,196.56,196.56,246.18
1990-12-12,198.03,198.03,246.18
1990-12-13,198.03,198.03,246.18
1990-12-14,196.13,196.13,246.18
1990-12-17,195.06,195.06,246.18
1990-12-18,199.26,199.26,246.18
1990-12-19,200.41,200.41,246.18
1990-12-20,201.51,201.51,246.18
1990-12-21,202.75,202.75,246.18
1990-12-24,201.22,201.22,246.18
1990-12-26,200.57,200.57,246.18
1990-12-27,199.16,199.16,246.18
1990-12-28,199.42,199.42,246.18
1990-12-31,200.53,200.53,246.18
1991-01-02,199.76,199.76,246.18
1991-01-03,196.4,196.4,246.18
1991-01-04,196.82,196.82,246.18
1991-01-07,192.35,192.35,246.18
1991-01-08,192.09,192.09,246.18
1991-01-09,191.69,191.69,246.18
1991-01-10,196.08,196.08,246.18
1991-01-11,196.19,196.19,246.18
1991-01-14,193.77,193.77,246.18
1991-01-15,195.34,195.34,246.18
1991-01-16,202.96,202.96,246.18
1991-01-17,209.26,209.26,246.18
1991-01-18,211.5,211.5,246.18
1991-01-21,214.37,214.37,246.18
1991-01-22,211.97,211.97,246.18
1991-01-23,215.83,215.83,246.18
1991-01-24,219.78,219.78,246.18
1991-01-25,221.01,221.01,246.18
1991-01-28,222.24,222.24,246.18
1991-01-29,224.47,224.47,246.18
1991-01-30,229.28,229.28,246.18
1991-01-31,232.43,232.43,246.18
1991-02-01,234.45,234.45,246.18
1991-02-04,236.87,236.87,246.18
1991-02-05,241.56,241.56,246.18
1991-02-06,247.06,247.06,247.06
1991-02-07,243.43,243.43,247.06
1991-02-08,244.47,244.47,247.06
1991-02-11,249.31,249.31,249.31
1991-02-12,248.2,248.2,249.31
1991-02-13,250.34,250.34,250.34
1991-02-14,245.59,245.59,250.34
1991-02-15,248.34,248.34,250.34
1991-02-19,250.81,250.81,250.81
1991-02-20,247.76,247.76,250.81
1991-02-21,246.85,246.85,250.81
1991-02-22,248.63,248.63,250.81
1991-02-25,250.04,250.04,250.81
1991-02-26,247.81,247.81,250.81
1991-02-27,249.72,249.72,250.81
1991-02-28,250.12,250.12,250.81
1991-03-01,252.39,252.39,252.39
1991-03-04,253.38,253.38,253.38
1991-03-05,262.18,262.18,262.18
1991-03-06,263.15,263.15,263.15
1991-03-07,264.56,264.56,264.56
1991-03-08,262.86,262.86,264.56
1991-03-11,255.18,255.18,264.56
1991-03-12,250.67,250.67,264.56
1991-03-13,257.07,257.07,264.56
1991-03-14,255.79,255.79,264.56
1991-03-15,254.63,254.63,264.56
1991-03-18,255.63,255.63,264.56
1991-03-19,253.85,253.85,264.56
1991-03-20,256.09,256.09,264.56
1991-03-21,252.97,252.97,264.56
1991-03-22,252.27,252.27,264.56
1991-03-25,255.78,255.78,264.56
1991-03-26,264.67,264.67,264.67
1991-03-27,266.56,266.56,266.56
1991-03-28,264.9,264.9,266.56
1991-04-01,264.6,264.6,266.56
1991-04-02,273.85,273.85,273.85
1991-04-03,275.15,275.15,275.15
1991-04-04,277.29,277.29,277.29
1991-04-05,275.44,275.44,277.29
1991-04-08,275.65,275.65,277.29
1991-04-09,272.94,272.94,277.29
1991-04-10,271.06,271.06,277.29
1991-04-11,278.45,278.45,278.45
1991-04-12,279.2,279.2,279.2
1991-04-15,278.29,278.29,279.2
1991-04-16,282.03,282.03,282.03
1991-04-17,283.38,283.38,283.38
1991-04-18,277.78,277.78,283.38
1991-04-19,274.0,274.0,283.38
1991-04-22,271.32,271.32,283.38
1991-04-23,272.14,272.14,283.38
1991-04-24,274.54,274.54,283.38
1991-04-25,271.96,271.96,283.38
1991-04-26,271.3,271.3,283.38
1991-04-29,266.14,266.14,283.38
1991-04-30,263.65,263.65,283.38
1991-05-01,264.22,264.22,283.38
1991-05-02,266.51,266.51,283.38
1991-05-03,267.11,267.11,283.38
1991-05-06,267.33,267.33,283.38
1991-05-07,266.25,266.25,283.38
1991-05-08,267.17,267.17,283.38
1991-05-09,271.24,271.24,283.38
1991-05-10,268.71,268.71,283.38
1991-05-13,268.99,268.99,283.38
1991-05-14,266.09,266.09,283.38
1991-05-15,258.11,258.11,283.38
1991-05-16,260.69,260.69,283.38
1991-05-17,260.46,260.46,283.38
1991-05-20,258.62,258.62,283.38
1991-05-21,261.25,261.25,283.38
1991-05-22,265.69,265.69,283.38
1991-05-23,267.18,267.18,283.38
1991-05-24,269.5,269.5,283.38
1991-05-28,273.38,273.38,283.38
1991-05-29,274.36,274.36,283.38
1991-05-30,277.24,277.24,283.38
1991-05-31,279.0,279.0,283.38
1991-06-03,280.94,280.94,283.38
1991-06-04,281.13,281.13,283.38
1991-06-05,277.37,277.37,283.38
1991-06-06,274.21,274.21,283.38
1991-06-07,270.57,270.57,283.38
1991-06-10,268.38,268.38,283.38
1991-06-11,269.25,269.25,283.38
1991-06-12,265.29,265.29,283.38
1991-06-13,264.79,264.79,283.38
1991-06-14,267.8,267.8,283.38
1991-06-17,267.57,267.57,283.38
1991-06-18,265.48,265.48,283.38
1991-06-19,260.27,260.27,283.38
1991-06-20,260.56,260.56,283.38
1991-06-21,260.28,260.28,283.38
1991-06-24,250.88,250.88,283.38
1991-06-25,251.0,251.0,283.38
1991-06-26,252.45,252.45,283.38
1991-06-27,255.25,255.25,283.38
1991-06-28,254.19,254.19,283.38
1991-07-01,259.12,259.12,283.38
1991-07-02,256.09,256.09,283.38
1991-07-03,252.43,252.43,283.38
1991-07-05,251.97,251.97,283.38
1991-07-08,258.93,258.93,283.38
1991-07-09,260.68,260.68,283.38
1991-07-10,263.32,263.32,283.38
1991-07-11,263.84,263.84,283.38
1991-07-12,267.44,267.44,283.38
1991-07-15,268.9,268.9,283.38
1991-07-16,264.48,264.48,283.38
1991-07-17,263.38,263.38,283.38
1991-07-18,266.24,266.24,283.38
1991-07-19,266.93,266.93,283.38
1991-07-22,264.34,264.34,283.38
1991-07-23,259.32,259.32,283.38
1991-07-24,257.86,257.86,283.38
1991-07-25,261.2,261.2,283.38
1991-07-26,264.22,264.22,283.38
1991-07-29,264.63,264.63,283.38
1991-07-30,269.31,269.31,283.38
1991-07-31,272.15,272.15,283.38
1991-08-01,274.24,274.24,283.38
1991-08-02,275.47,275.47,283.38
1991-08-05,272.16,272.16,283.38
1991-08-06,274.74,274.74,283.38
1991-08-07,276.54,276.54,283.38
1991-08-08,278.76,278.76,283.38
1991-08-09,278.15,278.15,283.38
1991-08-12,280.25,280.25,283.38
1991-08-13,282.47,282.47,283.38
1991-08-14,284.73,284.73,284.73
1991-08-15,281.81,281.81,284.73
1991-08-16,279.51,279.51,284.73
1991-08-19,271.96,271.96,284.73
1991-08-20,274.2,274.2,284.73
1991-08-21,286.06,286.06,286.06
1991-08-22,284.56,284.56,286.06
1991-08-23,286.77,286.77,286.77
1991-08-26,286.7,286.7,286.77
1991-08-27,286.77,286.77,286.77
1991-08-28,289.88,289.88,289.88
1991-08-29,288.59,288.59,289.88
1991-08-30,287.4,287.4,289.88
1991-09-03,284.33,284.33,289.88
1991-09-04,281.81,281.81,289.88
1991-09-05,280.74,280.74,289.88
1991-09-06,279.96,279.96,289.88
1991-09-09,281.34,281.34,289.88
1991-09-10,276.38,276.38,289.88
1991-09-11,279.65,279.65,289.88
1991-09-12,285.55,285.55,289.88
1991-09-13,279.5,279.5,289.88
1991-09-16,278.57,278.57,289.88
1991-09-17,278.09,278.09,289.88
1991-09-18,281.04,281.04,289.88
1991-09-19,283.51,283.51,289.88
1991-09-20,286.63,286.63,289.88
1991-09-23,284.87,284.87,289.88
1991-09-24,287.35,287.35,289.88
1991-09-25,288.99,288.99,289.88
1991-09-26,287.92,287.92,289.88
1991-09-27,285.94,285.94,289.88
1991-09-30,287.54,287.54,289.88
1991-10-01,288.37,288.37,289.88
1991-10-02,285.06,285.06,289.88
1991-10-03,280.41,280.41,289.88
1991-10-04,280.51,280.51,289.88
1991-10-07,278.89,278.89,289.88
1991-10-08,280.02,280.02,289.88
1991-10-09,276.51,276.51,289.88
1991-10-10,279.12,279.12,289.88
1991-10-11,281.5,281.5,289.88
1991-10-14,287.17,287.17,289.88
1991-10-15,293.31,293.31,293.31
1991-10-16,297.65,297.65,297.65
1991-10-17,292.46,292.46,297.65
1991-10-18,293.11,293.11,297.65
1991-10-21,290.86,290.86,297.65
1991-10-22,290.79,290.79,297.65
1991-10-23,289.35,289.35,297.65
1991-10-24,285.65,285.65,297.65
1991-10-25,282.94,282.94,297.65
1991-10-28,286.38,286.38,297.65
1991-10-29,290.08,290.08,297.65
1991-10-30,294.72,294.72,297.65
1991-10-31,292.5,292.5,297.65
1991-11-01,290.0,290.0,297.65
1991-11-04,286.94,286.94,297.65
1991-11-05,289.05,289.05,297.65
1991-11-06,289.43,289.43,297.65
1991-11-07,292.88,292.88,297.65
1991-11-08,295.55,295.55,297.65
1991-11-11,297.85,297.85,297.85
1991-11-12,301.96,301.96,301.96
1991-11-13,302.83,302.83,302.83
1991-11-14,301.05,301.05,302.83
1991-11-15,284.52,284.52,302.83
1991-11-18,288.59,288.59,302.83
1991-11-19,284.39,284.39,302.83
1991-11-20,285.2,285.2,302.83
1991-11-21,288.61,288.61,302.83
1991-11-22,286.32,286.32,302.83
1991-11-25,283.01,283.01,302.83
1991-11-26,284.13,284.13,302.83
1991-11-27,285.23,285.23,302.83
1991-11-29,284.79,284.79,302.83
1991-12-02,293.93,293.93,302.83
1991-12-03,293.94,293.94,302.83
1991-12-04,295.11,295.11,302.83
1991-12-05,294.33,294.33,302.83
1991-12-06,296.14,296.14,302.83
1991-12-09,295.77,295.77,302.83
1991-12-10,296.32,296.32,302.83
1991-12-11,294.84,294.84,302.83
1991-12-12,297.98,297.98,302.83
1991-12-13,301.33,301.33,302.83
1991-12-16,303.02,303.02,303.02
1991-12-17,298.88,298.88,303.02
1991-12-18,299.61,299.61,303.02
1991-12-19,294.53,294.53,303.02
1991-12-20,295.82,295.82,303.02
1991-12-23,303.3,303.3,303.3
1991-12-24,307.08,307.08,307.08
1991-12-26,313.68,313.68,313.68
1991-12-27,316.77,316.77,316.77
1991-12-30,326.74,326.74,326.74
1991-12-31,330.86,330.86,330.86
1992-01-02,333.37,333.37,333.37
1992-01-03,334.82,334.82,334.82
1992-01-06,336.89,336.89,336.89
1992-01-07,339.64,339.64,339.64
1992-01-08,344.29,344.29,344.29
1992-01-09,350.32,350.32,350.32
1992-01-10,347.11,347.11,350.32
1992-01-13,348.26,348.26,350.32
1992-01-14,352.59,352.59,352.59
1992-01-15,355.6,355.6,355.6
1992-01-16,351.93,351.93,355.6
1992-01-17,349.73,349.73,355.6
1992-01-20,341.81,341.81,355.6
1992-01-21,331.92,331.92,355.6
1992-01-22,346.32,346.32,355.6
1992-01-23,346.07,346.07,355.6
1992-01-24,345.45,345.45,355.6
1992-01-27,340.48,340.48,355.6
1992-01-28,340.85,340.85,355.6
1992-01-29,337.29,337.29,355.6
1992-01-30,341.19,341.19,355.6
1992-01-31,338.31,338.31,355.6
1992-02-03,341.38,341.38,355.6
1992-02-04,346.92,346.92,355.6
1992-02-05,350.86,350.86,355.6
1992-02-06,349.07,349.07,355.6
1992-02-07,346.81,346.81,355.6
1992-02-10,345.24,345.24,355.6
1992-02-11,344.4,344.4,355.6
1992-02-12,355.98,355.98,355.98
1992-02-13,349.81,349.81,355.98
1992-02-14,346.69,346.69,355.98
1992-02-18,338.55,338.55,355.98
1992-02-19,338.06,338.06,355.98
1992-02-20,345.33,345.33,355.98
1992-02-21,342.39,342.39,355.98
1992-02-24,338.96,338.96,355.98
1992-02-25,338.33,338.33,355.98
1992-02-26,347.81,347.81,355.98
1992-02-27,347.39,347.39,355.98
1992-02-28,345.88,345.88,355.98
1992-03-02,346.63,346.63,355.98
1992-03-03,345.7,345.7,355.98
1992-03-04,341.61,341.61,355.98
1992-03-05,337.52,337.52,355.98
1992-03-06,333.0,333.0,355.98
1992-03-09,333.31,333.31,355.98
1992-03-10,340.32,340.32,355.98
1992-03-11,335.05,335.05,355.98
1992-03-12,334.83,334.83,355.98
1992-03-13,336.47,336.47,355.98
1992-03-16,338.27,338.27,355.98
1992-03-17,342.92,342.92,355.98
1992-03-18,342.63,342.63,355.98
1992-03-19,342.55,342.55,355.98
1992-03-20,340.87,340.87,355.98
1992-03-23,339.04,339.04,355.98
1992-03-24,339.04,339.04,355.98
1992-03-25,337.65,337.65,355.98
1992-03-26,333.3,333.3,355.98
1992-03-27,324.22,324.22,355.98
1992-03-30,322.35,322.35,355.98
1992-03-31,323.05,323.05,355.98
1992-04-01,323.92,323.92,355.98
1992-04-02,317.67,317.67,355.98
1992-04-03,316.38,316.38,355.98
1992-04-06,324.55,324.55,355.98
1992-04-07,312.95,312.95,355.98
1992-04-08,310.85,310.85,355.98
1992-04-09,319.54,319.54,355.98
1992-04-10,312.99,312.99,355.98
1992-04-13,317.15,317.15,355.98
1992-04-14,320.55,320.55,355.98
1992-04-15,326.07,326.07,355.98
1992-04-16,319.24,319.24,355.98
1992-04-20,307.88,307.88,355.98
1992-04-21,305.63,305.63,355.98
1992-04-22,309.54,309.54,355.98
1992-04-23,307.52,307.52,355.98
1992-04-24,303.81,303.81,355.98
1992-04-27,299.65,299.65,355.98
1992-04-28,294.63,294.63,355.98
1992-04-29,302.98,302.98,355.98
1992-04-30,307.86,307.86,355.98
1992-05-01,307.48,307.48,355.98
1992-05-04,310.71,310.71,355.98
1992-05-05,314.77,314.77,355.98
1992-05-06,315.11,315.11,355.98
1992-05-07,312.73,312.73,355.98
1992-05-08,311.26,311.26,355.98
1992-05-11,311.9,311.9,355.98
1992-05-12,310.04,310.04,355.98
1992-05-13,308.75,308.75,355.98
1992-05-14,304.55,304.55,355.98
1992-05-15,303.01,303.01,355.98
1992-05-18,304.57,304.57,355.98
1992-05-19,306.41,306.41,355.98
1992-05-20,309.55,309.55,355.98
1992-05-21,307.94,307.94,355.98
1992-05-22,308.38,308.38,355.98
1992-05-26,305.89,305.89,355.98
1992-05-27,308.07,308.07,355.98
1992-05-28,311.98,311.98,355.98
1992-05-29,315.3,315.3,355.98
1992-06-01,318.98,318.98,355.98
1992-06-02,317.24,317.24,355.98
1992-06-03,317.34,317.34,355.98
1992-06-04,315.94,315.94,355.98
1992-06-05,313.25,313.25,355.98
1992-06-08,310.23,310.23,355.98
1992-06-09,304.86,304.86,355.98
1992-06-10,302.6,302.6,355.98
1992-06-11,302.57,302.57,355.98
1992-06-12,304.11,304.11,355.98
1992-06-15,303.87,303.87,355.98
1992-06-16,299.2,299.2,355.98
1992-06-17,293.4,293.4,355.98
1992-06-18,291.94,291.94,355.98
1992-06-19,296.87,296.87,355.98
1992-06-22,295.25,295.25,355.98
1992-06-23,297.44,297.44,355.98
1992-06-24,295.29,295.29,355.98
1992-06-25,291.25,291.25,355.98
1992-06-26,290.03,290.03,355.98
1992-06-29,300.8,300.8,355.98
1992-06-30,301.23,301.23,355.98
1992-07-01,306.03,306.03,355.98
1992-07-02,300.88,300.88,355.98
1992-07-06,302.4,302.4,355.98
1992-07-07,296.26,296.26,355.98
1992-07-08,297.56,297.56,355.98
1992-07-09,302.19,302.19,355.98
1992-07-10,302.83,302.83,355.98
1992-07-13,304.98,304.98,355.98
1992-07-14,309.25,309.25,355.98
1992-07-15,309.39,309.39,355.98
1992-07-16,311.28,311.28,355.98
1992-07-17,305.54,305.54,355.98
1992-07-20,300.44,300.44,355.98
1992-07-21,305.1,305.1,355.98
1992-07-22,301.17,301.17,355.98
1992-07-23,302.5,302.5,355.98
1992-07-24,303.43,303.43,355.98
1992-07-27,301.84,301.84,355.98
1992-07-28,306.75,306.75,355.98
1992-07-29,310.11,310.11,355.98
1992-07-30,310.94,310.94,355.98
1992-07-31,310.89,310.89,355.98
1992-08-03,312.75,312.75,355.98
1992-08-04,311.07,311.07,355.98
1992-08-05,306.58,306.58,355.98
1992-08-06,304.56,304.56,355.98
1992-08-07,303.31,303.31,355.98
1992-08-10,304.23,304.23,355.98
1992-08-11,302.51,302.51,355.98
1992-08-12,300.95,300.95,355.98
1992-08-13,301.27,301.27,355.98
1992-08-14,302.23,302.23,355.98
1992-08-17,300.38,300.38,355.98
1992-08-18,300.44,300.44,355.98
1992-08-19,298.31,298.31,355.98
1992-08-20,299.43,299.43,355.98
1992-08-21,295.69,295.69,355.98
1992-08-24,290.71,290.71,355.98
1992-08-25,292.08,292.08,355.98
1992-08-26,296.2,296.2,355.98
1992-08-27,299.46,299.46,355.98
1992-08-28,299.13,299.13,355.98
1992-08-31,299.26,299.26,355.98
1992-09-01,301.97,301.97,355.98
1992-09-02,306.56,306.56,355.98
1992-09-03,308.17,308.17,355.98
1992-09-04,306.39,306.39,355.98
1992-09-08,305.77,305.77,355.98
1992-09-09,309.99,309.99,355.98
1992-09-10,314.81,314.81,355.98
1992-09-11,315.19,315.19,355.98
1992-09-14,324.63,324.63,355.98
1992-09-15,319.88,319.88,355.98
1992-09-16,318.44,318.44,355.98
1992-09-17,319.24,319.24,355.98
1992-09-18,319.91,319.91,355.98
1992-09-21,319.25,319.25,355.98
1992-09-22,314.27,314.27,355.98
1992-09-23,315.81,315.81,355.98
1992-09-24,317.54,317.54,355.98
1992-09-25,310.23,310.23,355.98
1992-09-28,307.87,307.87,355.98
1992-09-29,310.65,310.65,355.98
1992-09-30,313.19,313.19,355.98
1992-10-01,309.04,309.04,355.98
1992-10-02,304.39,304.39,355.98
1992-10-05,303.69,303.69,355.98
1992-10-06,307.96,307.96,355.98
1992-10-07,305.38,305.38,355.98
1992-10-08,308.35,308.35,355.98
1992-10-09,305.63,305.63,355.98
1992-10-12,308.11,308.11,355.98
1992-10-13,310.13,310.13,355.98
1992-10-14,309.58,309.58,355.98
1992-10-15,312.13,312.13,355.98
1992-10-16,316.38,316.38,355.98
1992-10-19,322.79,322.79,355.98
1992-10-20,323.38,323.38,355.98
1992-10-21,326.07,326.07,355.98
1992-10-22,326.1,326.1,355.98
1992-10-23,325.44,325.44,355.98
1992-10-26,327.17,327.17,355.98
1992-10-27,323.93,323.93,355.98
1992-10-28,326.68,326.68,355.98
1992-10-29,331.09,331.09,355.98
1992-10-30,329.15,329.15,355.98
1992-11-02,330.33,330.33,355.98
1992-11-03,325.96,325.96,355.98
1992-11-04,327.76,327.76,355.98
1992-11-05,336.49,336.49,355.98
1992-11-06,338.14,338.14,355.98
1992-11-09,340.58,340.58,355.98
1992-11-10,344.39,344.39,355.98
1992-11-11,347.86,347.86,355.98
1992-11-12,346.8,346.8,355.98
1992-11-13,348.49,348.49,355.98
1992-11-16,344.63,344.63,355.98
1992-11-17,338.23,338.23,355.98
1992-11-18,344.31,344.31,355.98
1992-11-19,346.75,346.75,355.98
1992-11-20,348.81,348.81,355.98
1992-11-23,343.44,343.44,355.98
1992-11-24,349.98,349.98,355.98
1992-11-25,349.66,349.66,355.98
1992-11-27,349.31,349.31,355.98
1992-11-30,350.96,350.96,355.98
1992-12-01,352.67,352.67,355.98
1992-12-02,351.57,351.57,355.98
1992-12-03,354.79,354.79,355.98
1992-12-04,358.4,358.4,358.4
1992-12-07,361.83,361.83,361.83
1992-12-08,360.57,360.57,361.83
1992-12-09,357.81,357.81,361.83
1992-12-10,354.56,354.56,361.83
1992-12-11,350.89,350.89,361.83
1992-12-14,349.4,349.4,361.83
1992-12-15,346.94,346.94,361.83
1992-12-16,348.95,348.95,361.83
1992-12-17,356.85,356.85,361.83
1992-12-18,357.89,357.89,361.83
1992-12-21,359.33,359.33,361.83
1992-12-22,355.64,355.64,361.83
1992-12-23,356.5,356.5,361.83
1992-12-24,357.56,357.56,361.83
1992-12-28,359.06,359.06,361.83
1992-12-29,359.81,359.81,361.83
1992-12-30,359.94,359.94,361.83
1992-12-31,360.19,360.19,361.83
1993-01-04,356.37,356.37,361.83
1993-01-05,360.24,360.24,361.83
1993-01-06,366.97,366.97,366.97
1993-01-07,364.02,364.02,366.97
1993-01-08,365.54,365.54,366.97
1993-01-11,370.81,370.81,370.81
1993-01-12,367.91,367.91,370.81
1993-01-13,375.85,375.85,375.85
1993-01-14,381.34,381.34,381.34
1993-01-15,379.24,379.24,381.34
1993-01-18,378.76,378.76,381.34
1993-01-19,376.02,376.02,381.34
1993-01-20,375.73,375.73,381.34
1993-01-21,379.34,379.34,381.34
1993-01-22,377.82,377.82,381.34
1993-01-25,381.06,381.06,381.34
1993-01-26,379.38,379.38,381.34
1993-01-27,372.61,372.61,381.34
1993-01-28,370.67,370.67,381.34
1993-01-29,370.56,370.56,381.34
1993-02-01,375.48,375.48,381.34
1993-02-02,377.44,377.44,381.34
1993-02-03,376.54,376.54,381.34
1993-02-04,374.25,374.25,381.34
1993-02-05,369.0,369.0,381.34
1993-02-08,365.73,365.73,381.34
1993-02-09,362.95,362.95,381.34
1993-02-10,367.3,367.3,381.34
1993-02-11,366.33,366.33,381.34
1993-02-12,361.19,361.19,381.34
1993-02-16,346.89,346.89,381.34
1993-02-17,345.91,345.91,381.34
1993-02-18,348.28,348.28,381.34
1993-02-19,347.92,347.92,381.34
1993-02-22,340.35,340.35,381.34
1993-02-23,341.24,341.24,381.34
1993-02-24,350.13,350.13,381.34
1993-02-25,351.67,351.67,381.34
1993-02-26,351.14,351.14,381.34
1993-03-01,349.1,349.1,381.34
1993-03-02,356.21,356.21,381.34
1993-03-03,359.96,359.96,381.34
1993-03-04,355.53,355.53,381.34
1993-03-05,355.57,355.57,381.34
1993-03-08,359.44,359.44,381.34
1993-03-09,359.4,359.4,381.34
1993-03-10,361.26,361.26,381.34
1993-03-11,361.74,361.74,381.34
1993-03-12,362.65,362.65,381.34
1993-03-15,364.32,364.32,381.34
1993-03-16,363.61,363.61,381.34
1993-03-17,355.66,355.66,381.34
1993-03-18,355.5,355.5,381.34
1993-03-19,351.56,351.56,381.34
1993-03-22,349.42,349.42,381.34
1993-03-23,348.14,348.14,381.34
1993-03-24,348.51,348.51,381.34
1993-03-25,354.38,354.38,381.34
1993-03-26,352.65,352.65,381.34
1993-03-29,351.41,351.41,381.34
1993-03-30,357.72,357.72,381.34
1993-03-31,359.42,359.42,381.34
1993-04-01,354.34,354.34,381.34
1993-04-02,341.18,341.18,381.34
1993-04-05,344.71,344.71,381.34
1993-04-06,340.56,340.56,381.34
1993-04-07,345.19,345.19,381.34
1993-04-08,341.56,341.56,381.34
1993-04-12,349.01,349.01,381.34
1993-04-13,345.87,345.87,381.34
1993-04-14,346.49,346.49,381.34
1993-04-15,343.9,343.9,381.34
1993-04-16,340.65,340.65,381.34
1993-04-19,337.46,337.46,381.34
1993-04-20,339.06,339.06,381.34
1993-04-21,340.2,340.2,381.34
1993-04-22,338.48,338.48,381.34
1993-04-23,333.66,333.66,381.34
1993-04-26,327.28,327.28,381.34
1993-04-27,334.6,334.6,381.34
1993-04-28,339.66,339.66,381.34
1993-04-29,338.98,338.98,381.34
1993-04-30,339.95,339.95,381.34
1993-05-03,344.97,344.97,381.34
1993-05-04,353.28,353.28,381.34
1993-05-05,355.35,355.35,381.34
1993-05-06,351.72,351.72,381.34
1993-05-07,353.23,353.23,381.34
1993-05-10,354.85,354.85,381.34
1993-05-11,353.01,353.01,381.34
1993-05-12,350.96,350.96,381.34
1993-05-13,347.71,347.71,381.34
1993-05-14,349.8,349.8,381.34
1993-05-17,352.67,352.67,381.34
1993-05-18,356.0,356.0,381.34
1993-05-19,364.68,364.68,381.34
1993-05-20,370.46,370.46,381.34
1993-05-21,366.67,366.67,381.34
1993-05-24,367.09,367.09,381.34
1993-05-25,366.22,366.22,381.34
1993-05-26,374.35,374.35,381.34
1993-05-27,372.73,372.73,381.34
1993-05-28,368.11,368.11,381.34
1993-06-01,372.53,372.53,381.34
1993-06-02,372.69,372.69,381.34
1993-06-03,372.06,372.06,381.34
1993-06-04,368.63,368.63,381.34
1993-06-07,364.36,364.36,381.34
1993-06-08,360.74,360.74,381.34
1993-06-09,360.25,360.25,381.34
1993-06-10,359.55,359.55,381.34
1993-06-11,363.08,363.08,381.34
1993-06-14,367.15,367.15,381.34
1993-06-15,366.98,366.98,381.34
1993-06-16,365.02,365.02,381.34
1993-06-17,364.01,364.01,381.34
1993-06-18,357.96,357.96,381.34
1993-06-21,357.87,357.87,381.34
1993-06-22,356.2,356.2,381.34
1993-06-23,354.94,354.94,381.34
1993-06-24,357.83,357.83,381.34
1993-06-25,362.23,362.23,381.34
1993-06-28,368.45,368.45,381.34
1993-06-29,365.96,365.96,381.34
1993-06-30,366.13,366.13,381.34
1993-07-01,363.73,363.73,381.34
1993-07-02,364.22,364.22,381.34
1993-07-06,360.8,360.8,381.34
1993-07-07,357.87,357.87,381.34
1993-07-08,360.7,360.7,381.34
1993-07-09,362.46,362.46,381.34
1993-07-12,362.87,362.87,381.34
1993-07-13,361.98,361.98,381.34
1993-07-14,363.74,363.74,381.34
1993-07-15,360.47,360.47,381.34
1993-07-16,351.07,351.07,381.34
1993-07-19,349.06,349.06,381.34
1993-07-20,355.76,355.76,381.34
1993-07-21,352.64,352.64,381.34
1993-07-22,348.35,348.35,381.34
1993-07-23,353.21,353.21,381.34
1993-07-26,356.41,356.41,381.34
1993-07-27,352.02,352.02,381.34
1993-07-28,356.81,356.81,381.34
1993-07-29,357.33,357.33,381.34
1993-07-30,352.87,352.87,381.34
1993-08-02,355.25,355.25,381.34
1993-08-03,356.23,356.23,381.34
1993-08-04,360.12,360.12,381.34
1993-08-05,362.41,362.41,381.34
1993-08-06,363.15,363.15,381.34
1993-08-09,362.3,362.3,381.34
1993-08-10,358.65,358.65,381.34
1993-08-11,359.74,359.74,381.34
1993-08-12,359.41,359.41,381.34
1993-08-13,360.46,360.46,381.34
1993-08-16,370.6,370.6,381.34
1993-08-17,374.16,374.16,381.34
1993-08-18,375.82,375.82,381.34
1993-08-19,370.27,370.27,381.34
1993-08-20,370.87,370.87,381.34
1993-08-23,370.49,370.49,381.34
1993-08-24,371.0,371.0,381.34
1993-08-25,367.96,367.96,381.34
1993-08-26,364.67,364.67,381.34
1993-08-27,366.5,366.5,381.34
1993-08-30,369.31,369.31,381.34
1993-08-31,372.65,372.65,381.34
1993-09-01,374.16,374.16,381.34
1993-09-02,374.57,374.57,381.34
1993-09-03,373.71,373.71,381.34
1993-09-07,366.68,366.68,381.34
1993-09-08,364.85,364.85,381.34
1993-09-09,368.3,368.3,381.34
1993-09-10,370.64,370.64,381.34
1993-09-13,367.59,367.59,381.34
1993-09-14,364.2,364.2,381.34
1993-09-15,367.32,367.32,381.34
1993-09-16,365.74,365.74,381.34
1993-09-17,366.19,366.19,381.34
1993-09-20,367.46,367.46,381.34
1993-09-21,365.65,365.65,381.34
1993-09-22,374.0,374.0,381.34
1993-09-23,377.07,377.07,381.34
1993-09-24,378.04,378.04,381.34
1993-09-27,382.51,382.51,382.51
1993-09-28,386.02,386.02,386.02
1993-09-29,386.89,386.89,386.89
1993-09-30,382.72,382.72,386.89
1993-10-01,382.81,382.81,386.89
1993-10-04,384.3,384.3,386.89
1993-10-05,381.28,381.28,386.89
1993-10-06,380.42,380.42,386.89
1993-10-07,378.0,378.0,386.89
1993-10-08,381.32,381.32,386.89
1993-10-11,380.66,380.66,386.89
1993-10-12,382.57,382.57,386.89
1993-10-13,386.3,386.3,386.89
1993-10-14,391.99,391.99,391.99
1993-10-15,392.45,392.45,392.45
1993-10-18,389.85,389.85,392.45
1993-10-19,382.73,382.73,392.45
1993-10-20,383.93,383.93,392.45
1993-10-21,387.36,387.36,392.45
1993-10-22,388.19,388.19,392.45
1993-10-25,387.41,387.41,392.45
1993-10-26,384.6,384.6,392.45
1993-10-27,390.25,390.25,392.45
1993-10-28,389.25,389.25,392.45
1993-10-29,390.99,390.99,392.45
1993-11-01,395.03,395.03,395.03
1993-11-02,395.32,395.32,395.32
1993-11-03,387.93,387.93,395.32
1993-11-04,377.47,377.47,395.32
1993-11-05,383.64,383.64,395.32
1993-11-08,384.85,384.85,395.32
1993-11-09,385.92,385.92,395.32
1993-11-10,392.99,392.99,395.32
1993-11-11,394.66,394.66,395.32
1993-11-12,395.18,395.18,395.32
1993-11-15,391.12,391.12,395.32
1993-11-16,393.38,393.38,395.32
1993-11-17,385.8,385.8,395.32
1993-11-18,381.74,381.74,395.32
1993-11-19,380.57,380.57,395.32
1993-11-22,373.37,373.37,395.32
1993-11-23,381.22,381.22,395.32
1993-11-24,385.04,385.04,395.32
1993-11-26,386.32,386.32,395.32
1993-11-29,383.19,383.19,395.32
1993-11-30,386.76,386.76,395.32
1993-12-01,392.95,392.95,395.32
1993-12-02,396.17,396.17,396.17
1993-12-03,401.78,401.78,401.78
1993-12-06,399.01,399.01,401.78
1993-12-07,396.99,396.99,401.78
1993-12-08,394.81,394.81,401.78
1993-12-09,387.25,387.25,401.78
1993-12-10,386.96,386.96,401.78
1993-12-13,387.78,387.78,401.78
1993-12-14,382.83,382.83,401.78
1993-12-15,384.95,384.95,401.78
1993-12-16,386.18,386.18,401.78
1993-12-17,389.04,389.04,401.78
1993-12-20,389.72,389.72,401.78
1993-12-21,388.51,388.51,401.78
1993-12-22,388.41,388.41,401.78
1993-12-23,390.32,390.32,401.78
1993-12-27,391.84,391.84,401.78
1993-12-28,394.74,394.74,401.78
1993-12-29,395.38,395.38,401.78
1993-12-30,397.73,397.73,401.78
1993-12-31,398.28,398.28,401.78
1994-01-03,395.53,395.53,401.78
1994-01-04,398.19,398.19,401.78
1994-01-05,401.07,401.07,401.78
1994-01-06,404.21,404.21,404.21
1994-01-07,404.78,404.78,404.78
1994-01-10,408.91,408.91,408.91
1994-01-11,407.85,407.85,408.91
1994-01-12,408.47,408.47,408.91
1994-01-13,408.0,408.0,408.91
1994-01-14,411.75,411.75,411.75
1994-01-17,410.79,410.79,411.75
1994-01-18,410.95,410.95,411.75
1994-01-19,406.38,406.38,411.75
1994-01-20,411.53,411.53,411.75
1994-01-21,411.59,411.59,411.75
1994-01-24,409.23,409.23,411.75
1994-01-25,406.48,406.48,411.75
1994-01-26,407.19,407.19,411.75
1994-01-27,409.93,409.93,411.75
1994-01-28,412.52,412.52,412.52
1994-01-31,413.99,413.99,413.99
1994-02-01,410.22,410.22,413.99
1994-02-02,411.78,411.78,413.99
1994-02-03,410.05,410.05,413.99
1994-02-04,397.48,397.48,413.99
1994-02-07,399.62,399.62,413.99
1994-02-08,401.46,401.46,413.99
1994-02-09,403.91,403.91,413.99
1994-02-10,401.31,401.31,413.99
1994-02-11,401.83,401.83,413.99
1994-02-14,405.11,405.11,413.99
1994-02-15,408.28,408.28,413.99
1994-02-16,408.74,408.74,413.99
1994-02-17,407.39,407.39,413.99
1994-02-18,407.94,407.94,413.99
1994-02-22,410.48,410.48,413.99
1994-02-23,408.91,408.91,413.99
1994-02-24,402.79,402.79,413.99
1994-02-25,406.45,406.45,413.99
1994-02-28,412.17,412.17,413.99
1994-03-01,409.69,409.69,413.99
1994-03-02,408.18,408.18,413.99
1994-03-03,408.17,408.17,413.99
1994-03-04,411.99,411.99,413.99
1994-03-07,415.3,415.3,415.3
1994-03-08,411.97,411.97,415.3
1994-03-09,413.08,413.08,415.3
1994-03-10,409.77,409.77,415.3
1994-03-11,409.43,409.43,415.3
1994-03-14,412.93,412.93,415.3
1994-03-15,412.83,412.83,415.3
1994-03-16,415.31,415.31,415.31
1994-03-17,418.45,418.45,418.45
1994-03-18,417.52,417.52,418.45
1994-03-21,412.99,412.99,418.45
1994-03-22,410.67,410.67,418.45
1994-03-23,410.5,410.5,418.45
1994-03-24,403.92,403.92,418.45
1994-03-25,399.86,399.86,418.45
1994-03-28,393.92,393.92,418.45
1994-03-29,383.0,383.0,418.45
1994-03-30,380.25,380.25,418.45
1994-03-31,382.96,382.96,418.45
1994-04-04,375.42,375.42,418.45
1994-04-05,389.31,389.31,418.45
1994-04-06,388.76,388.76,418.45
1994-04-07,390.97,390.97,418.45
1994-04-08,384.9,384.9,418.45
1994-04-11,383.85,383.85,418.45
1994-04-12,375.46,375.46,418.45
1994-04-13,367.25,367.25,418.45
1994-04-14,365.65,365.65,418.45
1994-04-15,366.29,366.29,418.45
1994-04-18,360.46,360.46,418.45
1994-04-19,357.36,357.36,418.45
1994-04-20,355.38,355.38,418.45
1994-04-21,367.02,367.02,418.45
1994-04-22,369.08,369.08,418.45
1994-04-25,374.79,374.79,418.45
1994-04-26,375.46,375.46,418.45
1994-04-28,372.45,372.45,418.45
1994-04-29,373.25,373.25,418.45
1994-05-02,379.82,379.82,418.45
1994-05-03,377.07,377.07,418.45
1994-05-04,377.53,377.53,418.45
1994-05-05,378.23,378.23,418.45
1994-05-06,374.57,374.57,418.45
1994-05-09,368.0,368.0,418.45
1994-05-10,370.02,370.02,418.45
1994-05-11,365.18,365.18,418.45
1994-05-12,366.64,366.64,418.45
1994-05-13,364.82,364.82,418.45
1994-05-16,360.49,360.49,418.45
1994-05-17,360.5,360.5,418.45
1994-05-18,368.59,368.59,418.45
1994-05-19,371.71,371.71,418.45
1994-05-20,370.37,370.37,418.45
1994-05-23,369.89,369.89,418.45
1994-05-24,377.0,377.0,418.45
1994-05-25,378.24,378.24,418.45
1994-05-26,375.8,375.8,418.45
1994-05-27,376.81,376.81,418.45
1994-05-31,378.85,378.85,418.45
1994-06-01,379.23,379.23,418.45
1994-06-02,380.66,380.66,418.45
1994-06-03,382.78,382.78,418.45
1994-06-06,382.8,382.8,418.45
1994-06-07,379.99,379.99,418.45
1994-06-08,371.0,371.0,418.45
1994-06-09,370.3,370.3,418.45
1994-06-10,374.64,374.64,418.45
1994-06-13,371.88,371.88,418.45
1994-06-14,377.38,377.38,418.45
1994-06-15,377.78,377.78,418.45
1994-06-16,377.8,377.8,418.45
1994-06-17,371.94,371.94,418.45
1994-06-20,367.83,367.83,418.45
1994-06-21,360.98,360.98,418.45
1994-06-22,363.23,363.23,418.45
1994-06-23,353.49,353.49,418.45
1994-06-24,351.76,351.76,418.45
1994-06-27,361.16,361.16,418.45
1994-06-28,362.05,362.05,418.45
1994-06-29,362.73,362.73,418.45
1994-06-30,360.3,360.3,418.45
1994-07-01,360.03,360.03,418.45
1994-07-05,356.91,356.91,418.45
1994-07-06,353.62,353.62,418.45
1994-07-07,359.23,359.23,418.45
1994-07-08,359.31,359.31,418.45
1994-07-11,358.79,358.79,418.45
1994-07-12,361.31,361.31,418.45
1994-07-13,369.14,369.14,418.45
1994-07-14,367.52,367.52,418.45
1994-07-15,367.24,367.24,418.45
1994-07-18,368.18,368.18,418.45
1994-07-19,364.72,364.72,418.45
1994-07-20,359.53,359.53,418.45
1994-07-21,362.21,362.21,418.45
1994-07-22,365.06,365.06,418.45
1994-07-25,366.11,366.11,418.45
1994-07-26,364.01,364.01,418.45
1994-07-27,361.81,361.81,418.45
1994-07-28,362.14,362.14,418.45
1994-07-29,370.16,370.16,418.45
1994-08-01,373.58,373.58,418.45
1994-08-02,372.78,372.78,418.45
1994-08-03,370.48,370.48,418.45
1994-08-04,367.55,367.55,418.45
1994-08-05,367.15,367.15,418.45
1994-08-08,368.89,368.89,418.45
1994-08-09,370.66,370.66,418.45
1994-08-10,373.93,373.93,418.45
1994-08-11,374.49,374.49,418.45
1994-08-12,376.96,376.96,418.45
1994-08-15,377.08,377.08,418.45
1994-08-16,380.53,380.53,418.45
1994-08-17,386.9,386.9,418.45
1994-08-18,385.63,385.63,418.45
1994-08-19,384.12,384.12,418.45
1994-08-22,382.81,382.81,418.45
1994-08-23,386.74,386.74,418.45
1994-08-24,388.44,388.44,418.45
1994-08-25,391.49,391.49,418.45
1994-08-26,399.26,399.26,418.45
1994-08-29,398.44,398.44,418.45
1994-08-30,401.74,401.74,418.45
1994-08-31,397.9,397.9,418.45
1994-09-01,391.61,391.61,418.45
1994-09-02,391.41,391.41,418.45
1994-09-06,393.69,393.69,418.45
1994-09-07,397.05,397.05,418.45
1994-09-08,400.75,400.75,418.45
1994-09-09,394.84,394.84,418.45
1994-09-12,391.67,391.67,418.45
1994-09-13,396.69,396.69,418.45
1994-09-14,397.79,397.79,418.45
1994-09-15,407.1,407.1,418.45
1994-09-16,404.47,404.47,418.45
1994-09-19,403.88,403.88,418.45
1994-09-20,396.85,396.85,418.45
1994-09-21,393.71,393.71,418.45
1994-09-22,393.55,393.55,418.45
1994-09-23,390.2,390.2,418.45
1994-09-26,388.9,388.9,418.45
1994-09-27,389.33,389.33,418.45
1994-09-28,391.97,391.97,418.45
1994-09-29,391.22,391.22,418.45
1994-09-30,393.85,393.85,418.45
1994-10-03,392.72,392.72,418.45
1994-10-04,382.71,382.71,418.45
1994-10-05,386.99,386.99,418.45
1994-10-06,382.85,382.85,418.45
1994-10-07,387.36,387.36,418.45
1994-10-10,392.85,392.85,418.45
1994-10-11,400.29,400.29,418.45
1994-10-12,399.85,399.85,418.45
1994-10-13,399.86,399.86,418.45
1994-10-14,398.8,398.8,418.45
1994-10-17,396.85,396.85,418.45
1994-10-18,398.0,398.0,418.45
1994-10-19,403.73,403.73,418.45
1994-10-20,402.99,402.99,418.45
1994-10-21,400.52,400.52,418.45
1994-10-24,398.79,398.79,418.45
1994-10-25,398.48,398.48,418.45
1994-10-26,403.83,403.83,418.45
1994-10-27,405.62,405.62,418.45
1994-10-28,411.84,411.84,418.45
1994-10-31,413.05,413.05,418.45
1994-11-01,410.06,410.06,418.45
1994-11-02,408.91,408.91,418.45
1994-11-03,408.17,408.17,418.45
1994-11-04,401.46,401.46,418.45
1994-11-07,400.19,400.19,418.45
1994-11-08,407.44,407.44,418.45
1994-11-09,408.32,408.32,418.45
1994-11-10,406.12,406.12,418.45
1994-11-11,404.78,404.78,418.45
1994-11-14,412.17,412.17,418.45
1994-11-15,411.78,411.78,418.45
1994-11-16,412.72,412.72,418.45
1994-11-17,410.98,410.98,418.45
1994-11-18,412.43,412.43,418.45
1994-11-21,409.28,409.28,418.45
1994-11-22,397.93,397.93,418.45
1994-11-23,397.17,397.17,418.45
1994-11-25,401.17,401.17,418.45
1994-11-28,403.82,403.82,418.45
1994-11-29,409.1,409.1,418.45
1994-11-30,404.82,404.82,418.45
1994-12-01,398.56,398.56,418.45
1994-12-02,402.04,402.04,418.45
1994-12-05,402.71,402.71,418.45
1994-12-06,399.98,399.98,418.45
1994-12-07,395.75,395.75,418.45
1994-12-08,386.3,386.3,418.45
1994-12-09,388.63,388.63,418.45
1994-12-12,388.88,388.88,418.45
1994-12-13,387.53,387.53,418.45
1994-12-14,391.65,391.65,418.45
1994-12-15,393.7,393.7,418.45
1994-12-16,392.01,392.01,418.45
1994-12-19,390.42,390.42,418.45
1994-12-20,390.61,390.61,418.45
1994-12-21,397.8,397.8,418.45
1994-12-22,399.8,399.8,418.45
1994-12-23,401.15,401.15,418.45
1994-12-27,404.03,404.03,418.45
1994-12-28,400.26,400.26,418.45
1994-12-29,406.31,406.31,418.45
1994-12-30,404.27,404.27,418.45
1995-01-03,398.0,398.0,418.45
1995-01-04,399.65,399.65,418.45
1995-01-05,398.02,398.02,418.45
1995-01-06,401.59,401.59,418.45
1995-01-09,403.53,403.53,418.45
1995-01-10,407.57,407.57,418.45
1995-01-11,407.1,407.1,418.45
1995-01-12,407.32,407.32,418.45
1995-01-13,410.48,410.48,418.45
1995-01-16,413.65,413.65,418.45
1995-01-17,416.89,416.89,418.45
1995-01-18,419.26,419.26,419.26
1995-01-19,417.83,417.83,419.26
1995-01-20,410.13,410.13,419.26
1995-01-23,411.89,411.89,419.26
1995-01-24,413.6,413.6,419.26
1995-01-25,410.87,410.87,419.26
1995-01-26,406.5,406.5,419.26
1995-01-27,407.22,407.22,419.26
1995-01-30,401.71,401.71,419.26
1995-01-31,405.33,405.33,419.26
1995-02-01,407.06,407.06,419.26
1995-02-02,411.15,411.15,419.26
1995-02-03,416.14,416.14,419.26
1995-02-06,420.93,420.93,420.93
1995-02-07,420.57,420.57,420.93
1995-02-08,425.66,425.66,425.66
1995-02-09,426.43,426.43,426.43
1995-02-10,430.77,430.77,430.77
1995-02-13,428.77,428.77,430.77
1995-02-14,429.81,429.81,430.77
1995-02-15,432.49,432.49,432.49
1995-02-16,430.86,430.86,432.49
1995-02-17,425.66,425.66,432.49
1995-02-21,424.82,424.82,432.49
1995-02-22,429.21,429.21,432.49
1995-02-23,431.03,431.03,432.49
1995-02-24,428.42,428.42,432.49
1995-02-27,424.75,424.75,432.49
1995-02-28,432.5,432.5,432.5
1995-03-01,429.8,429.8,432.5
1995-03-02,431.68,431.68,432.5
1995-03-03,436.68,436.68,436.68
1995-03-06,437.24,437.24,437.24
1995-03-07,432.12,432.12,437.24
1995-03-08,437.01,437.01,437.24
1995-03-09,437.02,437.02,437.24
1995-03-10,441.76,441.76,441.76
1995-03-13,440.82,440.82,441.76
1995-03-14,446.27,446.27,446.27
1995-03-15,443.57,443.57,446.27
1995-03-16,444.68,444.68,446.27
1995-03-17,443.94,443.94,446.27
1995-03-20,446.61,446.61,446.61
1995-03-21,447.13,447.13,447.13
1995-03-22,447.13,447.13,447.13
1995-03-23,448.82,448.82,448.82
1995-03-24,455.43,455.43,455.43
1995-03-27,457.12,457.12,457.12
1995-03-28,460.54,460.54,460.54
1995-03-29,451.87,451.87,460.54
1995-03-30,448.42,448.42,460.54
1995-03-31,447.15,447.15,460.54
1995-04-03,448.49,448.49,460.54
1995-04-04,441.86,441.86,460.54
1995-04-05,444.66,444.66,460.54
1995-04-06,439.92,439.92,460.54
1995-04-07,444.01,444.01,460.54
1995-04-10,449.36,449.36,460.54
1995-04-11,453.33,453.33,460.54
1995-04-12,456.98,456.98,460.54
1995-04-13,458.93,458.93,460.54
1995-04-17,457.06,457.06,460.54
1995-04-18,453.43,453.43,460.54
1995-04-19,447.06,447.06,460.54
1995-04-20,449.01,449.01,460.54
1995-04-21,451.34,451.34,460.54
1995-04-24,456.41,456.41,460.54
1995-04-25,459.1,459.1,460.54
1995-04-26,463.03,463.03,463.03
1995-04-27,465.34,465.34,465.34
1995-04-28,469.56,469.56,469.56
1995-05-01,466.05,466.05,469.56
1995-05-02,465.38,465.38,469.56
1995-05-03,474.93,474.93,474.93
1995-05-04,474.1,474.1,474.93
1995-05-05,470.3,470.3,474.93
1995-05-08,476.78,476.78,476.78
1995-05-09,476.0,476.0,476.78
1995-05-10,472.88,472.88,476.78
1995-05-11,479.57,479.57,479.57
1995-05-12,483.19,483.19,483.19
1995-05-15,486.34,486.34,486.34
1995-05-16,491.04,491.04,491.04
1995-05-17,494.69,494.69,494.69
1995-05-18,488.02,488.02,494.69
1995-05-19,489.87,489.87,494.69
1995-05-22,495.09,495.09,495.09
1995-05-23,503.12,503.12,503.12
1995-05-24,500.5,500.5,503.12
1995-05-25,501.66,501.66,503.12
1995-05-26,496.06,496.06,503.12
1995-05-30,482.08,482.08,503.12
1995-05-31,488.1,488.1,503.12
1995-06-01,490.96,490.96,503.12
1995-06-02,492.65,492.65,503.12
1995-06-05,500.81,500.81,503.12
1995-06-06,495.12,495.12,503.12
1995-06-07,497.15,497.15,503.12
1995-06-08,500.86,500.86,503.12
1995-06-09,500.41,500.41,503.12
1995-06-12,501.69,501.69,503.12
1995-06-13,505.32,505.32,505.32
1995-06-14,506.09,506.09,506.09
1995-06-15,511.99,511.99,511.99
1995-06-16,517.57,517.57,517.57
1995-06-19,530.53,530.53,530.53
1995-06-20,539.55,539.55,539.55
1995-06-21,535.52,535.52,539.55
1995-06-22,546.06,546.06,546.06
1995-06-23,544.66,544.66,546.06
1995-06-26,536.49,536.49,546.06
1995-06-27,527.84,527.84,546.06
1995-06-28,530.65,530.65,546.06
1995-06-29,536.21,536.21,546.06
1995-06-30,538.03,538.03,546.06
1995-07-03,538.97,538.97,546.06
1995-07-05,543.39,543.39,546.06
1995-07-06,553.87,553.87,553.87
1995-07-07,567.56,567.56,567.56
1995-07-10,573.56,573.56,573.56
1995-07-11,563.98,563.98,573.56
1995-07-12,579.71,579.71,579.71
1995-07-13,583.25,583.25,583.25
1995-07-14,589.85,589.85,589.85
1995-07-17,596.91,596.91,596.91
1995-07-18,578.47,578.47,596.91
1995-07-19,557.03,557.03,596.91
1995-07-20,550.33,550.33,596.91
1995-07-21,547.78,547.78,596.91
1995-07-24,562.64,562.64,596.91
1995-07-25,572.71,572.71,596.91
1995-07-26,576.84,576.84,596.91
1995-07-27,584.25,584.25,596.91
1995-07-28,574.18,574.18,596.91
1995-07-31,568.88,568.88,596.91
1995-08-01,559.21,559.21,596.91
1995-08-02,551.56,551.56,596.91
1995-08-03,553.06,553.06,596.91
1995-08-04,560.58,560.58,596.91
1995-08-07,563.65,563.65,596.91
1995-08-08,565.71,565.71,596.91
1995-08-09,575.49,575.49,596.91
1995-08-10,569.75,569.75,596.91
1995-08-11,575.64,575.64,596.91
1995-08-14,584.73,584.73,596.91
1995-08-15,584.05,584.05,596.91
1995-08-16,596.43,596.43,596.91
1995-08-17,596.28,596.28,596.91
1995-08-18,595.52,595.52,596.91
1995-08-21,578.89,578.89,596.91
1995-08-22,589.25,589.25,596.91
1995-08-23,591.32,591.32,596.91
1995-08-24,583.16,583.16,596.91
1995-08-25,580.1,580.1,596.91
1995-08-28,566.05,566.05,596.91
1995-08-29,566.82,566.82,596.91
1995-08-30,572.83,572.83,596.91
1995-08-31,576.77,576.77,596.91
1995-09-01,573.21,573.21,596.91
1995-09-05,595.36,595.36,596.91
1995-09-06,594.12,594.12,596.91
1995-09-07,599.14,599.14,599.14
1995-09-08,604.27,604.27,604.27
1995-09-11,609.75,609.75,609.75
1995-09-12,605.99,605.99,609.75
1995-09-13,607.7,607.7,609.75
1995-09-14,604.12,604.12,609.75
1995-09-15,589.01,589.01,609.75
1995-09-18,591.13,591.13,609.75
1995-09-19,601.02,601.02,609.75
1995-09-20,603.19,603.19,609.75
1995-09-21,594.85,594.85,609.75
1995-09-22,592.64,592.64,609.75
1995-09-25,587.93,587.93,609.75
1995-09-26,580.77,580.77,609.75
1995-09-27,576.22,576.22,609.75
1995-09-28,595.44,595.44,609.75
1995-09-29,585.08,585.08,609.75
1995-10-02,573.87,573.87,609.75
1995-10-03,573.16,573.16,609.75
1995-10-04,558.99,558.99,609.75
1995-10-05,572.75,572.75,609.75
1995-10-06,567.42,567.42,609.75
1995-10-09,546.93,546.93,609.75
1995-10-10,550.76,550.76,609.75
1995-10-11,564.33,564.33,609.75
1995-10-12,573.1,573.1,609.75
1995-10-13,570.0,570.0,609.75
1995-10-16,568.46,568.46,609.75
1995-10-17,589.43,589.43,609.75
1995-10-18,597.97,597.97,609.75
1995-10-19,601.26,601.26,609.75
1995-10-20,591.75,591.75,609.75
1995-10-23,593.27,593.27,609.75
1995-10-24,594.23,594.23,609.75
1995-10-25,584.33,584.33,609.75
1995-10-26,582.47,582.47,609.75
1995-10-27,593.53,593.53,609.75
1995-10-30,607.1,607.1,609.75
1995-10-31,598.78,598.78,609.75
1995-11-01,600.91,600.91,609.75
1995-11-02,614.69,614.69,614.69
1995-11-03,621.71,621.71,621.71
1995-11-06,615.72,615.72,621.71
1995-11-07,596.23,596.23,621.71
1995-11-08,598.72,598.72,621.71
1995-11-09,616.95,616.95,621.71
1995-11-10,613.61,613.61,621.71
1995-11-13,608.32,608.32,621.71
1995-11-14,591.68,591.68,621.71
1995-11-15,593.48,593.48,621.71
1995-11-16,591.7,591.7,621.71
1995-11-17,588.81,588.81,621.71
1995-11-20,571.67,571.67,621.71
1995-11-21,574.22,574.22,621.71
1995-11-22,569.04,569.04,621.71
1995-11-24,578.32,578.32,621.71
1995-11-27,573.91,573.91,621.71
1995-11-28,598.0,598.0,621.71
1995-11-29,599.58,599.58,621.71
1995-11-30,593.72,593.72,621.71
1995-12-01,587.02,587.02,621.71
1995-12-04,598.0,598.0,621.71
1995-12-05,591.23,591.23,621.71
1995-12-06,589.98,589.98,621.71
1995-12-07,587.13,587.13,621.71
1995-12-08,599.38,599.38,621.71
1995-12-11,596.11,596.11,621.71
1995-12-12,585.04,585.04,621.71
1995-12-13,587.54,587.54,621.71
1995-12-14,566.29,566.29,621.71
1995-12-15,563.28,563.28,621.71
1995-12-18,548.04,548.04,621.71
1995-12-19,575.01,575.01,621.71
1995-12-20,565.15,565.15,621.71
1995-12-21,580.76,580.76,621.71
1995-12-22,585.18,585.18,621.71
1995-12-26,585.09,585.09,621.71
1995-12-27,580.37,580.37,621.71
1995-12-28,571.96,571.96,621.71
1995-12-29,576.23,576.23,621.71
1996-01-02,585.94,585.94,621.71
1996-01-03,572.29,572.29,621.71
1996-01-04,563.48,563.48,621.71
1996-01-05,565.14,565.14,621.71
1996-01-08,563.15,563.15,621.71
1996-01-09,534.42,534.42,621.71
1996-01-10,535.29,535.29,621.71
1996-01-11,555.2,555.2,621.71
1996-01-12,552.71,552.71,621.71
1996-01-15,534.44,534.44,621.71
1996-01-16,546.05,546.05,621.71
1996-01-17,545.51,545.51,621.71
1996-01-18,554.32,554.32,621.71
1996-01-19,564.64,564.64,621.71
1996-01-22,571.25,571.25,621.71
1996-01-23,567.35,567.35,621.71
1996-01-24,582.14,582.14,621.71
1996-01-25,572.26,572.26,621.71
1996-01-26,577.05,577.05,621.71
1996-01-29,576.23,576.23,621.71
1996-01-30,583.99,583.99,621.71
1996-01-31,591.82,591.82,621.71
1996-02-01,601.88,601.88,621.71
1996-02-02,601.42,601.42,621.71
1996-02-05,615.47,615.47,621.71
1996-02-06,619.2,619.2,621.71
1996-02-07,615.07,615.07,621.71
1996-02-08,623.8,623.8,623.8
1996-02-09,623.01,623.01,623.8
1996-02-12,625.29,625.29,625.29
1996-02-13,618.54,618.54,625.29
1996-02-14,617.59,617.59,625.29
1996-02-15,620.23,620.23,625.29
1996-02-16,619.04,619.04,625.29
1996-02-20,616.83,616.83,625.29
1996-02-21,627.28,627.28,627.28
1996-02-22,643.41,643.41,643.41
1996-02-23,642.59,642.59,643.41
1996-02-26,637.92,637.92,643.41
1996-02-27,631.1,631.1,643.41
1996-02-28,631.44,631.44,643.41
1996-02-29,622.83,622.83,643.41
1996-03-01,604.76,604.76,643.41
1996-03-04,601.5,601.5,643.41
1996-03-05,615.88,615.88,643.41
1996-03-06,607.84,607.84,643.41
1996-03-07,609.55,609.55,643.41
1996-03-08,591.71,591.71,643.41
1996-03-11,605.48,605.48,643.41
1996-03-12,599.02,599.02,643.41
1996-03-13,614.75,614.75,643.41
1996-03-14,610.56,610.56,643.41
1996-03-15,621.71,621.71,643.41
1996-03-18,633.26,633.26,643.41
1996-03-19,629.39,629.39,643.41
1996-03-20,615.26,615.26,643.41
1996-03-21,611.51,611.51,643.41
1996-03-22,612.88,612.88,643.41
1996-03-25,597.82,597.82,643.41
1996-03-26,602.08,602.08,643.41
1996-03-27,608.06,608.06,643.41
1996-03-28,608.08,608.08,643.41
1996-03-29,609.69,609.69,643.41
1996-04-01,612.99,612.99,643.41
1996-04-02,615.81,615.81,643.41
1996-04-03,618.57,618.57,643.41
1996-04-04,618.0,618.0,643.41
1996-04-08,610.61,610.61,643.41
1996-04-09,611.06,611.06,643.41
1996-04-10,609.11,609.11,643.41
1996-04-11,604.07,604.07,643.41
1996-04-12,605.05,605.05,643.41
1996-04-15,611.08,611.08,643.41
1996-04-16,625.94,625.94,643.41
1996-04-17,620.71,620.71,643.41
1996-04-18,633.44,633.44,643.41
1996-04-19,633.01,633.01,643.41
1996-04-22,644.29,644.29,644.29
1996-04-23,654.49,654.49,654.49
1996-04-24,664.01,664.01,664.01
1996-04-25,666.68,666.68,666.68
1996-04-26,666.65,666.65,666.68
1996-04-29,667.0,667.0,667.0
1996-04-30,666.73,666.73,667.0
1996-05-01,673.36,673.36,673.36
1996-05-02,656.73,656.73,673.36
1996-05-03,661.07,661.07,673.36
1996-05-06,662.93,662.93,673.36
1996-05-07,660.82,660.82,673.36
1996-05-08,663.53,663.53,673.36
1996-05-09,662.54,662.54,673.36
1996-05-10,672.54,672.54,673.36
1996-05-13,688.52,688.52,688.52
1996-05-14,695.43,695.43,695.43
1996-05-15,690.16,690.16,695.43
1996-05-16,695.25,695.25,695.43
1996-05-17,690.81,690.81,695.43
1996-05-20,693.27,693.27,695.43
1996-05-21,687.86,687.86,695.43
1996-05-22,688.43,688.43,695.43
1996-05-23,692.09,692.09,695.43
1996-05-24,688.91,688.91,695.43
1996-05-28,685.07,685.07,695.43
1996-05-29,677.09,677.09,695.43
1996-05-30,684.04,684.04,695.43
1996-05-31,692.39,692.39,695.43
1996-06-03,689.25,689.25,695.43
1996-06-04,692.59,692.59,695.43
1996-06-05,699.35,699.35,699.35
1996-06-06,687.01,687.01,699.35
1996-06-07,691.46,691.46,699.35
1996-06-10,688.84,688.84,699.35
1996-06-11,690.94,690.94,699.35
1996-06-12,697.16,697.16,699.35
1996-06-13,691.84,691.84,699.35
1996-06-14,681.13,681.13,699.35
1996-06-17,678.44,678.44,699.35
1996-06-18,666.07,666.07,699.35
1996-06-19,667.72,667.72,699.35
1996-06-20,664.45,664.45,699.35
1996-06-21,672.53,672.53,699.35
1996-06-24,677.17,677.17,699.35
1996-06-25,668.04,668.04,699.35
1996-06-26,659.69,659.69,699.35
1996-06-27,671.15,671.15,699.35
1996-06-28,677.3,677.3,699.35
1996-07-01,687.07,687.07,699.35
1996-07-02,680.17,680.17,699.35
1996-07-03,673.84,673.84,699.35
1996-07-05,657.68,657.68,699.35
1996-07-08,656.0,656.0,699.35
1996-07-09,660.76,660.76,699.35
1996-07-10,657.45,657.45,699.35
1996-07-11,635.78,635.78,699.35
1996-07-12,635.06,635.06,699.35
1996-07-15,606.89,606.89,699.35
1996-07-16,614.25,614.25,699.35
1996-07-17,631.3,631.3,699.35
1996-07-18,643.74,643.74,699.35
1996-07-19,633.05,633.05,699.35
1996-07-22,624.03,624.03,699.35
1996-07-23,598.34,598.34,699.35
1996-07-24,605.05,605.05,699.35
1996-07-25,620.39,620.39,699.35
1996-07-26,633.39,633.39,699.35
1996-07-29,620.51,620.51,699.35
1996-07-30,630.32,630.32,699.35
1996-07-31,636.01,636.01,699.35
1996-08-01,651.07,651.07,699.35
1996-08-02,667.84,667.84,699.35
1996-08-05,661.02,661.02,699.35
1996-08-06,671.69,671.69,699.35
1996-08-07,682.37,682.37,699.35
1996-08-08,677.52,677.52,699.35
1996-08-09,678.31,678.31,699.35
1996-08-12,679.39,679.39,699.35
1996-08-13,669.1,669.1,699.35
1996-08-14,677.17,677.17,699.35
1996-08-15,677.09,677.09,699.35
1996-08-16,672.28,672.28,699.35
1996-08-19,670.25,670.25,699.35
1996-08-20,662.87,662.87,699.35
1996-08-21,667.42,667.42,699.35
1996-08-22,681.63,681.63,699.35
1996-08-23,677.57,677.57,699.35
1996-08-26,672.92,672.92,699.35
1996-08-27,679.05,679.05,699.35
1996-08-28,679.67,679.67,699.35
1996-08-29,671.1,671.1,699.35
1996-08-30,663.57,663.57,699.35
1996-09-03,669.29,669.29,699.35
1996-09-04,669.2,669.2,699.35
1996-09-05,652.32,652.32,699.35
1996-09-06,664.22,664.22,699.35
1996-09-09,671.98,671.98,699.35
1996-09-10,671.65,671.65,699.35
1996-09-11,675.12,675.12,699.35
1996-09-12,685.65,685.65,699.35
1996-09-13,707.86,707.86,707.86
1996-09-16,709.22,709.22,709.22
1996-09-17,722.5,722.5,722.5
1996-09-18,727.63,727.63,727.63
1996-09-19,736.76,736.76,736.76
1996-09-20,743.42,743.42,743.42
1996-09-23,733.41,733.41,743.42
1996-09-24,736.59,736.59,743.42
1996-09-25,745.73,745.73,745.73
1996-09-26,744.61,744.61,745.73
1996-09-27,744.73,744.73,745.73
1996-09-30,737.58,737.58,745.73
1996-10-01,734.5,734.5,745.73
1996-10-02,747.55,747.55,747.55
1996-10-03,743.28,743.28,747.55
1996-10-04,759.12,759.12,759.12
1996-10-07,764.96,764.96,764.96
1996-10-08,753.24,753.24,764.96
1996-10-09,753.97,753.97,764.96
1996-10-10,751.44,751.44,764.96
1996-10-11,765.64,765.64,765.64
1996-10-14,771.99,771.99,771.99
1996-10-15,775.08,775.08,775.08
1996-10-16,767.64,767.64,775.08
1996-10-17,755.77,755.77,775.08
1996-10-18,756.83,756.83,775.08
1996-10-21,746.28,746.28,775.08
1996-10-22,736.64,736.64,775.08
1996-10-23,749.7,749.7,775.08
1996-10-24,748.41,748.41,775.08
1996-10-25,743.55,743.55,775.08
1996-10-28,741.64,741.64,775.08
1996-10-29,731.21,731.21,775.08
1996-10-30,736.36,736.36,775.08
1996-10-31,751.99,751.99,775.08
1996-11-01,755.51,755.51,775.08
1996-11-04,756.23,756.23,775.08
1996-11-05,769.89,769.89,775.08
1996-11-06,786.9,786.9,786.9
1996-11-07,795.42,795.42,795.42
1996-11-08,798.66,798.66,798.66
1996-11-11,804.72,804.72,804.72
1996-11-12,794.09,794.09,804.72
1996-11-13,798.7,798.7,804.72
1996-11-14,809.75,809.75,809.75
1996-11-15,799.44,799.44,809.75
1996-11-18,793.29,793.29,809.75
1996-11-19,805.78,805.78,809.75
1996-11-20,808.39,808.39,809.75
1996-11-21,800.47,800.47,809.75
1996-11-22,818.51,818.51,818.51
1996-11-25,821.24,821.24,821.24
1996-11-26,825.51,825.51,825.51
1996-11-27,832.37,832.37,832.37
1996-11-29,834.01,834.01,834.01
1996-12-02,844.63,844.63,844.63
1996-12-03,837.91,837.91,844.63
1996-12-04,834.65,834.65,844.63
1996-12-05,835.8,835.8,844.63
1996-12-06,827.21,827.21,844.63
1996-12-09,856.64,856.64,856.64
1996-12-10,848.96,848.96,856.64
1996-12-11,856.38,856.38,856.64
1996-12-12,843.37,843.37,856.64
1996-12-13,828.45,828.45,856.64
1996-12-16,804.62,804.62,856.64
1996-12-17,815.79,815.79,856.64
1996-12-18,836.54,836.54,856.64
1996-12-19,843.72,843.72,856.64
1996-12-20,834.05,834.05,856.64
1996-12-23,824.79,824.79,856.64
1996-12-24,835.4,835.4,856.64
1996-12-26,842.98,842.98,856.64
1996-12-27,835.19,835.19,856.64
1996-12-30,826.49,826.49,856.64
1996-12-31,821.36,821.36,856.64
1997-01-02,815.6,815.6,856.64
1997-01-03,848.08,848.08,856.64
1997-01-06,853.24,853.24,856.64
1997-01-07,864.55,864.55,864.55
1997-01-08,853.09,853.09,864.55
1997-01-09,856.95,856.95,864.55
1997-01-10,865.58,865.58,865.58
1997-01-13,864.37,864.37,865.58
1997-01-14,881.38,881.38,881.38
1997-01-15,864.02,864.02,881.38
1997-01-16,873.63,873.63,881.38
1997-01-17,883.44,883.44,883.44
1997-01-20,899.75,899.75,899.75
1997-01-21,913.73,913.73,913.73
1997-01-22,925.52,925.52,925.52
1997-01-23,912.74,912.74,925.52
1997-01-24,898.37,898.37,925.52
1997-01-27,889.82,889.82,925.52
1997-01-28,890.79,890.79,925.52
1997-01-29,892.46,892.46,925.52
1997-01-30,911.71,911.71,925.52
1997-01-31,921.55,921.55,925.52
1997-02-03,918.01,918.01,925.52
1997-02-04,916.3,916.3,925.52
1997-02-05,887.39,887.39,925.52
1997-02-06,885.52,885.52,925.52
1997-02-07,899.84,899.84,925.52
1997-02-10,872.06,872.06,925.52
1997-02-11,871.71,871.71,925.52
1997-02-12,900.5,900.5,925.52
1997-02-13,907.71,907.71,925.52
1997-02-14,899.91,899.91,925.52
1997-02-18,897.53,897.53,925.52
1997-02-19,897.65,897.65,925.52
1997-02-20,880.25,880.25,925.52
1997-02-21,864.3,864.3,925.52
1997-02-24,880.26,880.26,925.52
1997-02-25,882.04,882.04,925.52
1997-02-26,880.74,880.74,925.52
1997-02-27,848.49,848.49,925.52
1997-02-28,850.46,850.46,925.52
1997-03-03,856.08,856.08,925.52
1997-03-04,862.04,862.04,925.52
1997-03-05,872.07,872.07,925.52
1997-03-06,851.51,851.51,925.52
1997-03-07,841.03,841.03,925.52
1997-03-10,854.84,854.84,925.52
1997-03-11,848.5,848.5,925.52
1997-03-12,839.32,839.32,925.52
1997-03-13,840.5,840.5,925.52
1997-03-14,838.98,838.98,925.52
1997-03-17,832.24,832.24,925.52
1997-03-18,827.57,827.57,925.52
1997-03-19,811.8,811.8,925.52
1997-03-20,821.73,821.73,925.52
1997-03-21,812.73,812.73,925.52
1997-03-24,802.37,802.37,925.52
1997-03-25,807.19,807.19,925.52
1997-03-26,834.38,834.38,925.52
1997-03-27,818.74,818.74,925.52
1997-03-31,797.06,797.06,925.52
1997-04-01,796.79,796.79,925.52
1997-04-02,783.92,783.92,925.52
1997-04-03,804.67,804.67,925.52
1997-04-04,822.4,822.4,925.52
1997-04-07,832.31,832.31,925.52
1997-04-08,840.36,840.36,925.52
1997-04-09,828.73,828.73,925.52
1997-04-10,813.45,813.45,925.52
1997-04-11,789.97,789.97,925.52
1997-04-14,806.79,806.79,925.52
1997-04-15,798.0,798.0,925.52
1997-04-16,798.65,798.65,925.52
1997-04-17,808.22,808.22,925.52
1997-04-18,816.43,816.43,925.52
1997-04-21,802.5,802.5,925.52
1997-04-22,818.08,818.08,925.52
1997-04-23,837.97,837.97,925.52
1997-04-24,837.75,837.75,925.52
1997-04-25,818.57,818.57,925.52
1997-04-28,829.39,829.39,925.52
1997-04-29,856.26,856.26,925.52
1997-04-30,874.74,874.74,925.52
1997-05-01,882.12,882.12,925.52
1997-05-02,909.49,909.49,925.52
1997-05-05,932.77,932.77,932.77
1997-05-06,914.9,914.9,932.77
1997-05-07,909.29,909.29,932.77
1997-05-08,919.35,919.35,932.77
1997-05-09,919.14,919.14,932.77
1997-05-12,924.64,924.64,932.77
1997-05-13,910.57,910.57,932.77
1997-05-14,909.92,909.92,932.77
1997-05-15,931.79,931.79,932.77
1997-05-16,915.29,915.29,932.77
1997-05-19,913.57,913.57,932.77
1997-05-20,942.11,942.11,942.11
1997-05-21,950.53,950.53,950.53
1997-05-22,946.11,946.11,950.53
1997-05-23,959.08,959.08,959.08
1997-05-27,984.61,984.61,984.61
1997-05-28,982.6,982.6,984.61
1997-05-29,970.54,970.54,984.61
1997-05-30,958.85,958.85,984.61
1997-06-02,958.69,958.69,984.61
1997-06-03,929.81,929.81,984.61
1997-06-04,921.96,921.96,984.61
1997-06-05,930.61,930.61,984.61
1997-06-06,944.98,944.98,984.61
1997-06-09,954.56,954.56,984.61
1997-06-10,941.14,941.14,984.61
1997-06-11,949.0,949.0,984.61
1997-06-12,949.97,949.97,984.61
1997-06-13,964.4,964.4,984.61
1997-06-16,975.87,975.87,984.61
1997-06-17,989.37,989.37,989.37
1997-06-18,971.55,971.55,989.37
1997-06-19,981.95,981.95,989.37
1997-06-20,981.41,981.41,989.37
1997-06-23,969.05,969.05,989.37
1997-06-24,986.42,986.42,989.37
1997-06-25,979.22,979.22,989.37
1997-06-26,967.34,967.34,989.37
1997-06-27,963.01,963.01,989.37
1997-06-30,957.3,957.3,989.37
1997-07-01,953.44,953.44,989.37
1997-07-02,975.93,975.93,989.37
1997-07-03,986.52,986.52,989.37
1997-07-07,991.04,991.04,991.04
1997-07-08,1005.81,1005.81,1005.81
1997-07-09,1010.14,1010.14,1010.14
1997-07-10,1010.04,1010.04,1010.14
1997-07-11,1015.62,1015.62,1015.62
1997-07-14,1041.88,1041.88,1041.88
1997-07-15,1059.01,1059.01,1059.01
1997-07-16,1103.43,1103.43,1103.43
1997-07-17,1094.95,1094.95,1103.43
1997-07-18,1070.99,1070.99,1103.43
1997-07-21,1058.45,1058.45,1103.43
1997-07-22,1090.94,1090.94,1103.43
1997-07-23,1092.06,1092.06,1103.43
1997-07-24,1087.91,1087.91,1103.43
1997-07-25,1085.39,1085.39,1103.43
1997-07-28,1075.18,1075.18,1103.43
1997-07-29,1087.92,1087.92,1103.43
1997-07-30,1100.98,1100.98,1103.43
1997-07-31,1107.03,1107.03,1107.03
1997-08-01,1108.94,1108.94,1108.94
1997-08-04,1124.08,1124.08,1124.08
1997-08-05,1136.41,1136.41,1136.41
1997-08-06,1141.82,1141.82,1141.82
1997-08-07,1135.61,1135.61,1141.82
1997-08-08,1115.02,1115.02,1141.82
1997-08-11,1101.18,1101.18,1141.82
1997-08-12,1090.78,1090.78,1141.82
1997-08-13,1099.1,1099.1,1141.82
1997-08-14,1103.54,1103.54,1141.82
1997-08-15,1103.54,1103.54,1141.82
1997-08-18,1089.55,1089.55,1141.82
1997-08-19,1121.18,1121.18,1141.82
1997-08-20,1145.07,1145.07,1145.07
1997-08-21,1118.72,1118.72,1145.07
1997-08-22,1110.91,1110.91,1145.07
1997-08-25,1107.8,1107.8,1145.07
1997-08-26,1093.21,1093.21,1145.07
1997-08-27,1091.89,1091.89,1145.07
1997-08-28,1070.57,1070.57,1145.07
1997-08-29,1074.17,1074.17,1145.07
1997-09-02,1102.74,1102.74,1145.07
1997-09-03,1100.44,1100.44,1145.07
1997-09-04,1105.82,1105.82,1145.07
1997-09-05,1111.15,1111.15,1145.07
1997-09-08,1117.82,1117.82,1145.07
1997-09-09,1126.73,1126.73,1145.07
1997-09-10,1102.95,1102.95,1145.07
1997-09-11,1105.06,1105.06,1145.07
1997-09-12,1106.07,1106.07,1145.07
1997-09-15,1080.29,1080.29,1145.07
1997-09-16,1116.52,1116.52,1145.07
1997-09-17,1108.63,1108.63,1145.07
1997-09-18,1109.29,1109.29,1145.07
1997-09-19,1118.68,1118.68,1145.07
1997-09-22,1123.65,1123.65,1145.07
1997-09-23,1135.04,1135.04,1145.07
1997-09-24,1115.88,1115.88,1145.07
1997-09-25,1106.48,1106.48,1145.07
1997-09-26,1106.82,1106.82,1145.07
1997-09-29,1118.77,1118.77,1145.07
1997-09-30,1097.17,1097.17,1145.07
1997-10-01,1102.05,1102.05,1145.07
1997-10-02,1112.89,1112.89,1145.07
1997-10-03,1124.44,1124.44,1145.07
1997-10-06,1125.93,1125.93,1145.07
1997-10-07,1140.74,1140.74,1145.07
1997-10-08,1145.34,1145.34,1145.34
1997-10-09,1148.21,1148.21,1148.21
1997-10-10,1137.77,1137.77,1148.21
1997-10-13,1140.48,1140.48,1148.21
1997-10-14,1131.43,1131.43,1148.21
1997-10-15,1119.07,1119.07,1148.21
1997-10-16,1099.38,1099.38,1148.21
1997-10-17,1075.12,1075.12,1148.21
1997-10-20,1088.25,1088.25,1148.21
1997-10-21,1110.55,1110.55,1148.21
1997-10-22,1098.71,1098.71,1148.21
1997-10-23,1074.65,1074.65,1148.21
1997-10-24,1057.34,1057.34,1148.21
1997-10-27,978.85,978.85,1148.21
1997-10-28,1046.91,1046.91,1148.21
1997-10-29,1029.76,1029.76,1148.21
1997-10-30,1000.7,1000.7,1148.21
1997-10-31,1019.62,1019.62,1148.21
1997-11-03,1050.72,1050.72,1148.21
1997-11-04,1047.62,1047.62,1148.21
1997-11-05,1046.92,1046.92,1148.21
1997-11-06,1034.17,1034.17,1148.21
1997-11-07,1028.32,1028.32,1148.21
1997-11-10,1011.54,1011.54,1148.21
1997-11-11,1010.96,1010.96,1148.21
1997-11-12,980.14,980.14,1148.21
1997-11-13,1002.92,1002.92,1148.21
1997-11-14,1027.85,1027.85,1148.21
1997-11-17,1049.7,1049.7,1148.21
1997-11-18,1036.31,1036.31,1148.21
1997-11-19,1039.12,1039.12,1148.21
1997-11-20,1062.49,1062.49,1148.21
1997-11-21,1056.59,1056.59,1148.21
1997-11-24,1030.22,1030.22,1148.21
1997-11-25,1038.06,1038.06,1148.21
1997-11-26,1044.24,1044.24,1148.21
1997-11-28,1050.51,1050.51,1148.21
1997-12-01,1079.23,1079.23,1148.21
1997-12-02,1052.07,1052.07,1148.21
1997-12-03,1061.62,1061.62,1148.21
1997-12-04,1052.76,1052.76,1148.21
1997-12-05,1070.27,1070.27,1148.21
1997-12-08,1082.92,1082.92,1148.21
1997-12-09,1050.67,1050.67,1148.21
1997-12-10,1033.21,1033.21,1148.21
1997-12-11,1001.88,1001.88,1148.21
1997-12-12,978.49,978.49,1148.21
1997-12-15,984.38,984.38,1148.21
1997-12-16,997.31,997.31,1148.21
1997-12-17,983.63,983.63,1148.21
1997-12-18,966.77,966.77,1148.21
1997-12-19,969.9,969.9,1148.21
1997-12-22,975.69,975.69,1148.21
1997-12-23,949.57,949.57,1148.21
1997-12-24,938.99,938.99,1148.21
1997-12-26,954.07,954.07,1148.21
1997-12-29,978.53,978.53,1148.21
1997-12-30,998.46,998.46,1148.21
1997-12-31,990.8,990.8,1148.21
1998-01-02,1008.23,1008.23,1148.21
1998-01-05,1017.42,1017.42,1148.21
1998-01-06,1006.29,1006.29,1148.21
1998-01-07,991.19,991.19,1148.21
1998-01-08,994.54,994.54,1148.21
1998-01-09,956.19,956.19,1148.21
1998-01-12,971.17,971.17,1148.21
1998-01-13,995.05,995.05,1148.21
1998-01-14,996.37,996.37,1148.21
1998-01-15,995.58,995.58,1148.21
1998-01-16,1005.87,1005.87,1148.21
1998-01-20,1026.88,1026.88,1148.21
1998-01-21,1026.52,1026.52,1148.21
1998-01-22,1020.63,1020.63,1148.21
1998-01-23,1024.47,1024.47,1148.21
1998-01-26,1016.4,1016.4,1148.21
1998-01-27,1035.76,1035.76,1148.21
1998-01-28,1063.22,1063.22,1148.21
1998-01-29,1069.0,1069.0,1148.21
1998-01-30,1071.13,1071.13,1148.21
1998-02-02,1100.99,1100.99,1148.21
1998-02-03,1111.26,1111.26,1148.21
1998-02-04,1124.44,1124.44,1148.21
1998-02-05,1114.86,1114.86,1148.21
1998-02-06,1134.32,1134.32,1148.21
1998-02-09,1122.72,1122.72,1148.21
1998-02-10,1139.79,1139.79,1148.21
1998-02-11,1138.81,1138.81,1148.21
1998-02-12,1144.8,1144.8,1148.21
1998-02-13,1136.69,1136.69,1148.21
1998-02-17,1128.63,1128.63,1148.21
1998-02-18,1140.74,1140.74,1148.21
1998-02-19,1156.75,1156.75,1156.75
1998-02-20,1159.73,1159.73,1159.73
1998-02-23,1185.53,1185.53,1185.53
1998-02-24,1172.4,1172.4,1185.53
1998-02-25,1200.39,1200.39,1200.39
1998-02-26,1206.97,1206.97,1206.97
1998-02-27,1194.13,1194.13,1206.97
1998-03-02,1177.59,1177.59,1206.97
1998-03-03,1175.72,1175.72,1206.97
1998-03-04,1179.87,1179.87,1206.97
1998-03-05,1126.83,1126.83,1206.97
1998-03-06,1163.11,1163.11,1206.97
1998-03-09,1128.37,1128.37,1206.97
1998-03-10,1148.61,1148.61,1206.97
1998-03-11,1153.87,1153.87,1206.97
1998-03-12,1163.27,1163.27,1206.97
1998-03-13,1169.29,1169.29,1206.97
1998-03-16,1180.17,1180.17,1206.97
1998-03-17,1167.89,1167.89,1206.97
1998-03-18,1177.01,1177.01,1206.97
1998-03-19,1186.16,1186.16,1206.97
1998-03-20,1169.43,1169.43,1206.97
1998-03-23,1179.18,1179.18,1206.97
1998-03-24,1197.81,1197.81,1206.97
1998-03-25,1214.82,1214.82,1214.82
1998-03-26,1217.94,1217.94,1217.94
1998-03-27,1211.64,1211.64,1217.94
1998-03-30,1206.64,1206.64,1217.94
1998-03-31,1220.66,1220.66,1220.66
1998-04-01,1228.41,1228.41,1228.41
1998-04-02,1230.18,1230.18,1230.18
1998-04-03,1233.66,1233.66,1233.66
1998-04-06,1205.37,1205.37,1233.66
1998-04-07,1182.13,1182.13,1233.66
1998-04-08,1191.06,1191.06,1233.66
1998-04-09,1196.9,1196.9,1233.66
1998-04-13,1202.97,1202.97,1233.66
1998-04-14,1213.12,1213.12,1233.66
1998-04-15,1231.36,1231.36,1233.66
1998-04-16,1227.53,1227.53,1233.66
1998-04-17,1231.25,1231.25,1233.66
1998-04-20,1253.11,1253.11,1253.11
1998-04-21,1269.7,1269.7,1269.7
1998-04-22,1290.9,1290.9,1290.9
1998-04-23,1258.58,1258.58,1290.9
1998-04-24,1250.14,1250.14,1290.9
1998-04-27,1220.05,1220.05,1290.9
1998-04-28,1222.5,1222.5,1290.9
1998-04-29,1239.56,1239.56,1290.9
1998-04-30,1248.12,1248.12,1290.9
1998-05-01,1251.53,1251.53,1290.9
1998-05-04,1255.82,1255.82,1290.9
1998-05-05,1247.27,1247.27,1290.9
1998-05-06,1242.25,1242.25,1290.9
1998-05-07,1222.68,1222.68,1290.9
1998-05-08,1254.03,1254.03,1290.9
1998-05-11,1237.67,1237.67,1290.9
1998-05-12,1256.41,1256.41,1290.9
1998-05-13,1263.08,1263.08,1290.9
1998-05-14,1266.1,1266.1,1290.9
1998-05-15,1249.49,1249.49,1290.9
1998-05-18,1242.5,1242.5,1290.9
1998-05-19,1255.59,1255.59,1290.9
1998-05-20,1237.75,1237.75,1290.9
1998-05-21,1223.7,1223.7,1290.9
1998-05-22,1214.13,1214.13,1290.9
1998-05-26,1200.12,1200.12,1290.9
1998-05-27,1209.46,1209.46,1290.9
1998-05-28,1214.83,1214.83,1290.9
1998-05-29,1192.07,1192.07,1290.9
1998-06-01,1165.55,1165.55,1290.9
1998-06-02,1187.15,1187.15,1290.9
1998-06-03,1163.98,1163.98,1290.9
1998-06-04,1195.19,1195.19,1290.9
1998-06-05,1206.7,1206.7,1290.9
1998-06-08,1207.02,1207.02,1290.9
1998-06-09,1223.48,1223.48,1290.9
1998-06-10,1199.3,1199.3,1290.9
1998-06-11,1185.11,1185.11,1290.9
1998-06-12,1186.99,1186.99,1290.9
1998-06-15,1173.57,1173.57,1290.9
1998-06-16,1210.9,1210.9,1290.9
1998-06-17,1224.08,1224.08,1290.9
1998-06-18,1227.33,1227.33,1290.9
1998-06-19,1239.71,1239.71,1290.9
1998-06-22,1263.93,1263.93,1290.9
1998-06-23,1302.39,1302.39,1302.39
1998-06-24,1331.16,1331.16,1331.16
1998-06-25,1311.4,1311.4,1331.16
1998-06-26,1320.94,1320.94,1331.16
1998-06-29,1339.71,1339.71,1339.71
1998-06-30,1337.34,1337.34,1339.71
1998-07-01,1356.14,1356.14,1356.14
1998-07-02,1332.53,1332.53,1356.14
1998-07-03,1332.53,1332.53,1356.14
1998-07-06,1342.58,1342.58,1356.14
1998-07-07,1346.32,1346.32,1356.14
1998-07-08,1377.84,1377.84,1377.84
1998-07-09,1383.22,1383.22,1383.22
1998-07-10,1391.11,1391.11,1391.11
1998-07-13,1420.58,1420.58,1420.58
1998-07-14,1418.13,1418.13,1420.58
1998-07-15,1449.58,1449.58,1449.58
1998-07-16,1452.62,1452.62,1452.62
1998-07-17,1463.97,1463.97,1463.97
1998-07-20,1465.89,1465.89,1465.89
1998-07-21,1431.89,1431.89,1465.89
1998-07-22,1430.58,1430.58,1465.89
1998-07-23,1405.8,1405.8,1465.89
1998-07-24,1408.6,1408.6,1465.89
1998-07-27,1426.37,1426.37,1465.89
1998-07-28,1393.28,1393.28,1465.89
1998-07-29,1380.08,1380.08,1465.89
1998-07-30,1422.05,1422.05,1465.89
1998-07-31,1377.26,1377.26,1465.89
1998-08-03,1368.44,1368.44,1465.89
1998-08-04,1317.24,1317.24,1465.89
1998-08-05,1329.9,1329.9,1465.89
1998-08-06,1365.87,1365.87,1465.89
1998-08-07,1364.07,1364.07,1465.89
1998-08-10,1362.88,1362.88,1465.89
1998-08-11,1330.13,1330.13,1465.89
1998-08-12,1354.66,1354.66,1465.89
1998-08-13,1338.39,1338.39,1465.89
1998-08-14,1330.04,1330.04,1465.89
1998-08-17,1367.79,1367.79,1465.89
1998-08-18,1401.24,1401.24,1465.89
1998-08-19,1398.26,1398.26,1465.89
1998-08-20,1398.2,1398.2,1465.89
1998-08-21,1374.77,1374.77,1465.89
1998-08-24,1370.92,1370.92,1465.89
1998-08-25,1388.35,1388.35,1465.89
1998-08-26,1374.05,1374.05,1465.89
1998-08-27,1312.28,1312.28,1465.89
1998-08-28,1265.04,1265.04,1465.89
1998-08-31,1140.34,1140.34,1465.89
1998-09-01,1215.06,1215.06,1465.89
1998-09-02,1221.44,1221.44,1465.89
1998-09-03,1208.96,1208.96,1465.89
1998-09-04,1205.41,1205.41,1465.89
1998-09-08,1286.47,1286.47,1465.89
1998-09-09,1261.77,1261.77,1465.89
1998-09-10,1235.37,1235.37,1465.89
1998-09-11,1290.2,1290.2,1465.89
1998-09-14,1308.23,1308.23,1465.89
1998-09-15,1324.19,1324.19,1465.89
1998-09-16,1331.45,1331.45,1465.89
1998-09-17,1291.79,1291.79,1465.89
1998-09-18,1300.7,1300.7,1465.89
1998-09-21,1327.7,1327.7,1465.89
1998-09-22,1336.19,1336.19,1465.89
1998-09-23,1394.65,1394.65,1465.89
1998-09-24,1356.46,1356.46,1465.89
1998-09-25,1390.09,1390.09,1465.89
1998-09-28,1383.25,1383.25,1465.89
1998-09-29,1384.89,1384.89,1465.89
1998-09-30,1345.48,1345.48,1465.89
1998-10-01,1273.74,1273.74,1465.89
1998-10-02,1276.44,1276.44,1465.89
1998-10-05,1207.68,1207.68,1465.89
1998-10-06,1184.84,1184.84,1465.89
1998-10-07,1151.09,1151.09,1465.89
1998-10-08,1128.88,1128.88,1465.89
1998-10-09,1197.87,1197.87,1465.89
1998-10-12,1243.4,1243.4,1465.89
1998-10-13,1206.9,1206.9,1465.89
1998-10-14,1235.67,1235.67,1465.89
1998-10-15,1299.66,1299.66,1465.89
1998-10-16,1293.91,1293.91,1465.89
1998-10-19,1310.17,1310.17,1465.89
1998-10-20,1283.23,1283.23,1465.89
1998-10-21,1332.05,1332.05,1465.89
1998-10-22,1355.19,1355.19,1465.89
1998-10-23,1340.6,1340.6,1465.89
1998-10-26,1368.93,1368.93,1465.89
1998-10-27,1353.34,1353.34,1465.89
1998-10-28,1379.96,1379.96,1465.89
1998-10-29,1396.3,1396.3,1465.89
1998-10-30,1400.52,1400.52,1465.89
1998-11-02,1418.79,1418.79,1465.89
1998-11-03,1401.73,1401.73,1465.89
1998-11-04,1434.0,1434.0,1465.89
1998-11-05,1442.04,1442.04,1465.89
1998-11-06,1458.34,1458.34,1465.89
1998-11-09,1467.63,1467.63,1467.63
1998-11-10,1477.48,1477.48,1477.48
1998-11-11,1480.71,1480.71,1480.71
1998-11-12,1466.54,1466.54,1480.71
1998-11-13,1465.22,1465.22,1480.71
1998-11-16,1475.6,1475.6,1480.71
1998-11-17,1498.55,1498.55,1498.55
1998-11-18,1514.89,1514.89,1514.89
1998-11-19,1537.45,1537.45,1537.45
1998-11-20,1544.22,1544.22,1544.22
1998-11-23,1589.06,1589.06,1589.06
1998-11-24,1580.83,1580.83,1589.06
1998-11-25,1598.48,1598.48,1598.48
1998-11-27,1628.35,1628.35,1628.35
1998-11-30,1557.96,1557.96,1628.35
1998-12-01,1632.53,1632.53,1632.53
1998-12-02,1619.09,1619.09,1632.53
1998-12-03,1573.78,1573.78,1632.53
1998-12-04,1630.01,1630.01,1632.53
1998-12-07,1676.89,1676.89,1676.89
1998-12-08,1668.16,1668.16,1676.89
1998-12-09,1685.38,1685.38,1685.38
1998-12-10,1652.76,1652.76,1685.38
1998-12-11,1675.01,1675.01,1685.38
1998-12-14,1614.09,1614.09,1685.38
1998-12-15,1663.78,1663.78,1685.38
1998-12-16,1656.28,1656.28,1685.38
1998-12-17,1689.63,1689.63,1689.63
1998-12-18,1735.0,1735.0,1735.0
1998-12-21,1787.3,1787.3,1787.3
1998-12-22,1767.82,1767.82,1787.3
1998-12-23,1818.96,1818.96,1818.96
1998-12-24,1806.04,1806.04,1818.96
1998-12-28,1823.99,1823.99,1823.99
1998-12-29,1823.31,1823.31,1823.99
1998-12-30,1810.97,1810.97,1823.99
1998-12-31,1836.01,1836.01,1836.01
1999-01-04,1854.39,1854.39,1854.39
1999-01-05,1903.0,1903.0,1903.0
1999-01-06,1963.95,1963.95,1963.95
1999-01-07,1966.35,1966.35,1966.35
1999-01-08,1973.66,1973.66,1973.66
1999-01-11,2000.18,2000.18,2000.18
1999-01-12,1939.75,1939.75,2000.18
1999-01-13,1948.71,1948.71,2000.18
1999-01-14,1906.12,1906.12,2000.18
1999-01-15,1981.62,1981.62,2000.18
1999-01-19,2033.71,2033.71,2033.71
1999-01-20,2033.71,2033.71,2033.71
1999-01-21,1961.76,1961.76,2033.71
1999-01-22,1964.21,1964.21,2033.71
1999-01-25,1997.16,1997.16,2033.71
1999-01-26,2062.2,2062.2,2062.2
1999-01-27,2030.36,2030.36,2062.2
1999-01-28,2104.59,2104.59,2104.59
1999-01-29,2127.19,2127.19,2127.19
1999-02-01,2130.93,2130.93,2130.93
1999-02-02,2078.69,2078.69,2130.93
1999-02-03,2119.94,2119.94,2130.93
1999-02-04,2027.66,2027.66,2130.93
1999-02-05,1988.55,1988.55,2130.93
1999-02-08,2034.21,2034.21,2130.93
1999-02-09,1935.33,1935.33,2130.93
1999-02-10,1944.18,1944.18,2130.93
1999-02-11,2044.68,2044.68,2130.93
1999-02-12,1958.6,1958.6,2130.93
1999-02-16,1954.49,1954.49,2130.93
1999-02-17,1891.37,1891.37,2130.93
1999-02-18,1906.09,1906.09,2130.93
1999-02-19,1931.59,1931.59,2130.93
1999-02-22,1996.02,1996.02,2130.93
1999-02-23,2028.23,2028.23,2130.93
1999-02-24,1989.14,1989.14,2130.93
1999-02-25,1974.39,1974.39,2130.93
1999-02-26,1925.28,1925.28,2130.93
1999-03-01,1937.7,1937.7,2130.93
1999-03-02,1888.66,1888.66,2130.93
1999-03-03,1899.81,1899.81,2130.93
1999-03-04,1933.03,1933.03,2130.93
1999-03-05,1969.87,1969.87,2130.93
1999-03-08,2034.05,2034.05,2130.93
1999-03-09,2028.57,2028.57,2130.93
1999-03-10,2038.51,2038.51,2130.93
1999-03-11,2043.76,2043.76,2130.93
1999-03-12,2008.96,2008.96,2130.93
1999-03-15,2060.34,2060.34,2130.93
1999-03-16,2073.31,2073.31,2130.93
1999-03-17,2064.5,2064.5,2130.93
1999-03-18,2102.77,2102.77,2130.93
1999-03-19,2053.69,2053.69,2130.93
1999-03-22,2027.14,2027.14,2130.93
1999-03-23,1961.31,1961.31,2130.93
1999-03-24,2013.55,2013.55,2130.93
1999-03-25,2083.35,2083.35,2130.93
1999-03-26,2067.3,2067.3,2130.93
1999-03-29,2144.66,2144.66,2144.66
1999-03-30,2125.69,2125.69,2144.66
1999-03-31,2106.39,2106.39,2144.66
1999-04-01,2146.13,2146.13,2146.13
1999-04-05,2219.64,2219.64,2219.64
1999-04-06,2218.83,2218.83,2219.64
1999-04-07,2192.29,2192.29,2219.64
1999-04-08,2224.75,2224.75,2224.75
1999-04-09,2232.47,2232.47,2232.47
1999-04-12,2219.21,2219.21,2232.47
1999-04-13,2175.18,2175.18,2232.47
1999-04-14,2103.63,2103.63,2232.47
1999-04-15,2135.81,2135.81,2232.47
1999-04-16,2086.46,2086.46,2232.47
1999-04-19,1967.58,1967.58,2232.47
1999-04-20,2030.28,2030.28,2232.47
1999-04-21,2105.82,2105.82,2232.47
1999-04-22,2183.44,2183.44,2232.47
1999-04-23,2210.44,2210.44,2232.47
1999-04-26,2260.66,2260.66,2260.66
1999-04-27,2207.03,2207.03,2260.66
1999-04-28,2150.44,2150.44,2260.66
1999-04-29,2119.29,2119.29,2260.66
1999-04-30,2136.39,2136.39,2260.66
1999-05-03,2137.95,2137.95,2260.66
1999-05-04,2097.55,2097.55,2260.66
1999-05-05,2155.77,2155.77,2260.66
1999-05-06,2078.63,2078.63,2260.66
1999-05-07,2117.73,2117.73,2260.66
1999-05-10,2134.75,2134.75,2260.66
1999-05-11,2175.85,2175.85,2260.66
1999-05-12,2217.68,2217.68,2260.66
1999-05-13,2179.08,2179.08,2260.66
1999-05-14,2125.15,2125.15,2260.66
1999-05-17,2175.74,2175.74,2260.66
1999-05-18,2159.26,2159.26,2260.66
1999-05-19,2186.2,2186.2,2260.66
1999-05-20,2139.95,2139.95,2260.66
1999-05-21,2114.4,2114.4,2260.66
1999-05-24,2060.59,2060.59,2260.66
1999-05-25,1999.04,1999.04,2260.66
1999-05-26,2053.04,2053.04,2260.66
1999-05-27,2050.09,2050.09,2260.66
1999-05-28,2089.7,2089.7,2260.66
1999-06-01,2025.79,2025.79,2260.66
1999-06-02,2074.54,2074.54,2260.66
1999-06-03,2030.4,2030.4,2260.66
1999-06-04,2109.41,2109.41,2260.66
1999-06-07,2152.69,2152.69,2260.66
1999-06-08,2086.75,2086.75,2260.66
1999-06-09,2135.48,2135.48,2260.66
1999-06-10,2097.79,2097.79,2260.66
1999-06-11,2062.29,2062.29,2260.66
1999-06-14,2028.92,2028.92,2260.66
1999-06-15,2058.17,2058.17,2260.66
1999-06-16,2167.49,2167.49,2260.66
1999-06-17,2190.83,2190.83,2260.66
1999-06-18,2205.46,2205.46,2260.66
1999-06-21,2268.66,2268.66,2268.66
1999-06-22,2209.89,2209.89,2268.66
1999-06-23,2239.33,2239.33,2268.66
1999-06-24,2184.87,2184.87,2268.66
1999-06-25,2185.76,2185.76,2268.66
1999-06-28,2243.94,2243.94,2268.66
1999-06-29,2280.06,2280.06,2280.06
1999-06-30,2296.77,2296.77,2296.77
1999-07-01,2322.32,2322.32,2322.32
1999-07-02,2347.88,2347.88,2347.88
1999-07-06,2330.73,2330.73,2347.88
1999-07-07,2340.67,2340.67,2347.88
1999-07-08,2374.58,2374.58,2374.58
1999-07-09,2393.02,2393.02,2393.02
1999-07-12,2384.24,2384.24,2393.02
1999-07-13,2373.66,2373.66,2393.02
1999-07-14,2417.05,2417.05,2417.05
1999-07-15,2429.27,2429.27,2429.27
1999-07-16,2459.48,2459.48,2459.48
1999-07-19,2424.62,2424.62,2459.48
1999-07-20,2329.32,2329.32,2459.48
1999-07-21,2363.63,2363.63,2459.48
1999-07-22,2281.92,2281.92,2459.48
1999-07-23,2302.02,2302.02,2459.48
1999-07-26,2233.51,2233.51,2459.48
1999-07-27,2308.78,2308.78,2459.48
1999-07-28,2333.78,2333.78,2459.48
1999-07-29,2263.06,2263.06,2459.48
1999-07-30,2270.93,2270.93,2459.48
1999-08-02,2264.81,2264.81,2459.48
1999-08-03,2239.18,2239.18,2459.48
1999-08-04,2204.33,2204.33,2459.48
1999-08-05,2232.23,2232.23,2459.48
1999-08-06,2212.15,2212.15,2459.48
1999-08-09,2187.61,2187.61,2459.48
1999-08-10,2163.77,2163.77,2459.48
1999-08-11,2241.8,2241.8,2459.48
1999-08-12,2214.33,2214.33,2459.48
1999-08-13,2307.06,2307.06,2459.48
1999-08-16,2313.08,2313.08,2459.48
1999-08-17,2337.37,2337.37,2459.48
1999-08-18,2317.39,2317.39,2459.48
1999-08-19,2278.79,2278.79,2459.48
1999-08-20,2315.07,2315.07,2459.48
1999-08-23,2385.87,2385.87,2459.48
1999-08-24,2404.82,2404.82,2459.48
1999-08-25,2460.92,2460.92,2460.92
1999-08-26,2417.3,2417.3,2460.92
1999-08-27,2402.57,2402.57,2460.92
1999-08-30,2366.88,2366.88,2460.92
1999-08-31,2396.87,2396.87,2460.92
1999-09-01,2404.94,2404.94,2460.92
1999-09-02,2392.6,2392.6,2460.92
1999-09-03,2506.69,2506.69,2506.69
1999-09-07,2491.82,2491.82,2506.69
1999-09-08,2454.67,2454.67,2506.69
1999-09-09,2505.5,2505.5,2506.69
1999-09-10,2534.61,2534.61,2534.61
1999-09-13,2483.1,2483.1,2534.61
1999-09-14,2522.46,2522.46,2534.61
1999-09-15,2463.09,2463.09,2534.61
1999-09-16,2466.88,2466.88,2534.61
1999-09-17,2536.91,2536.91,2536.91
1999-09-20,2545.41,2545.41,2545.41
1999-09-21,2473.74,2473.74,2545.41
1999-09-22,2513.94,2513.94,2545.41
1999-09-23,2403.07,2403.07,2545.41
1999-09-24,2399.58,2399.58,2545.41
1999-09-27,2426.51,2426.51,2545.41
1999-09-28,2428.11,2428.11,2545.41
1999-09-29,2398.78,2398.78,2545.41
1999-09-30,2407.9,2407.9,2545.41
1999-10-01,2404.45,2404.45,2545.41
1999-10-04,2467.92,2467.92,2545.41
1999-10-05,2471.5,2471.5,2545.41
1999-10-06,2532.4,2532.4,2545.41
1999-10-07,2532.0,2532.0,2545.41
1999-10-08,2555.36,2555.36,2555.36
1999-10-11,2578.88,2578.88,2578.88
1999-10-12,2526.82,2526.82,2578.88
1999-10-13,2454.49,2454.49,2578.88
1999-10-14,2470.99,2470.99,2578.88
1999-10-15,2403.81,2403.81,2578.88
1999-10-18,2362.11,2362.11,2578.88
1999-10-19,2362.25,2362.25,2578.88
1999-10-20,2466.29,2466.29,2578.88
1999-10-21,2477.14,2477.14,2578.88
1999-10-22,2485.9,2485.9,2578.88
1999-10-25,2484.19,2484.19,2578.88
1999-10-26,2466.4,2466.4,2578.88
1999-10-27,2457.46,2457.46,2578.88
1999-10-28,2539.93,2539.93,2578.88
1999-10-29,2637.44,2637.44,2637.44
1999-11-01,2616.36,2616.36,2637.44
1999-11-02,2626.99,2626.99,2637.44
1999-11-03,2672.72,2672.72,2672.72
1999-11-04,2703.11,2703.11,2703.11
1999-11-05,2755.7,2755.7,2755.7
1999-11-08,2786.27,2786.27,2786.27
1999-11-09,2763.58,2763.58,2786.27
1999-11-10,2797.61,2797.61,2797.61
1999-11-11,2849.81,2849.81,2849.81
1999-11-12,2888.91,2888.91,2888.91
1999-11-15,2875.87,2875.87,2888.91
1999-11-16,2940.02,2940.02,2940.02
1999-11-17,2911.69,2911.69,2940.02
1999-11-18,3003.49,3003.49,3003.49
1999-11-19,3028.84,3028.84,3028.84
1999-11-22,3049.61,3049.61,3049.61
1999-11-23,2999.78,2999.78,3049.61
1999-11-24,3108.52,3108.52,3108.52
1999-11-26,3116.62,3116.62,3116.62
1999-11-29,3063.23,3063.23,3116.62
1999-11-30,2966.71,2966.71,3116.62
1999-12-01,2997.28,2997.28,3116.62
1999-12-02,3108.47,3108.47,3116.62
1999-12-03,3172.37,3172.37,3172.37
1999-12-06,3191.09,3191.09,3191.09
1999-12-07,3205.08,3205.08,3205.08
1999-12-08,3164.08,3164.08,3205.08
1999-12-09,3167.52,3167.52,3205.08
1999-12-10,3203.28,3203.28,3205.08
1999-12-13,3242.37,3242.37,3242.37
1999-12-14,3167.29,3167.29,3242.37
1999-12-15,3239.18,3239.18,3242.37
1999-12-16,3332.31,3332.31,3332.31
1999-12-17,3359.86,3359.86,3359.86
1999-12-20,3390.01,3390.01,3390.01
1999-12-21,3528.53,3528.53,3528.53
1999-12-22,3562.29,3562.29,3562.29
1999-12-23,3590.28,3590.28,3590.28
1999-12-27,3598.51,3598.51,3598.51
1999-12-28,3579.95,3579.95,3598.51
1999-12-29,3689.68,3689.68,3689.68
1999-12-30,3683.67,3683.67,3689.68
1999-12-31,3707.83,3707.83,3707.83
2000-01-03,3790.55,3790.55,3790.55
2000-01-04,3546.2,3546.2,3790.55
2000-01-05,3507.31,3507.31,3790.55
2000-01-06,3340.81,3340.81,3790.55
2000-01-07,3529.6,3529.6,3790.55
2000-01-10,3717.41,3717.41,3790.55
2000-01-11,3544.35,3544.35,3790.55
2000-01-12,3478.14,3478.14,3790.55
2000-01-13,3612.08,3612.08,3790.55
2000-01-14,3704.74,3704.74,3790.55
2000-01-18,3757.78,3757.78,3790.55
2000-01-19,3790.89,3790.89,3790.89
2000-01-20,3841.74,3841.74,3841.74
2000-01-21,3849.96,3849.96,3849.96
2000-01-24,3660.96,3660.96,3849.96
2000-01-25,3759.11,3759.11,3849.96
2000-01-26,3621.21,3621.21,3849.96
2000-01-27,3593.15,3593.15,3849.96
2000-01-28,3446.13,3446.13,3849.96
2000-01-31,3570.05,3570.05,3849.96
2000-02-01,3701.78,3701.78,3849.96
2000-02-02,3724.46,3724.46,3849.96
2000-02-03,3851.16,3851.16,3851.16
2000-02-04,3874.37,3874.37,3874.37
2000-02-07,3933.34,3933.34,3933.34
2000-02-08,4062.77,4062.77,4062.77
2000-02-09,3968.46,3968.46,4062.77
2000-02-10,4090.0,4090.0,4090.0
2000-02-11,3968.89,3968.89,4090.0
2000-02-14,3986.13,3986.13,4090.0
2000-02-15,3997.03,3997.03,4090.0
2000-02-16,3997.97,3997.97,4090.0
2000-02-17,4125.38,4125.38,4125.38
2000-02-18,3965.75,3965.75,4125.38
2000-02-22,3969.13,3969.13,4125.38
2000-02-23,4170.09,4170.09,4170.09
2000-02-24,4253.05,4253.05,4253.05
2000-02-25,4178.58,4178.58,4253.05
2000-02-28,4162.13,4162.13,4253.05
2000-02-29,4266.94,4266.94,4266.94
2000-03-01,4309.01,4309.01,4309.01
2000-03-02,4234.26,4234.26,4309.01
2000-03-03,4442.87,4442.87,4442.87
2000-03-06,4457.18,4457.18,4457.18
2000-03-07,4390.83,4390.83,4457.18
2000-03-08,4445.68,4445.68,4457.18
2000-03-09,4586.26,4586.26,4586.26
2000-03-10,4587.16,4587.16,4587.16
2000-03-13,4426.8,4426.8,4587.16
2000-03-14,4226.99,4226.99,4587.16
2000-03-15,4130.01,4130.01,4587.16
2000-03-16,4353.33,4353.33,4587.16
2000-03-17,4440.45,4440.45,4587.16
2000-03-20,4261.15,4261.15,4587.16
2000-03-21,4449.33,4449.33,4587.16
2000-03-22,4596.81,4596.81,4596.81
2000-03-23,4660.62,4660.62,4660.62
2000-03-24,4691.61,4691.61,4691.61
2000-03-27,4704.73,4704.73,4704.73
2000-03-28,4583.39,4583.39,4704.73
2000-03-29,4413.92,4413.92,4704.73
2000-03-30,4250.19,4250.19,4704.73
2000-03-31,4397.84,4397.84,4704.73
2000-04-03,4077.02,4077.02,4704.73
2000-04-04,4034.17,4034.17,4704.73
2000-04-05,4030.26,4030.26,4704.73
2000-04-06,4086.73,4086.73,4704.73
2000-04-07,4291.53,4291.53,4704.73
2000-04-10,3998.26,3998.26,4704.73
2000-04-11,3909.21,3909.21,4704.73
2000-04-12,3633.63,3633.63,4704.73
2000-04-13,3553.81,3553.81,4704.73
2000-04-14,3207.96,3207.96,4704.73
2000-04-17,3529.45,3529.45,4704.73
2000-04-18,3715.81,3715.81,4704.73
2000-04-19,3583.07,3583.07,4704.73
2000-04-20,3505.29,3505.29,4704.73
2000-04-24,3353.53,3353.53,4704.73
2000-04-25,3621.56,3621.56,4704.73
2000-04-26,3505.71,3505.71,4704.73
2000-04-27,3692.57,3692.57,4704.73
2000-04-28,3773.18,3773.18,4704.73
2000-05-01,3829.84,3829.84,4704.73
2000-05-02,3627.31,3627.31,4704.73
2000-05-03,3562.16,3562.16,4704.73
2000-05-04,3570.73,3570.73,4704.73
2000-05-05,3688.36,3688.36,4704.73
2000-05-08,3521.6,3521.6,4704.73
2000-05-09,3445.26,3445.26,4704.73
2000-05-10,3244.73,3244.73,4704.73
2000-05-11,3381.57,3381.57,4704.73
2000-05-12,3406.25,3406.25,4704.73
2000-05-15,3512.11,3512.11,4704.73
2000-05-16,3646.89,3646.89,4704.73
2000-05-17,3550.5,3550.5,4704.73
2000-05-18,3426.35,3426.35,4704.73
2000-05-19,3260.64,3260.64,4704.73
2000-05-22,3264.71,3264.71,4704.73
2000-05-23,3023.42,3023.42,4704.73
2000-05-24,3180.31,3180.31,4704.73
2000-05-25,3099.28,3099.28,4704.73
2000-05-26,3101.44,3101.44,4704.73
2000-05-30,3414.03,3414.03,4704.73
2000-05-31,3324.08,3324.08,4704.73
2000-06-01,3518.98,3518.98,4704.73
2000-06-02,3755.67,3755.67,4704.73
2000-06-05,3730.31,3730.31,4704.73
2000-06-06,3646.32,3646.32,4704.73
2000-06-07,3736.01,3736.01,4704.73
2000-06-08,3707.31,3707.31,4704.73
2000-06-09,3760.26,3760.26,4704.73
2000-06-12,3638.42,3638.42,4704.73
2000-06-13,3765.81,3765.81,4704.73
2000-06-14,3677.49,3677.49,4704.73
2000-06-15,3752.01,3752.01,4704.73
2000-06-16,3787.36,3787.36,4704.73
2000-06-19,3933.7,3933.7,4704.73
2000-06-20,3933.83,3933.83,4704.73
2000-06-21,3970.0,3970.0,4704.73
2000-06-22,3804.11,3804.11,4704.73
2000-06-23,3685.3,3685.3,4704.73
2000-06-26,3771.45,3771.45,4704.73
2000-06-27,3699.0,3699.0,4704.73
2000-06-28,3771.06,3771.06,4704.73
2000-06-29,3665.83,3665.83,4704.73
2000-06-30,3763.79,3763.79,4704.73
2000-07-03,3804.78,3804.78,4704.73
2000-07-05,3649.8,3649.8,4704.73
2000-07-06,3793.48,3793.48,4704.73
2000-07-07,3841.27,3841.27,4704.73
2000-07-10,3772.2,3772.2,4704.73
2000-07-11,3744.53,3744.53,4704.73
2000-07-12,3901.12,3901.12,4704.73
2000-07-13,3956.67,3956.67,4704.73
2000-07-14,4041.15,4041.15,4704.73
2000-07-17,4061.88,4061.88,4704.73
2000-07-18,3960.96,3960.96,4704.73
2000-07-19,3843.98,3843.98,4704.73
2000-07-20,3995.46,3995.46,4704.73
2000-07-21,3908.75,3908.75,4704.73
2000-07-24,3790.62,3790.62,4704.73
2000-07-25,3865.39,3865.39,4704.73
2000-07-26,3818.28,3818.28,4704.73
2000-07-27,3681.63,3681.63,4704.73
2000-07-28,3477.31,3477.31,4704.73
2000-07-31,3609.35,3609.35,4704.73
2000-08-01,3521.15,3521.15,4704.73
2000-08-02,3490.34,3490.34,4704.73
2000-08-03,3623.5,3623.5,4704.73
2000-08-04,3618.63,3618.63,4704.73
2000-08-07,3710.39,3710.39,4704.73
2000-08-08,3686.37,3686.37,4704.73
2000-08-09,3693.04,3693.04,4704.73
2000-08-10,3595.19,3595.19,4704.73
2000-08-11,3644.61,3644.61,4704.73
2000-08-14,3719.61,3719.61,4704.73
2000-08-15,3722.62,3722.62,4704.73
2000-08-16,3721.25,3721.25,4704.73
2000-08-17,3830.59,3830.59,4704.73
2000-08-18,3807.51,3807.51,4704.73
2000-08-21,3827.62,3827.62,4704.73
2000-08-22,3827.89,3827.89,4704.73
2000-08-23,3896.92,3896.92,4704.73
2000-08-24,3949.57,3949.57,4704.73
2000-08-25,3931.25,3931.25,4704.73
2000-08-28,3954.24,3954.24,4704.73
2000-08-29,3951.94,3951.94,4704.73
2000-08-30,3968.73,3968.73,4704.73
2000-08-31,4077.59,4077.59,4704.73
2000-09-01,4099.3,4099.3,4704.73
2000-09-05,3987.03,3987.03,4704.73
2000-09-06,3837.62,3837.62,4704.73
2000-09-07,3953.36,3953.36,4704.73
2000-09-08,3813.44,3813.44,4704.73
2000-09-11,3706.74,3706.74,4704.73
2000-09-12,3666.87,3666.87,4704.73
2000-09-13,3741.75,3741.75,4704.73
2000-09-14,3737.42,3737.42,4704.73
2000-09-15,3676.33,3676.33,4704.73
2000-09-18,3585.52,3585.52,4704.73
2000-09-19,3756.4,3756.4,4704.73
2000-09-20,3790.45,3790.45,4704.73
2000-09-21,3718.15,3718.15,4704.73
2000-09-22,3701.18,3701.18,4704.73
2000-09-25,3622.1,3622.1,4704.73
2000-09-26,3582.59,3582.59,4704.73
2000-09-27,3571.9,3571.9,4704.73
2000-09-28,3725.15,3725.15,4704.73
2000-09-29,3570.61,3570.61,4704.73
2000-10-02,3457.97,3457.97,4704.73
2000-10-03,3353.34,3353.34,4704.73
2000-10-04,3453.36,3453.36,4704.73
2000-10-05,3424.32,3424.32,4704.73
2000-10-06,3311.94,3311.94,4704.73
2000-10-09,3318.9,3318.9,4704.73
2000-10-10,3188.29,3188.29,4704.73
2000-10-11,3100.53,3100.53,4704.73
2000-10-12,3004.45,3004.45,4704.73
2000-10-13,3277.77,3277.77,4704.73
2000-10-16,3249.46,3249.46,4704.73
2000-10-17,3172.19,3172.19,4704.73
2000-10-18,3139.31,3139.31,4704.73
2000-10-19,3402.95,3402.95,4704.73
2000-10-20,3456.61,3456.61,4704.73
2000-10-23,3422.0,3422.0,4704.73
2000-10-24,3353.26,3353.26,4704.73
2000-10-25,3107.61,3107.61,4704.73
2000-10-26,3167.14,3167.14,4704.73
2000-10-27,3175.25,3175.25,4704.73
2000-10-30,3081.07,3081.07,4704.73
2000-10-31,3282.3,3282.3,4704.73
2000-11-01,3225.27,3225.27,4704.73
2000-11-02,3308.48,3308.48,4704.73
2000-11-03,3321.91,3321.91,4704.73
2000-11-06,3290.47,3290.47,4704.73
2000-11-07,3279.57,3279.57,4704.73
2000-11-08,3059.09,3059.09,4704.73
2000-11-09,3057.06,3057.06,4704.73
2000-11-10,2890.26,2890.26,4704.73
2000-11-13,2836.62,2836.62,4704.73
2000-11-14,3039.5,3039.5,4704.73
2000-11-15,3076.7,3076.7,4704.73
2000-11-16,2925.16,2925.16,4704.73
2000-11-17,2934.81,2934.81,4704.73
2000-11-20,2792.41,2792.41,4704.73
2000-11-21,2786.53,2786.53,4704.73
2000-11-22,2668.25,2668.25,4704.73
2000-11-24,2830.09,2830.09,4704.73
2000-11-27,2769.32,2769.32,4704.73
2000-11-28,2621.11,2621.11,4704.73
2000-11-29,2602.85,2602.85,4704.73
2000-11-30,2506.54,2506.54,4704.73
2000-12-01,2549.74,2549.74,4704.73
2000-12-04,2554.4,2554.4,4704.73
2000-12-05,2852.87,2852.87,4704.73
2000-12-06,2743.7,2743.7,4704.73
2000-12-07,2719.91,2719.91,4704.73
2000-12-08,2895.39,2895.39,4704.73
2000-12-11,2972.91,2972.91,4704.73
2000-12-12,2863.21,2863.21,4704.73
2000-12-13,2748.88,2748.88,4704.73
2000-12-14,2639.26,2639.26,4704.73
2000-12-15,2549.48,2549.48,4704.73
2000-12-18,2543.09,2543.09,4704.73
2000-12-19,2399.63,2399.63,4704.73
2000-12-20,2210.32,2210.32,4704.73
2000-12-21,2224.84,2224.84,4704.73
2000-12-22,2436.26,2436.26,4704.73
2000-12-26,2404.6,2404.6,4704.73
2000-12-27,2460.21,2460.21,4704.73
2000-12-28,2464.62,2464.62,4704.73
2000-12-29,2341.7,2341.7,4704.73
2001-01-01,2341.7,2341.7,4704.73
2001-01-02,2128.78,2128.78,4704.73
2001-01-03,2528.38,2528.38,4704.73
2001-01-04,2460.04,2460.04,4704.73
2001-01-05,2267.85,2267.85,4704.73
2001-01-08,2281.54,2281.54,4704.73
2001-01-09,2311.4,2311.4,4704.73
2001-01-10,2413.71,2413.71,4704.73
2001-01-11,2524.29,2524.29,4704.73
2001-01-12,2506.05,2506.05,4704.73
2001-01-16,2470.72,2470.72,4704.73
2001-01-17,2558.67,2558.67,4704.73
2001-01-18,2670.47,2670.47,4704.73
2001-01-19,2655.68,2655.68,4704.73
2001-01-22,2643.13,2643.13,4704.73
2001-01-23,2730.05,2730.05,4704.73
2001-01-24,2726.45,2726.45,4704.73
2001-01-25,2595.85,2595.85,4704.73
2001-01-26,2631.78,2631.78,4704.73
2001-01-29,2694.53,2694.53,4704.73
2001-01-30,2686.14,2686.14,4704.73
2001-01-31,2593.0,2593.0,4704.73
2001-02-01,2607.16,2607.16,4704.73
2001-02-02,2472.18,2472.18,4704.73
2001-02-05,2467.3,2467.3,4704.73
2001-02-06,2473.24,2473.24,4704.73
2001-02-07,2409.66,2409.66,4704.73
2001-02-08,2355.67,2355.67,4704.73
2001-02-09,2261.77,2261.77,4704.73
2001-02-12,2286.85,2286.85,4704.73
2001-02-13,2208.4,2208.4,4704.73
2001-02-14,2305.82,2305.82,4704.73
2001-02-15,2371.04,2371.04,4704.73
2001-02-16,2212.51,2212.51,4704.73
2001-02-20,2095.11,2095.11,4704.73
2001-02-21,2058.54,2058.54,4704.73
2001-02-22,2032.42,2032.42,4704.73
2001-02-23,2056.06,2056.06,4704.73
2001-02-26,2097.64,2097.64,4704.73
2001-02-27,1964.52,1964.52,4704.73
2001-02-28,1908.32,1908.32,4704.73
2001-03-01,1968.02,1968.02,4704.73
2001-03-02,1881.34,1881.34,4704.73
2001-03-05,1916.68,1916.68,4704.73
2001-03-06,1976.31,1976.31,4704.73
2001-03-07,1996.23,1996.23,4704.73
2001-03-08,1938.15,1938.15,4704.73
2001-03-09,1813.02,1813.02,4704.73
2001-03-12,1680.64,1680.64,4704.73
2001-03-13,1789.7,1789.7,4704.73
2001-03-14,1745.08,1745.08,4704.73
2001-03-15,1697.92,1697.92,4704.73
2001-03-16,1647.51,1647.51,4704.73
2001-03-19,1730.46,1730.46,4704.73
2001-03-20,1614.47,1614.47,4704.73
2001-03-21,1605.04,1605.04,4704.73
2001-03-22,1701.9,1701.9,4704.73
2001-03-23,1705.02,1705.02,4704.73
2001-03-26,1676.9,1676.9,4704.73
2001-03-27,1735.7,1735.7,4704.73
2001-03-28,1602.22,1602.22,4704.73
2001-03-29,1563.14,1563.14,4704.73
2001-03-30,1573.25,1573.25,4704.73
2001-04-02,1516.58,1516.58,4704.73
2001-04-03,1399.05,1399.05,4704.73
2001-04-04,1370.75,1370.75,4704.73
2001-04-05,1519.05,1519.05,4704.73
2001-04-06,1448.16,1448.16,4704.73
2001-04-09,1481.22,1481.22,4704.73
2001-04-10,1597.87,1597.87,4704.73
2001-04-11,1647.36,1647.36,4704.73
2001-04-12,1714.29,1714.29,4704.73
2001-04-16,1650.21,1650.21,4704.73
2001-04-17,1671.51,1671.51,4704.73
2001-04-18,1830.79,1830.79,4704.73
2001-04-19,1953.28,1953.28,4704.73
2001-04-20,1933.57,1933.57,4704.73
2001-04-23,1811.89,1811.89,4704.73
2001-04-24,1762.21,1762.21,4704.73
2001-04-25,1814.33,1814.33,4704.73
2001-04-26,1763.33,1763.33,4704.73
2001-04-27,1810.47,1810.47,4704.73
2001-04-30,1855.15,1855.15,4704.73
2001-05-01,1919.01,1919.01,4704.73
2001-05-02,1962.42,1962.42,4704.73
2001-05-03,1877.8,1877.8,4704.73
2001-05-04,1923.81,1923.81,4704.73
2001-05-07,1895.41,1895.41,4704.73
2001-05-08,1929.24,1929.24,4704.73
2001-05-09,1876.87,1876.87,4704.73
2001-05-10,1838.32,1838.32,4704.73
2001-05-11,1821.2,1821.2,4704.73
2001-05-14,1795.06,1795.06,4704.73
2001-05-15,1796.81,1796.81,4704.73
2001-05-16,1899.47,1899.47,4704.73
2001-05-17,1925.14,1925.14,4704.73
2001-05-18,1927.69,1927.69,4704.73
2001-05-21,2052.57,2052.57,4704.73
2001-05-22,2042.93,2042.93,4704.73
2001-05-23,1957.56,1957.56,4704.73
2001-05-24,2003.37,2003.37,4704.73
2001-05-25,1960.74,1960.74,4704.73
2001-05-29,1873.53,1873.53,4704.73
2001-05-30,1779.0,1779.0,4704.73
2001-05-31,1799.89,1799.89,4704.73
2001-06-01,1840.83,1840.83,4704.73
2001-06-04,1838.84,1838.84,4704.73
2001-06-05,1923.9,1923.9,4704.73
2001-06-06,1903.84,1903.84,4704.73
2001-06-07,1963.31,1963.31,4704.73
2001-06-08,1896.22,1896.22,4704.73
2001-06-11,1846.5,1846.5,4704.73
2001-06-12,1852.03,1852.03,4704.73
2001-06-13,1790.21,1790.21,4704.73
2001-06-14,1711.39,1711.39,4704.73
2001-06-15,1701.53,1701.53,4704.73
2001-06-18,1666.49,1666.49,4704.73
2001-06-19,1675.9,1675.9,4704.73
2001-06-20,1721.56,1721.56,4704.73
2001-06-21,1751.22,1751.22,4704.73
2001-06-22,1727.47,1727.47,4704.73
2001-06-25,1743.9,1743.9,4704.73
2001-06-26,1751.62,1751.62,4704.73
2001-06-27,1756.02,1756.02,4704.73
2001-06-28,1808.94,1808.94,4704.73
2001-06-29,1830.19,1830.19,4704.73
2001-07-02,1827.07,1827.07,4704.73
2001-07-03,1822.16,1822.16,4704.73
2001-07-05,1751.0,1751.0,4704.73
2001-07-06,1668.59,1668.59,4704.73
2001-07-09,1697.05,1697.05,4704.73
2001-07-10,1624.95,1624.95,4704.73
2001-07-11,1641.56,1641.56,4704.73
2001-07-12,1750.13,1750.13,4704.73
2001-07-13,1751.11,1751.11,4704.73
2001-07-16,1685.74,1685.74,4704.73
2001-07-17,1729.55,1729.55,4704.73
2001-07-18,1666.87,1666.87,4704.73
2001-07-19,1695.89,1695.89,4704.73
2001-07-20,1676.46,1676.46,4704.73
2001-07-23,1629.93,1629.93,4704.73
2001-07-24,1604.86,1604.86,4704.73
2001-07-25,1627.86,1627.86,4704.73
2001-07-26,1673.39,1673.39,4704.73
2001-07-27,1683.18,1683.18,4704.73
2001-07-30,1670.03,1670.03,4704.73
2001-07-31,1683.61,1683.61,4704.73
2001-08-01,1729.53,1729.53,4704.73
2001-08-02,1751.45,1751.45,4704.73
2001-08-03,1725.9,1725.9,4704.73
2001-08-06,1702.84,1702.84,4704.73
2001-08-07,1696.37,1696.37,4704.73
2001-08-08,1626.2,1626.2,4704.73
2001-08-09,1628.92,1628.92,4704.73
2001-08-10,1617.45,1617.45,4704.73
2001-08-13,1653.27,1653.27,4704.73
2001-08-14,1629.95,1629.95,4704.73
2001-08-15,1572.03,1572.03,4704.73
2001-08-16,1581.98,1581.98,4704.73
2001-08-17,1516.58,1516.58,4704.73
2001-08-20,1535.99,1535.99,4704.73
2001-08-21,1480.74,1480.74,4704.73
2001-08-22,1515.41,1515.41,4704.73
2001-08-23,1496.98,1496.98,4704.73
2001-08-24,1579.62,1579.62,4704.73
2001-08-27,1578.33,1578.33,4704.73
2001-08-28,1526.3,1526.3,4704.73
2001-08-29,1499.76,1499.76,4704.73
2001-08-30,1453.9,1453.9,4704.73
2001-08-31,1469.7,1469.7,4704.73
2001-09-04,1424.12,1424.12,4704.73
2001-09-05,1415.3,1415.3,4704.73
2001-09-06,1361.69,1361.69,4704.73
2001-09-07,1354.27,1354.27,4704.73
2001-09-10,1365.39,1365.39,4704.73
2001-09-17,1252.7,1252.7,4704.73
2001-09-18,1224.64,1224.64,4704.73
2001-09-19,1208.23,1208.23,4704.73
2001-09-20,1166.27,1166.27,4704.73
2001-09-21,1126.95,1126.95,4704.73
2001-09-24,1191.02,1191.02,4704.73
2001-09-25,1187.77,1187.77,4704.73
2001-09-26,1172.11,1172.11,4704.73
2001-09-27,1144.27,1144.27,4704.73
2001-09-28,1168.37,1168.37,4704.73
2001-10-01,1151.24,1151.24,4704.73
2001-10-02,1159.37,1159.37,4704.73
2001-10-03,1249.41,1249.41,4704.73
2001-10-04,1260.66,1260.66,4704.73
2001-10-05,1271.73,1271.73,4704.73
2001-10-08,1279.63,1279.63,4704.73
2001-10-09,1244.56,1244.56,4704.73
2001-10-10,1304.68,1304.68,4704.73
2001-10-11,1389.87,1389.87,4704.73
2001-10-12,1393.84,1393.84,4704.73
2001-10-15,1378.92,1378.92,4704.73
2001-10-16,1404.81,1404.81,4704.73
2001-10-17,1314.8,1314.8,4704.73
2001-10-18,1330.33,1330.33,4704.73
2001-10-19,1347.59,1347.59,4704.73
2001-10-22,1383.07,1383.07,4704.73
2001-10-23,1384.06,1384.06,4704.73
2001-10-24,1424.69,1424.69,4704.73
2001-10-25,1479.05,1479.05,4704.73
2001-10-26,1454.9,1454.9,4704.73
2001-10-29,1374.58,1374.58,4704.73
2001-10-30,1342.26,1342.26,4704.73
2001-10-31,1364.78,1364.78,4704.73
2001-11-01,1424.15,1424.15,4704.73
2001-11-02,1425.78,1425.78,4704.73
2001-11-05,1480.21,1480.21,4704.73
2001-11-06,1523.09,1523.09,4704.73
2001-11-07,1524.67,1524.67,4704.73
2001-11-08,1510.6,1510.6,4704.73
2001-11-09,1514.96,1514.96,4704.73
2001-11-12,1528.75,1528.75,4704.73
2001-11-13,1580.76,1580.76,4704.73
2001-11-14,1585.89,1585.89,4704.73
2001-11-15,1582.58,1582.58,4704.73
2001-11-16,1582.14,1582.14,4704.73
2001-11-19,1617.58,1617.58,4704.73
2001-11-20,1549.7,1549.7,4704.73
2001-11-21,1552.01,1552.01,4704.73
2001-11-23,1577.47,1577.47,4704.73
2001-11-26,1619.65,1619.65,4704.73
2001-11-27,1609.87,1609.87,4704.73
2001-11-28,1557.03,1557.03,4704.73
2001-11-29,1599.3,1599.3,4704.73
2001-11-30,1596.05,1596.05,4704.73
2001-12-03,1567.54,1567.54,4704.73
2001-12-04,1634.27,1634.27,4704.73
2001-12-05,1720.91,1720.91,4704.73
2001-12-06,1717.97,1717.97,4704.73
2001-12-07,1673.9,1673.9,4704.73
2001-12-10,1645.36,1645.36,4704.73
2001-12-11,1661.27,1661.27,4704.73
2001-12-12,1669.95,1669.95,4704.73
2001-12-13,1601.91,1601.91,4704.73
2001-12-14,1605.67,1605.67,4704.73
2001-12-17,1640.34,1640.34,4704.73
2001-12-18,1657.68,1657.68,4704.73
2001-12-19,1628.69,1628.69,4704.73
2001-12-20,1557.36,1557.36,4704.73
2001-12-21,1578.27,1578.27,4704.73
2001-12-24,1577.31,1577.31,4704.73
2001-12-26,1590.84,1590.84,4704.73
2001-12-27,1606.48,1606.48,4704.73
2001-12-28,1621.13,1621.13,4704.73
2001-12-31,1577.05,1577.05,4704.73
2002-01-02,1610.39,1610.39,4704.73
2002-01-03,1666.66,1666.66,4704.73
2002-01-04,1675.03,1675.03,4704.73
2002-01-07,1649.83,1649.83,4704.73
2002-01-08,1666.58,1666.58,4704.73
2002-01-09,1653.76,1653.76,4704.73
2002-01-10,1656.68,1656.68,4704.73
2002-01-11,1634.17,1634.17,4704.73
2002-01-14,1603.76,1603.76,4704.73
2002-01-15,1612.46,1612.46,4704.73
2002-01-16,1558.98,1558.98,4704.73
2002-01-17,1602.32,1602.32,4704.73
2002-01-18,1548.22,1548.22,4704.73
2002-01-22,1501.78,1501.78,4704.73
2002-01-23,1549.21,1549.21,4704.73
2002-01-24,1565.13,1565.13,4704.73
2002-01-25,1558.26,1558.26,4704.73
2002-01-28,1564.86,1564.86,4704.73
2002-01-29,1519.3299560546875,1519.3299560546875,4704.73
2002-01-30,1538.94,1538.94,4704.73
2002-01-31,1550.17,1550.17,4704.73
2002-02-01,1528.15,1528.15,4704.73
2002-02-04,1479.17,1479.17,4704.73
2002-02-05,1462.86,1462.86,4704.73
2002-02-06,1445.96,1445.96,4704.73
2002-02-07,1413.86,1413.86,4704.73
2002-02-08,1452.17,1452.17,4704.73
2002-02-11,1477.64,1477.64,4704.73
2002-02-12,1464.76,1464.76,4704.73
2002-02-13,1486.75,1486.75,4704.73
2002-02-14,1474.71,1474.71,4704.73
2002-02-15,1436.7,1436.7,4704.73
2002-02-19,1387.27,1387.27,4704.73
2002-02-20,1408.26,1408.26,4704.73
2002-02-21,1348.25,1348.25,4704.73
2002-02-22,1356.16,1356.16,4704.73
2002-02-25,1407.99,1407.99,4704.73
2002-02-26,1401.19,1401.19,4704.73
2002-02-27,1378.48,1378.48,4704.73
2002-02-28,1359.22,1359.22,4704.73
2002-03-01,1435.41,1435.41,4704.73
2002-03-04,1494.7,1494.7,4704.73
2002-03-05,1498.95,1498.95,4704.73
2002-03-06,1519.95,1519.95,4704.73
2002-03-07,1506.81,1506.81,4704.73
2002-03-08,1555.11,1555.11,4704.73
2002-03-11,1553.8,1553.8,4704.73
2002-03-12,1520.54,1520.54,4704.73
2002-03-13,1486.27,1486.27,4704.73
2002-03-14,1477.19,1477.19,4704.73
2002-03-15,1495.41,1495.41,4704.73
2002-03-18,1505.89,1505.89,4704.73
2002-03-19,1504.67,1504.67,4704.73
2002-03-20,1451.02,1451.02,4704.73
2002-03-21,1488.97,1488.97,4704.73
2002-03-22,1470.1,1470.1,4704.73
2002-03-25,1427.6,1427.6,4704.73
2002-03-26,1439.55,1439.55,4704.73
2002-03-27,1436.51,1436.51,4704.73
2002-03-28,1452.81,1452.81,4704.73
2002-04-01,1478.5,1478.5,4704.73
2002-04-02,1410.41,1410.41,4704.73
2002-04-03,1394.21,1394.21,4704.73
2002-04-04,1396.97,1396.97,4704.73
2002-04-05,1376.72,1376.72,4704.73
2002-04-08,1392.96,1392.96,4704.73
2002-04-09,1345.32,1345.32,4704.73
2002-04-10,1363.29,1363.29,4704.73
2002-04-11,1324.65,1324.65,4704.73
2002-04-12,1351.85,1351.85,4704.73
2002-04-15,1355.09,1355.09,4704.73
2002-04-16,1413.93,1413.93,4704.73
2002-04-17,1403.71,1403.71,4704.73
2002-04-18,1395.9,1395.9,4704.73
2002-04-19,1385.01,1385.01,4704.73
2002-04-22,1349.83,1349.83,4704.73
2002-04-23,1322.81,1322.81,4704.73
2002-04-24,1302.32,1302.32,4704.73
2002-04-25,1302.32,1302.32,4704.73
2002-04-26,1250.89,1250.89,4704.73
2002-04-29,1246.75,1246.75,4704.73
2002-04-30,1277.07,1277.07,4704.73
2002-05-01,1267.43,1267.43,4704.73
2002-05-02,1225.37,1225.37,4704.73
2002-05-03,1190.74,1190.74,4704.73
2002-05-06,1161.16,1161.16,4704.73
2002-05-07,1159.25,1159.25,4704.73
2002-05-08,1282.41,1282.41,4704.73
2002-05-09,1240.41,1240.41,4704.73
2002-05-10,1188.78,1188.78,4704.73
2002-05-13,1241.54,1241.54,4704.73
2002-05-14,1305.55,1305.55,4704.73
2002-05-15,1311.05,1311.05,4704.73
2002-05-16,1315.85,1315.85,4704.73
2002-05-17,1325.8,1325.8,4704.73
2002-05-20,1292.21,1292.21,4704.73
2002-05-21,1255.91,1255.91,4704.73
2002-05-22,1264.51,1264.51,4704.73
2002-05-23,1286.77,1286.77,4704.73
2002-05-24,1253.03,1253.03,4704.73
2002-05-28,1244.82,1244.82,4704.73
2002-05-29,1218.68,1218.68,4704.73
2002-05-30,1227.9,1227.9,4704.73
2002-05-31,1208.36,1208.36,4704.73
2002-06-03,1159.15,1159.15,4704.73
2002-06-04,1178.8,1178.8,4704.73
2002-06-05,1195.6,1195.6,4704.73
2002-06-06,1157.62,1157.62,4704.73
2002-06-07,1140.24,1140.24,4704.73
2002-06-10,1135.62,1135.62,4704.73
2002-06-11,1100.97,1100.97,4704.73
2002-06-12,1123.34,1123.34,4704.73
2002-06-13,1106.54,1106.54,4704.73
2002-06-14,1109.6,1109.6,4704.73
2002-06-17,1149.91,1149.91,4704.73
2002-06-18,1138.31,1138.31,4704.73
2002-06-19,1097.54,1097.54,4704.73
2002-06-20,1062.45,1062.45,4704.73
2002-06-21,1035.63,1035.63,4704.73
2002-06-24,1057.68,1057.68,4704.73
2002-06-25,1022.74,1022.74,4704.73
2002-06-26,1027.22,1027.22,4704.73
2002-06-27,1050.64,1050.64,4704.73
2002-06-28,1051.41,1051.41,4704.73
2002-07-01,998.17,998.17,4704.73
2002-07-02,963.66,963.66,4704.73
2002-07-03,995.68,995.68,4704.73
2002-07-05,1060.89,1060.89,4704.73
2002-07-08,1014.33,1014.33,4704.73
2002-07-09,990.23,990.23,4704.73
2002-07-10,959.05,959.05,4704.73
2002-07-11,998.03,998.03,4704.73
2002-07-12,1000.82,1000.82,4704.73
2002-07-15,1021.02,1021.02,4704.73
2002-07-16,1011.3,1011.3,4704.73
2002-07-17,1028.74,1028.74,4704.73
2002-07-18,994.61,994.61,4704.73
2002-07-19,965.45,965.45,4704.73
2002-07-22,939.1,939.1,4704.73
2002-07-23,896.69,896.69,4704.73
2002-07-24,951.58,951.58,4704.73
2002-07-25,894.45,894.45,4704.73
2002-07-26,910.91,910.91,4704.73
2002-07-29,970.13,970.13,4704.73
2002-07-30,980.36,980.36,4704.73
2002-07-31,962.11,962.11,4704.73
2002-08-01,913.59,913.59,4704.73
2002-08-02,892.51,892.51,4704.73
2002-08-05,857.08,857.08,4704.73
2002-08-06,901.91,901.91,4704.73
2002-08-07,919.08,919.08,4704.73
2002-08-08,947.24,947.24,4704.73
2002-08-09,937.33,937.33,4704.73
2002-08-12,938.98,938.98,4704.73
2002-08-13,907.62,907.62,4704.73
2002-08-14,968.84,968.84,4704.73
2002-08-15,980.98,980.98,4704.73
2002-08-16,996.06,996.06,4704.73
2002-08-19,1025.95,1025.95,4704.73
2002-08-20,1008.02,1008.02,4704.73
2002-08-21,1035.47,1035.47,4704.73
2002-08-22,1049.03,1049.03,4704.73
2002-08-23,1010.49,1010.49,4704.73
2002-08-26,1016.79,1016.79,4704.73
2002-08-27,974.47,974.47,4704.73
2002-08-28,944.83,944.83,4704.73
2002-08-29,961.75,961.75,4704.73
2002-08-30,942.38,942.38,4704.73
2002-09-03,899.64,899.64,4704.73
2002-09-04,920.98,920.98,4704.73
2002-09-05,882.92,882.92,4704.73
2002-09-06,922.22,922.22,4704.73
2002-09-09,932.23,932.23,4704.73
2002-09-10,947.72,947.72,4704.73
2002-09-11,946.4,946.4,4704.73
2002-09-12,915.01,915.01,4704.73
2002-09-13,923.83,923.83,4704.73
2002-09-16,908.48,908.48,4704.73
2002-09-17,897.53,897.53,4704.73
2002-09-18,895.2,895.2,4704.73
2002-09-19,865.93,865.93,4704.73
2002-09-20,871.6,871.6,4704.73
2002-09-23,843.08,843.08,4704.73
2002-09-24,843.77,843.77,4704.73
2002-09-25,880.44,880.44,4704.73
2002-09-26,873.74,873.74,4704.73
2002-09-27,860.35,860.35,4704.73
2002-09-30,832.52,832.52,4704.73
2002-10-01,870.63,870.63,4704.73
2002-10-02,849.56,849.56,4704.73
2002-10-03,833.21,833.21,4704.73
2002-10-04,815.4,815.4,4704.73
2002-10-07,804.64,804.64,4704.73
2002-10-08,811.47,811.47,4704.73
2002-10-09,807.42,807.42,4704.73
2002-10-10,849.57,849.57,4704.73
2002-10-11,890.61,890.61,4704.73
2002-10-14,900.75,900.75,4704.73
2002-10-15,950.42,950.42,4704.73
2002-10-16,910.13,910.13,4704.73
2002-10-17,945.06,945.06,4704.73
2002-10-18,956.13,956.13,4704.73
2002-10-21,979.35,979.35,4704.73
2002-10-22,963.87,963.87,4704.73
2002-10-23,989.32,989.32,4704.73
2002-10-24,964.91,964.91,4704.73
2002-10-25,995.55,995.55,4704.73
2002-10-28,979.46,979.46,4704.73
2002-10-29,960.82,960.82,4704.73
2002-10-30,986.09,986.09,4704.73
2002-10-31,989.54,989.54,4704.73
2002-11-01,1019.06,1019.06,4704.73
2002-11-04,1046.99,1046.99,4704.73
2002-11-05,1050.39,1050.39,4704.73
2002-11-06,1065.86,1065.86,4704.73
2002-11-07,1025.79,1025.79,4704.73
2002-11-08,1008.44,1008.44,4704.73
2002-11-11,972.48,972.48,4704.73
2002-11-12,1001.94,1001.94,4704.73
2002-11-13,1011.94,1011.94,4704.73
2002-11-14,1057.83,1057.83,4704.73
2002-11-15,1061.28,1061.28,4704.73
2002-11-18,1045.19,1045.19,4704.73
2002-11-19,1025.96,1025.96,4704.73
2002-11-20,1070.53,1070.53,4704.73
2002-11-21,1118.14,1118.14,4704.73
2002-11-22,1116.01,1116.01,4704.73
2002-11-25,1127.06,1127.06,4704.73
2002-11-26,1087.49,1087.49,4704.73
2002-11-27,1125.67,1125.67,4704.73
2002-11-29,1116.1,1116.1,4704.73
2002-12-02,1120.43,1120.43,4704.73
2002-12-03,1088.8,1088.8,4704.73
2002-12-04,1069.49,1069.49,4704.73
2002-12-05,1053.06,1053.06,4704.73
2002-12-06,1065.97,1065.97,4704.73
2002-12-09,1014.84,1014.84,4704.73
2002-12-10,1033.07,1033.07,4704.73
2002-12-11,1036.34,1036.34,4704.73
2002-12-12,1039.95,1039.95,4704.73
2002-12-13,1005.85,1005.85,4704.73
2002-12-16,1042.44,1042.44,4704.73
2002-12-17,1040.02,1040.02,4704.73
2002-12-18,1013.72,1013.72,4704.73
2002-12-19,1006.05,1006.05,4704.73
2002-12-20,1013.61,1013.61,4704.73
2002-12-23,1032.3,1032.3,4704.73
2002-12-24,1023.32,1023.32,4704.73
2002-12-26,1016.46,1016.46,4704.73
2002-12-27,997.85,997.85,4704.73
2002-12-30,989.89,989.89,4704.73
2002-12-31,984.3,984.3,4704.73
2003-01-02,1027.86,1027.86,4704.73
2003-01-03,1031.63,1031.63,4704.73
2003-01-06,1061.48,1061.48,4704.73
2003-01-07,1071.85,1071.85,4704.73
2003-01-08,1042.52,1042.52,4704.73
2003-01-09,1076.05,1076.05,4704.73
2003-01-10,1087.36,1087.36,4704.73
2003-01-13,1083.0,1083.0,4704.73
2003-01-14,1094.87,1094.87,4704.73
2003-01-15,1073.6,1073.6,4704.73
2003-01-16,1061.46,1061.46,4704.73
2003-01-17,1017.58,1017.58,4704.73
2003-01-21,1008.93,1008.93,4704.73
2003-01-22,1027.08,1027.08,4704.73
2003-01-23,1039.16,1039.16,4704.73
2003-01-24,992.85,992.85,4704.73
2003-01-27,982.02,982.02,4704.73
2003-01-28,1006.51,1006.51,4704.73
2003-01-29,1022.98,1022.98,4704.73
2003-01-30,985.16,985.16,4704.73
2003-01-31,996.04,996.04,4704.73
2003-02-03,997.56,997.56,4704.73
2003-02-04,960.01,960.01,4704.73
2003-02-05,967.59,967.59,4704.73
2003-02-06,960.81,960.81,4704.73
2003-02-07,951.67,951.67,4704.73
2003-02-10,974.48,974.48,4704.73
2003-02-11,962.44,962.44,4704.73
2003-02-12,956.57,956.57,4704.73
2003-02-13,938.52,938.52,4704.73
2003-02-14,982.12,982.12,4704.73
2003-02-18,1015.34,1015.34,4704.73
2003-02-19,994.25,994.25,4704.73
2003-02-20,999.58,999.58,4704.73
2003-02-21,1019.25,1019.25,4704.73
2003-02-24,994.23,994.23,4704.73
2003-02-25,1001.72,1001.72,4704.73
2003-02-26,973.93,973.93,4704.73
2003-02-27,1000.98,1000.98,4704.73
2003-02-28,1013.34,1013.34,4704.73
2003-03-03,988.4,988.4,4704.73
2003-03-04,982.06,982.06,4704.73
2003-03-05,995.19,995.19,4704.73
2003-03-06,991.69,991.69,4704.73
2003-03-07,992.11,992.11,4704.73
2003-03-10,962.48,962.48,4704.73
2003-03-11,956.94,956.94,4704.73
2003-03-12,971.39,971.39,4704.73
2003-03-13,1029.84,1029.84,4704.73
2003-03-14,1020.17,1020.17,4704.73
2003-03-17,1077.14,1077.14,4704.73
2003-03-18,1082.2,1082.2,4704.73
2003-03-19,1058.81,1058.81,4704.73
2003-03-20,1089.21,1089.21,4704.73
2003-03-21,1099.61,1099.61,4704.73
2003-03-24,1045.65,1045.65,4704.73
2003-03-25,1075.43,1075.43,4704.73
2003-03-26,1074.98,1074.98,4704.73
2003-03-27,1070.67,1070.67,4704.73
2003-03-28,1044.38,1044.38,4704.73
2003-03-31,1032.91,1032.91,4704.73
2003-04-01,1031.51,1031.51,4704.73
2003-04-02,1066.9,1066.9,4704.73
2003-04-03,1078.76,1078.76,4704.73
2003-04-04,1044.37,1044.37,4704.73
2003-04-07,1053.22,1053.22,4704.73
2003-04-08,1056.03,1056.03,4704.73
2003-04-09,1023.48,1023.48,4704.73
2003-04-10,1035.61,1035.61,4704.73
2003-04-11,1020.56,1020.56,4704.73
2003-04-14,1050.51,1050.51,4704.73
2003-04-15,1058.54,1058.54,4704.73
2003-04-16,1051.52,1051.52,4704.73
2003-04-17,1084.81,1084.81,4704.73
2003-04-21,1070.86,1070.86,4704.73
2003-04-22,1103.81,1103.81,4704.73
2003-04-23,1115.67,1115.67,4704.73
2003-04-24,1115.36,1115.36,4704.73
2003-04-25,1081.34,1081.34,4704.73
2003-04-28,1110.5,1110.5,4704.73
2003-04-29,1103.79,1103.79,4704.73
2003-04-30,1116.85,1116.85,4704.73
2003-05-01,1119.67,1119.67,4704.73
2003-05-02,1137.45,1137.45,4704.73
2003-05-05,1152.96,1152.96,4704.73
2003-05-06,1161.0,1161.0,4704.73
2003-05-07,1131.37,1131.37,4704.73
2003-05-08,1132.28,1132.28,4704.73
2003-05-09,1143.97,1143.97,4704.73
2003-05-12,1163.75,1163.75,4704.73
2003-05-13,1165.53,1165.53,4704.73
2003-05-14,1140.77,1140.77,4704.73
2003-05-15,1149.04,1149.04,4704.73
2003-05-16,1146.29,1146.29,4704.73
2003-05-19,1112.27,1112.27,4704.73
2003-05-20,1103.2,1103.2,4704.73
2003-05-21,1104.11,1104.11,4704.73
2003-05-22,1137.68,1137.68,4704.73
2003-05-23,1135.49,1135.49,4704.73
2003-05-27,1174.16,1174.16,4704.73
2003-05-28,1181.93,1181.93,4704.73
2003-05-29,1198.43,1198.43,4704.73
2003-05-30,1201.25,1201.25,4704.73
2003-06-02,1180.32,1180.32,4704.73
2003-06-03,1198.95,1198.95,4704.73
2003-06-04,1228.52,1228.52,4704.73
2003-06-05,1231.79,1231.79,4704.73
2003-06-06,1210.33,1210.33,4704.73
2003-06-09,1188.04,1188.04,4704.73
2003-06-10,1212.99,1212.99,4704.73
2003-06-11,1230.5,1230.5,4704.73
2003-06-12,1218.02,1218.02,4704.73
2003-06-13,1201.12,1201.12,4704.73
2003-06-16,1242.5,1242.5,4704.73
2003-06-17,1229.73,1229.73,4704.73
2003-06-18,1255.39,1255.39,4704.73
2003-06-19,1222.87,1222.87,4704.73
2003-06-20,1217.19,1217.19,4704.73
2003-06-23,1189.78,1189.78,4704.73
2003-06-24,1188.2,1188.2,4704.73
2003-06-25,1186.53,1186.53,4704.73
2003-06-26,1217.21,1217.21,4704.73
2003-06-27,1199.6,1199.6,4704.73
2003-06-30,1199.83,1199.83,4704.73
2003-07-01,1219.23,1219.23,4704.73
2003-07-02,1245.78,1245.78,4704.73
2003-07-03,1228.4,1228.4,4704.73
2003-07-07,1282.31,1282.31,4704.73
2003-07-08,1298.93,1298.93,4704.73
2003-07-09,1285.42,1285.42,4704.73
2003-07-10,1260.76,1260.76,4704.73
2003-07-11,1271.76,1271.76,4704.73
2003-07-14,1290.48,1290.48,4704.73
2003-07-15,1285.56,1285.56,4704.73
2003-07-16,1277.46,1277.46,4704.73
2003-07-17,1249.59,1249.59,4704.73
2003-07-18,1267.69,1267.69,4704.73
2003-07-21,1232.16,1232.16,4704.73
2003-07-22,1265.4,1265.4,4704.73
2003-07-23,1270.44,1270.44,4704.73
2003-07-24,1252.12,1252.12,4704.73
2003-07-25,1278.31,1278.31,4704.73
2003-07-28,1285.86,1285.86,4704.73
2003-07-29,1257.13,1257.13,4704.73
2003-07-30,1261.68,1261.68,4704.73
2003-07-31,1298.81,1298.81,4704.73
2003-08-01,1260.09,1260.09,4704.73
2003-08-04,1277.07,1277.07,4704.73
2003-08-05,1226.82,1226.82,4704.73
2003-08-06,1237.14,1237.14,4704.73
2003-08-07,1225.29,1225.29,4704.73
2003-08-08,1204.29,1204.29,4704.73
2003-08-11,1230.26,1230.26,4704.73
2003-08-12,1241.62,1241.62,4704.73
2003-08-13,1233.8,1233.8,4704.73
2003-08-14,1254.0,1254.0,4704.73
2003-08-15,1257.46,1257.46,4704.73
2003-08-18,1284.88,1284.88,4704.73
2003-08-19,1301.31,1301.31,4704.73
2003-08-20,1307.45,1307.45,4704.73
2003-08-21,1299.02,1299.02,4704.73
2003-08-22,1304.51,1304.51,4704.73
2003-08-25,1295.82,1295.82,4704.73
2003-08-26,1309.83,1309.83,4704.73
2003-08-27,1320.02,1320.02,4704.73
2003-08-28,1332.47,1332.47,4704.73
2003-08-29,1344.74,1344.74,4704.73
2003-09-02,1361.09,1361.09,4704.73
2003-09-03,1354.72,1354.72,4704.73
2003-09-04,1376.06,1376.06,4704.73
2003-09-05,1355.02,1355.02,4704.73
2003-09-08,1387.45,1387.45,4704.73
2003-09-09,1364.94,1364.94,4704.73
2003-09-10,1332.28,1332.28,4704.73
2003-09-11,1358.02,1358.02,4704.73
2003-09-12,1357.63,1357.63,4704.73
2003-09-15,1345.94,1345.94,4704.73
2003-09-16,1383.48,1383.48,4704.73
2003-09-17,1369.76,1369.76,4704.73
2003-09-18,1401.64,1401.64,4704.73
2003-09-19,1383.24,1383.24,4704.73
2003-09-22,1358.6,1358.6,4704.73
2003-09-23,1388.67,1388.67,4704.73
2003-09-24,1339.61,1339.61,4704.73
2003-09-25,1325.69,1325.69,4704.73
2003-09-26,1309.2,1309.2,4704.73
2003-09-29,1335.56,1335.56,4704.73
2003-09-30,1302.26,1302.26,4704.73
2003-10-01,1336.13,1336.13,4704.73
2003-10-02,1325.93,1325.93,4704.73
2003-10-03,1385.79,1385.79,4704.73
2003-10-06,1384.11,1384.11,4704.73
2003-10-07,1392.65,1392.65,4704.73
2003-10-08,1376.4,1376.4,4704.73
2003-10-09,1386.63,1386.63,4704.73
2003-10-10,1393.97,1393.97,4704.73
2003-10-13,1405.05,1405.05,4704.73
2003-10-14,1421.0,1421.0,4704.73
2003-10-15,1409.77,1409.77,4704.73
2003-10-16,1427.61,1427.61,4704.73
2003-10-17,1392.08,1392.08,4704.73
2003-10-20,1409.31,1409.31,4704.73
2003-10-21,1429.2,1429.2,4704.73
2003-10-22,1385.15,1385.15,4704.73
2003-10-23,1387.01,1387.01,4704.73
2003-10-24,1370.67,1370.67,4704.73
2003-10-27,1369.38,1369.38,4704.73
2003-10-28,1420.02,1420.02,4704.73
2003-10-29,1423.69,1423.69,4704.73
2003-10-30,1413.57,1413.57,4704.73
2003-10-31,1411.76,1411.76,4704.73
2003-11-03,1445.72,1445.72,4704.73
2003-11-04,1425.26,1425.26,4704.73
2003-11-05,1437.85,1437.85,4704.73
2003-11-06,1443.06,1443.06,4704.73
2003-11-07,1436.13,1436.13,4704.73
2003-11-10,1412.14,1412.14,4704.73
2003-11-11,1401.45,1401.45,4704.73
2003-11-12,1443.52,1443.52,4704.73
2003-11-13,1442.27,1442.27,4704.73
2003-11-14,1407.4,1407.4,4704.73
2003-11-17,1377.9,1377.9,4704.73
2003-11-18,1364.7,1364.7,4704.73
2003-11-19,1382.94,1382.94,4704.73
2003-11-20,1394.38,1394.38,4704.73
2003-11-21,1375.94,1375.94,4704.73
2003-11-24,1419.31,1419.31,4704.73
2003-11-25,1411.36,1411.36,4704.73
2003-11-26,1400.0,1400.0,4704.73
2003-11-28,1426.76,1426.76,4704.73
2003-12-01,1447.08,1447.08,4704.73
2003-12-02,1431.32,1431.32,4704.73
2003-12-03,1419.77,1419.77,4704.73
2003-12-04,1434.28,1434.28,4704.73
2003-12-05,1405.55,1405.55,4704.73
2003-12-08,1419.11,1419.11,4704.73
2003-12-09,1383.0,1383.0,4704.73
2003-12-10,1372.87,1372.87,4704.73
2003-12-11,1422.49,1422.49,4704.73
2003-12-12,1404.4,1404.4,4704.73
2003-12-15,1396.82,1396.82,4704.73
2003-12-16,1407.38,1407.38,4704.73
2003-12-17,1390.83,1390.83,4704.73
2003-12-18,1432.64,1432.64,4704.73
2003-12-19,1416.21,1416.21,4704.73
2003-12-22,1419.82,1419.82,4704.73
2003-12-23,1448.19,1448.19,4704.73
2003-12-24,1447.57,1447.57,4704.73
2003-12-26,1442.29,1442.29,4704.73
2003-12-29,1470.37,1470.37,4704.73
2003-12-30,1470.38,1470.38,4704.73
2003-12-31,1459.06,1459.06,4704.73
2004-01-02,1458.51,1458.51,4704.73
2004-01-05,1496.58,1496.58,4704.73
2004-01-06,1504.47,1504.47,4704.73
2004-01-07,1514.45,1514.45,4704.73
2004-01-08,1530.65,1530.65,4704.73
2004-01-09,1541.84,1541.84,4704.73
2004-01-12,1540.1,1540.1,4704.73
2004-01-13,1513.21,1513.21,4704.73
2004-01-14,1536.84,1536.84,4704.73
2004-01-15,1545.65,1545.65,4704.73
2004-01-16,1553.64,1553.64,4704.73
2004-01-20,1541.34,1541.34,4704.73
2004-01-21,1554.89,1554.89,4704.73
2004-01-22,1530.42,1530.42,4704.73
2004-01-23,1519.74,1519.74,4704.73
2004-01-26,1553.66,1553.66,4704.73
2004-01-27,1519.2,1519.2,4704.73
2004-01-28,1488.61,1488.61,4704.73
2004-01-29,1474.13,1474.13,4704.73
2004-01-30,1487.78,1487.78,4704.73
2004-02-02,1481.57,1481.57,4704.73
2004-02-03,1497.07,1497.07,4704.73
2004-02-04,1461.01,1461.01,4704.73
2004-02-05,1475.41,1475.41,4704.73
2004-02-06,1498.95,1498.95,4704.73
2004-02-09,1490.7,1490.7,4704.73
2004-02-10,1503.83,1503.83,4704.73
2004-02-11,1514.49,1514.49,4704.73
2004-02-12,1499.43,1499.43,4704.73
2004-02-13,1478.54,1478.54,4704.73
2004-02-17,1512.17,1512.17,4704.73
2004-02-18,1515.44,1515.44,4704.73
2004-02-19,1484.8,1484.8,4704.73
2004-02-20,1493.45,1493.45,4704.73
2004-02-23,1454.36,1454.36,4704.73
2004-02-24,1474.04,1474.04,4704.73
2004-02-25,1461.26,1461.26,4704.73
2004-02-26,1480.88,1480.88,4704.73
2004-02-27,1459.91,1459.91,4704.73
2004-03-01,1490.18,1490.18,4704.73
2004-03-02,1473.22,1473.22,4704.73
2004-03-03,1473.28,1473.28,4704.73
2004-03-04,1481.36,1481.36,4704.73
2004-03-05,1494.29,1494.29,4704.73
2004-03-08,1441.0,1441.0,4704.73
2004-03-09,1429.36,1429.36,4704.73
2004-03-10,1417.18,1417.18,4704.73
2004-03-11,1402.2,1402.2,4704.73
2004-03-12,1431.4,1431.4,4704.73
2004-03-15,1399.87,1399.87,4704.73
2004-03-16,1394.11,1394.11,4704.73
2004-03-17,1432.23,1432.23,4704.73
2004-03-18,1407.09,1407.09,4704.73
2004-03-19,1398.58,1398.58,4704.73
2004-03-22,1369.36,1369.36,4704.73
2004-03-23,1368.67,1368.67,4704.73
2004-03-24,1391.87,1391.87,4704.73
2004-03-25,1425.86,1425.86,4704.73
2004-03-26,1415.39,1415.39,4704.73
2004-03-29,1445.82,1445.82,4704.73
2004-03-30,1445.3,1445.3,4704.73
2004-03-31,1447.95,1447.95,4704.73
2004-04-01,1457.59,1457.59,4704.73
2004-04-02,1490.3,1490.3,4704.73
2004-04-05,1508.37,1508.37,4704.73
2004-04-06,1485.7,1485.7,4704.73
2004-04-07,1492.19,1492.19,4704.73
2004-04-08,1478.44,1478.44,4704.73
2004-04-12,1497.5,1497.5,4704.73
2004-04-13,1469.88,1469.88,4704.73
2004-04-14,1485.28,1485.28,4704.73
2004-04-15,1449.4,1449.4,4704.73
2004-04-16,1460.39,1460.39,4704.73
2004-04-19,1473.53,1473.53,4704.73
2004-04-20,1436.89,1436.89,4704.73
2004-04-21,1452.92,1452.92,4704.73
2004-04-22,1488.74,1488.74,4704.73
2004-04-23,1484.36,1484.36,4704.73
2004-04-26,1474.79,1474.79,4704.73
2004-04-27,1476.42,1476.42,4704.73
2004-04-28,1449.23,1449.23,4704.73
2004-04-29,1420.66,1420.66,4704.73
2004-04-30,1401.36,1401.36,4704.73
2004-05-03,1404.06,1404.06,4704.73
2004-05-04,1438.49,1438.49,4704.73
2004-05-05,1435.46,1435.46,4704.73
2004-05-06,1403.36,1403.36,4704.73
2004-05-07,1406.19,1406.19,4704.73
2004-05-10,1403.59,1403.59,4704.73
2004-05-11,1422.51,1422.51,4704.73
2004-05-12,1417.03,1417.03,4704.73
2004-05-13,1425.69,1425.69,4704.73
2004-05-14,1394.37,1394.37,4704.73
2004-05-17,1391.77,1391.77,4704.73
2004-05-18,1404.27,1404.27,4704.73
2004-05-19,1396.34,1396.34,4704.73
2004-05-20,1390.41,1390.41,4704.73
2004-05-21,1397.7,1397.7,4704.73
2004-05-24,1408.44,1408.44,4704.73
2004-05-25,1450.06,1450.06,4704.73
2004-05-26,1455.0,1455.0,4704.73
2004-05-27,1450.67,1450.67,4704.73
2004-05-28,1469.23,1469.23,4704.73
2004-06-01,1469.27,1469.27,4704.73
2004-06-02,1474.1,1474.1,4704.73
2004-06-03,1445.21,1445.21,4704.73
2004-06-04,1455.04,1455.04,4704.73
2004-06-07,1491.45,1491.45,4704.73
2004-06-08,1496.0,1496.0,4704.73
2004-06-09,1469.04,1469.04,4704.73
2004-06-10,1481.27,1481.27,4704.73
2004-06-14,1451.78,1451.78,4704.73
2004-06-15,1487.83,1487.83,4704.73
2004-06-16,1483.6,1483.6,4704.73
2004-06-17,1458.68,1458.68,4704.73
2004-06-18,1481.36,1481.36,4704.73
2004-06-21,1450.79,1450.79,4704.73
2004-06-22,1475.12,1475.12,4704.73
2004-06-23,1495.05,1495.05,4704.73
2004-06-24,1485.88,1485.88,4704.73
2004-06-25,1503.91,1503.91,4704.73
2004-06-28,1485.25,1485.25,4704.73
2004-06-29,1507.05,1507.05,4704.73
2004-06-30,1523.48,1523.48,4704.73
2004-07-01,1477.62,1477.62,4704.73
2004-07-02,1473.73,1473.73,4704.73
2004-07-06,1441.78,1441.78,4704.73
2004-07-07,1459.07,1459.07,4704.73
2004-07-08,1430.81,1430.81,4704.73
2004-07-09,1434.0,1434.0,4704.73
2004-07-12,1435.3,1435.3,4704.73
2004-07-13,1426.11,1426.11,4704.73
2004-07-14,1411.52,1411.52,4704.73
2004-07-15,1427.72,1427.72,4704.73
2004-07-16,1392.17,1392.17,4704.73
2004-07-19,1406.15,1406.15,4704.73
2004-07-20,1421.07,1421.07,4704.73
2004-07-21,1386.57,1386.57,4704.73
2004-07-22,1411.43,1411.43,4704.73
2004-07-23,1370.7,1370.7,4704.73
2004-07-26,1359.2,1359.2,4704.73
2004-07-27,1395.95,1395.95,4704.73
2004-07-28,1392.48,1392.48,4704.73
2004-07-29,1388.06,1388.06,4704.73
2004-07-30,1412.0,1412.0,4704.73
2004-08-02,1408.31,1408.31,4704.73
2004-08-03,1379.02,1379.02,4704.73
2004-08-04,1386.28,1386.28,4704.73
2004-08-05,1352.27,1352.27,4704.73
2004-08-06,1314.97,1314.97,4704.73
2004-08-09,1314.57,1314.57,4704.73
2004-08-10,1346.71,1346.71,4704.73
2004-08-11,1328.83,1328.83,4704.73
2004-08-12,1302.74,1302.74,4704.73
2004-08-13,1301.93,1301.93,4704.73
2004-08-16,1334.78,1334.78,4704.73
2004-08-17,1331.85,1331.85,4704.73
2004-08-18,1363.74,1363.74,4704.73
2004-08-19,1344.98,1344.98,4704.73
2004-08-20,1373.01,1373.01,4704.73
2004-08-23,1377.67,1377.67,4704.73
2004-08-24,1360.82,1360.82,4704.73
2004-08-25,1391.22,1391.22,4704.73
2004-08-26,1379.69,1379.69,4704.73
2004-08-27,1393.23,1393.23,4704.73
2004-08-30,1367.73,1367.73,4704.73
2004-08-31,1354.1,1354.1,4704.73
2004-09-01,1360.58,1360.58,4704.73
2004-09-02,1402.07,1402.07,4704.73
2004-09-03,1370.01,1370.01,4704.73
2004-09-07,1372.53,1372.53,4704.73
2004-09-08,1374.79,1374.79,4704.73
2004-09-09,1396.55,1396.55,4704.73
2004-09-10,1414.55,1414.55,4704.73
2004-09-13,1435.95,1435.95,4704.73
2004-09-14,1435.91,1435.91,4704.73
2004-09-15,1412.54,1412.54,4704.73
2004-09-16,1413.22,1413.22,4704.73
2004-09-17,1427.59,1427.59,4704.73
2004-09-20,1437.3,1437.3,4704.73
2004-09-21,1440.81,1440.81,4704.73
2004-09-22,1403.16,1403.16,4704.73
2004-09-23,1413.68,1413.68,4704.73
2004-09-24,1397.5,1397.5,4704.73
2004-09-27,1383.24,1383.24,4704.73
2004-09-28,1394.43,1394.43,4704.73
2004-09-29,1411.82,1411.82,4704.73
2004-09-30,1403.89,1403.89,4704.73
2004-10-01,1452.94,1452.94,4704.73
2004-10-04,1458.08,1458.08,4704.73
2004-10-05,1467.23,1467.23,4704.73
2004-10-06,1474.36,1474.36,4704.73
2004-10-07,1454.89,1454.89,4704.73
2004-10-08,1428.11,1428.11,4704.73
2004-10-11,1441.1,1441.1,4704.73
2004-10-12,1439.07,1439.07,4704.73
2004-10-13,1425.41,1425.41,4704.73
2004-10-14,1421.59,1421.59,4704.73
2004-10-15,1441.82,1441.82,4704.73
2004-10-18,1457.31,1457.31,4704.73
2004-10-19,1443.4,1443.4,4704.73
2004-10-20,1456.19,1456.19,4704.73
2004-10-21,1478.46,1478.46,4704.73
2004-10-22,1438.13,1438.13,4704.73
2004-10-25,1439.48,1439.48,4704.73
2004-10-26,1442.14,1442.14,4704.73
2004-10-27,1483.13,1483.13,4704.73
2004-10-28,1491.86,1491.86,4704.73
2004-10-29,1475.56,1475.56,4704.73
2004-11-01,1494.88,1494.88,4704.73
2004-11-02,1509.56,1509.56,4704.73
2004-11-03,1494.85,1494.85,4704.73
2004-11-04,1519.21,1519.21,4704.73
2004-11-05,1512.74,1512.74,4704.73
2004-11-08,1522.12,1522.12,4704.73
2004-11-09,1534.37,1534.37,4704.73
2004-11-10,1514.32,1514.32,4704.73
2004-11-11,1542.39,1542.39,4704.73
2004-11-12,1558.41,1558.41,4704.73
2004-11-15,1562.04,1562.04,4704.73
2004-11-16,1541.84,1541.84,4704.73
2004-11-17,1580.26,1580.26,4704.73
2004-11-18,1581.79,1581.79,4704.73
2004-11-19,1551.77,1551.77,4704.73
2004-11-22,1568.86,1568.86,4704.73
2004-11-23,1552.85,1552.85,4704.73
2004-11-24,1583.07,1583.07,4704.73
2004-11-26,1578.26,1578.26,4704.73
2004-11-29,1567.27,1567.27,4704.73
2004-11-30,1571.11,1571.11,4704.73
2004-12-01,1607.16,1607.16,4704.73
2004-12-02,1623.6,1623.6,4704.73
2004-12-03,1612.72,1612.72,4704.73
2004-12-06,1625.61,1625.61,4704.73
2004-12-07,1589.05,1589.05,4704.73
2004-12-08,1607.49,1607.49,4704.73
2004-12-09,1615.6,1615.6,4704.73
2004-12-10,1611.23,1611.23,4704.73
2004-12-13,1608.4,1608.4,4704.73
2004-12-14,1632.17,1632.17,4704.73
2004-12-15,1615.45,1615.45,4704.73
2004-12-16,1601.62,1601.62,4704.73
2004-12-17,1596.48,1596.48,4704.73
2004-12-20,1587.21,1587.21,4704.73
2004-12-21,1611.34,1611.34,4704.73
2004-12-22,1619.56,1619.56,4704.73
2004-12-23,1619.18,1619.18,4704.73
2004-12-27,1600.25,1600.25,4704.73
2004-12-28,1624.19,1624.19,4704.73
2004-12-29,1629.9,1629.9,4704.73
2004-12-30,1621.58,1621.58,4704.73
2004-12-31,1620.31,1620.31,4704.73
2005-01-03,1598.79,1598.79,4704.73
2005-01-04,1565.02,1565.02,4704.73
2005-01-05,1562.64,1562.64,4704.73
2005-01-06,1556.84,1556.84,4704.73
2005-01-07,1577.76,1577.76,4704.73
2005-01-10,1558.54,1558.54,4704.73
2005-01-11,1545.28,1545.28,4704.73
2005-01-12,1566.69,1566.69,4704.73
2005-01-13,1543.48,1543.48,4704.73
2005-01-14,1563.79,1563.79,4704.73
2005-01-18,1574.39,1574.39,4704.73
2005-01-19,1545.63,1545.63,4704.73
2005-01-20,1514.56,1514.56,4704.73
2005-01-21,1502.48,1502.48,4704.73
2005-01-24,1480.66,1480.66,4704.73
2005-01-25,1488.6,1488.6,4704.73
2005-01-26,1513.44,1513.44,4704.73
2005-01-27,1497.36,1497.36,4704.73
2005-01-28,1486.76,1486.76,4704.73
2005-01-31,1513.06,1513.06,4704.73
2005-02-01,1527.91,1527.91,4704.73
2005-02-02,1515.45,1515.45,4704.73
2005-02-03,1501.96,1501.96,4704.73
2005-02-04,1534.97,1534.97,4704.73
2005-02-07,1522.72,1522.72,4704.73
2005-02-08,1542.41,1542.41,4704.73
2005-02-09,1504.6,1504.6,4704.73
2005-02-10,1514.22,1514.22,4704.73
2005-02-11,1535.54,1535.54,4704.73
2005-02-14,1540.01,1540.01,4704.73
2005-02-15,1561.17,1561.17,4704.73
2005-02-16,1535.37,1535.37,4704.73
2005-02-17,1519.22,1519.22,4704.73
2005-02-18,1512.73,1512.73,4704.73
2005-02-22,1493.58,1493.58,4704.73
2005-02-23,1489.99,1489.99,4704.73
2005-02-24,1517.88,1517.88,4704.73
2005-02-25,1528.0,1528.0,4704.73
2005-02-28,1498.17,1498.17,4704.73
2005-03-01,1529.37,1529.37,4704.73
2005-03-02,1541.14,1541.14,4704.73
2005-03-03,1502.32,1502.32,4704.73
2005-03-04,1530.59,1530.59,4704.73
2005-03-07,1552.53,1552.53,4704.73
2005-03-08,1527.5,1527.5,4704.73
2005-03-09,1520.45,1520.45,4704.73
2005-03-10,1504.54,1504.54,4704.73
2005-03-11,1501.99,1501.99,4704.73
2005-03-14,1502.6,1502.6,4704.73
2005-03-15,1500.88,1500.88,4704.73
2005-03-16,1482.62,1482.62,4704.73
2005-03-17,1496.8,1496.8,4704.73
2005-03-18,1475.26,1475.26,4704.73
2005-03-21,1490.57,1490.57,4704.73
2005-03-22,1464.99,1464.99,4704.73
2005-03-23,1480.13,1480.13,4704.73
2005-03-24,1469.94,1469.94,4704.73
2005-03-28,1472.71,1472.71,4704.73
2005-03-29,1458.26,1458.26,4704.73
2005-03-30,1491.74,1491.74,4704.73
2005-03-31,1478.66,1478.66,4704.73
2005-04-01,1466.49,1466.49,4704.73
2005-04-04,1482.06,1482.06,4704.73
2005-04-05,1477.55,1477.55,4704.73
2005-04-06,1477.97,1477.97,4704.73
2005-04-07,1499.71,1499.71,4704.73
2005-04-08,1485.43,1485.43,4704.73
2005-04-11,1477.13,1477.13,4704.73
2005-04-12,1490.1,1490.1,4704.73
2005-04-13,1459.97,1459.97,4704.73
2005-04-14,1440.35,1440.35,4704.73
2005-04-15,1407.82,1407.82,4704.73
2005-04-18,1418.76,1418.76,4704.73
2005-04-19,1424.03,1424.03,4704.73
2005-04-20,1404.86,1404.86,4704.73
2005-04-21,1448.37,1448.37,4704.73
2005-04-22,1412.63,1412.63,4704.73
2005-04-25,1426.73,1426.73,4704.73
2005-04-26,1420.43,1420.43,4704.73
2005-04-27,1429.11,1429.11,4704.73
2005-04-28,1408.84,1408.84,4704.73
2005-04-29,1422.42,1422.42,4704.73
2005-05-02,1415.6,1415.6,4704.73
2005-05-03,1436.6,1436.6,4704.73
2005-05-04,1453.2,1453.2,4704.73
2005-05-05,1441.94,1441.94,4704.73
2005-05-06,1449.7,1449.7,4704.73
2005-05-09,1463.38,1463.38,4704.73
2005-05-10,1450.36,1450.36,4704.73
2005-05-11,1459.55,1459.55,4704.73
2005-05-12,1454.79,1454.79,4704.73
2005-05-13,1470.63,1470.63,4704.73
2005-05-16,1480.68,1480.68,4704.73
2005-05-17,1490.14,1490.14,4704.73
2005-05-18,1509.26,1509.26,4704.73
2005-05-19,1521.43,1521.43,4704.73
2005-05-20,1528.6,1528.6,4704.73
2005-05-23,1535.22,1535.22,4704.73
2005-05-24,1540.47,1540.47,4704.73
2005-05-25,1532.71,1532.71,4704.73
2005-05-26,1548.8,1548.8,4704.73
2005-05-27,1549.8,1549.8,4704.73
2005-05-31,1542.63,1542.63,4704.73
2005-06-01,1559.5,1559.5,4704.73
2005-06-02,1568.96,1568.96,4704.73
2005-06-03,1544.48,1544.48,4704.73
2005-06-06,1545.27,1545.27,4704.73
2005-06-07,1531.12,1531.12,4704.73
2005-06-08,1527.68,1527.68,4704.73
2005-06-09,1539.46,1539.46,4704.73
2005-06-10,1521.2,1521.2,4704.73
2005-06-13,1529.13,1529.13,4704.73
2005-06-14,1524.42,1524.42,4704.73
2005-06-15,1529.49,1529.49,4704.73
2005-06-16,1537.42,1537.42,4704.73
2005-06-17,1538.13,1538.13,4704.73
2005-06-20,1537.31,1537.31,4704.73
2005-06-21,1536.48,1536.48,4704.73
2005-06-22,1534.36,1534.36,4704.73
2005-06-23,1515.95,1515.95,4704.73
2005-06-24,1500.18,1500.18,4704.73
2005-06-27,1493.75,1493.75,4704.73
2005-06-28,1508.61,1508.61,4704.73
2005-06-29,1504.11,1504.11,4704.73
2005-06-30,1493.52,1493.52,4704.73
2005-07-01,1490.53,1490.53,4704.73
2005-07-05,1506.35,1506.35,4704.73
2005-07-06,1498.5,1498.5,4704.73
2005-07-07,1503.78,1503.78,4704.73
2005-07-08,1533.27,1533.27,4704.73
2005-07-11,1547.66,1547.66,4704.73
2005-07-12,1555.59,1555.59,4704.73
2005-07-13,1557.62,1557.62,4704.73
2005-07-14,1573.44,1573.44,4704.73
2005-07-15,1577.82,1577.82,4704.73
2005-07-18,1570.9,1570.9,4704.73
2005-07-19,1590.49,1590.49,4704.73
2005-07-20,1602.75,1602.75,4704.73
2005-07-21,1601.89,1601.89,4704.73
2005-07-22,1600.76,1600.76,4704.73
2005-07-25,1593.57,1593.57,4704.73
2005-07-26,1598.93,1598.93,4704.73
2005-07-27,1611.95,1611.95,4704.73
2005-07-28,1618.64,1618.64,4704.73
2005-07-29,1605.14,1605.14,4704.73
2005-08-01,1610.11,1610.11,4704.73
2005-08-02,1627.1,1627.1,4704.73
2005-08-03,1627.19,1627.19,4704.73
2005-08-04,1608.74,1608.74,4704.73
2005-08-05,1601.59,1601.59,4704.73
2005-08-08,1589.97,1589.97,4704.73
2005-08-09,1601.14,1601.14,4704.73
2005-08-10,1585.71,1585.71,4704.73
2005-08-11,1600.65,1600.65,4704.73
2005-08-12,1591.75,1591.75,4704.73
2005-08-15,1600.71,1600.71,4704.73
2005-08-16,1574.1,1574.1,4704.73
2005-08-17,1582.29,1582.29,4704.73
2005-08-18,1575.76,1575.76,4704.73
2005-08-19,1573.72,1573.72,4704.73
2005-08-22,1575.59,1575.59,4704.73
2005-08-23,1571.3,1571.3,4704.73
2005-08-24,1561.71,1561.71,4704.73
2005-08-25,1565.88,1565.88,4704.73
2005-08-26,1558.84,1558.84,4704.73
2005-08-29,1571.52,1571.52,4704.73
2005-08-30,1565.73,1565.73,4704.73
2005-08-31,1581.71,1581.71,4704.73
2005-09-01,1577.25,1577.25,4704.73
2005-09-02,1573.12,1573.12,4704.73
2005-09-06,1597.27,1597.27,4704.73
2005-09-07,1599.86,1599.86,4704.73
2005-09-08,1597.68,1597.68,4704.73
2005-09-09,1607.83,1607.83,4704.73
2005-09-12,1612.2,1612.2,4704.73
2005-09-13,1607.38,1607.38,4704.73
2005-09-14,1589.63,1589.63,4704.73
2005-09-15,1588.55,1588.55,4704.73
2005-09-16,1599.44,1599.44,4704.73
2005-09-19,1586.5,1586.5,4704.73
2005-09-20,1578.2,1578.2,4704.73
2005-09-21,1561.84,1561.84,4704.73
2005-09-22,1567.36,1567.36,4704.73
2005-09-23,1571.75,1571.75,4704.73
2005-09-26,1572.86,1572.86,4704.73
2005-09-27,1568.84,1568.84,4704.73
2005-09-28,1568.81,1568.81,4704.73
2005-09-29,1589.93,1589.93,4704.73
2005-09-30,1601.66,1601.66,4704.73
2005-10-03,1605.59,1605.59,4704.73
2005-10-04,1595.54,1595.54,4704.73
2005-10-05,1571.52,1571.52,4704.73
2005-10-06,1552.94,1552.94,4704.73
2005-10-07,1555.92,1555.92,4704.73
2005-10-10,1546.99,1546.99,4704.73
2005-10-11,1539.31,1539.31,4704.73
2005-10-12,1521.19,1521.19,4704.73
2005-10-13,1533.8,1533.8,4704.73
2005-10-14,1544.29,1544.29,4704.73
2005-10-17,1549.88,1549.88,4704.73
2005-10-18,1538.43,1538.43,4704.73
2005-10-19,1569.61,1569.61,4704.73
2005-10-20,1555.59,1555.59,4704.73
2005-10-21,1565.12,1565.12,4704.73
2005-10-24,1590.65,1590.65,4704.73
2005-10-25,1585.82,1585.82,4704.73
2005-10-26,1575.14,1575.14,4704.73
2005-10-27,1543.38,1543.38,4704.73
2005-10-28,1557.11,1557.11,4704.73
2005-10-31,1579.18,1579.18,4704.73
2005-11-01,1576.52,1576.52,4704.73
2005-11-02,1597.29,1597.29,4704.73
2005-11-03,1619.67,1619.67,4704.73
2005-11-04,1628.3,1628.3,4704.73
2005-11-07,1629.27,1629.27,4704.73
2005-11-08,1628.4,1628.4,4704.73
2005-11-09,1630.21,1630.21,4704.73
2005-11-10,1650.93,1650.93,4704.73
2005-11-11,1653.36,1653.36,4704.73
2005-11-14,1651.9,1651.9,4704.73
2005-11-15,1644.31,1644.31,4704.73
2005-11-16,1651.45,1651.45,4704.73
2005-11-17,1676.39,1676.39,4704.73
2005-11-18,1679.85,1679.85,4704.73
2005-11-21,1686.23,1686.23,4704.73
2005-11-22,1694.14,1694.14,4704.73
2005-11-23,1696.77,1696.77,4704.73
2005-11-25,1701.05,1701.05,4704.73
2005-11-28,1684.39,1684.39,4704.73
2005-11-29,1676.84,1676.84,4704.73
2005-11-30,1672.56,1672.56,4704.73
2005-12-01,1704.28,1704.28,4704.73
2005-12-02,1709.1,1709.1,4704.73
2005-12-05,1694.77,1694.77,4704.73
2005-12-06,1701.35,1701.35,4704.73
2005-12-07,1697.04,1697.04,4704.73
2005-12-08,1685.59,1685.59,4704.73
2005-12-09,1692.62,1692.62,4704.73
2005-12-12,1698.35,1698.35,4704.73
2005-12-13,1705.77,1705.77,4704.73
2005-12-14,1698.98,1698.98,4704.73
2005-12-15,1701.7,1701.7,4704.73
2005-12-16,1688.68,1688.68,4704.73
2005-12-19,1664.36,1664.36,4704.73
2005-12-20,1665.07,1665.07,4704.73
2005-12-21,1670.61,1670.61,4704.73
2005-12-22,1683.35,1683.35,4704.73
2005-12-23,1682.92,1682.92,4704.73
2005-12-27,1668.37,1668.37,4704.73
2005-12-28,1667.1,1667.1,4704.73
2005-12-29,1655.36,1655.36,4704.73
2005-12-30,1645.2,1645.2,4704.73
2006-01-03,1679.93,1679.93,4704.73
2006-01-04,1695.83,1695.83,4704.73
2006-01-05,1705.29,1705.29,4704.73
2006-01-06,1734.99,1734.99,4704.73
2006-01-09,1741.9,1741.9,4704.73
2006-01-10,1744.02,1744.02,4704.73
2006-01-11,1758.24,1758.24,4704.73
2006-01-12,1747.35,1747.35,4704.73
2006-01-13,1746.78,1746.78,4704.73
2006-01-17,1736.39,1736.39,4704.73
2006-01-18,1716.62,1716.62,4704.73
2006-01-19,1729.92,1729.92,4704.73
2006-01-20,1676.38,1676.38,4704.73
2006-01-23,1676.3,1676.3,4704.73
2006-01-24,1686.22,1686.22,4704.73
2006-01-25,1677.0,1677.0,4704.73
2006-01-26,1690.49,1690.49,4704.73
2006-01-27,1711.11,1711.11,4704.73
2006-01-30,1713.45,1713.45,4704.73
2006-01-31,1710.75,1710.75,4704.73
2006-02-01,1713.02,1713.02,4704.73
2006-02-02,1685.77,1685.77,4704.73
2006-02-03,1664.53,1664.53,4704.73
2006-02-06,1657.54,1657.54,4704.73
2006-02-07,1651.84,1651.84,4704.73
2006-02-08,1670.47,1670.47,4704.73
2006-02-09,1654.08,1654.08,4704.73
2006-02-10,1663.75,1663.75,4704.73
2006-02-13,1645.83,1645.83,4704.73
2006-02-14,1661.95,1661.95,4704.73
2006-02-15,1673.15,1673.15,4704.73
2006-02-16,1688.61,1688.61,4704.73
2006-02-17,1675.21,1675.21,4704.73
2006-02-21,1655.68,1655.68,4704.73
2006-02-22,1677.52,1677.52,4704.73
2006-02-23,1672.29,1672.29,4704.73
2006-02-24,1676.5,1676.5,4704.73
2006-02-27,1695.66,1695.66,4704.73
2006-02-28,1670.57,1670.57,4704.73
2006-03-01,1694.58,1694.58,4704.73
2006-03-02,1693.78,1693.78,4704.73
2006-03-03,1684.32,1684.32,4704.73
2006-03-06,1669.94,1669.94,4704.73
2006-03-07,1661.02,1661.02,4704.73
2006-03-08,1660.35,1660.35,4704.73
2006-03-09,1645.09,1645.09,4704.73
2006-03-10,1648.23,1648.23,4704.73
2006-03-13,1653.79,1653.79,4704.73
2006-03-14,1681.15,1681.15,4704.73
2006-03-15,1694.46,1694.46,4704.73
2006-03-16,1679.05,1679.05,4704.73
2006-03-17,1685.66,1685.66,4704.73
2006-03-20,1688.98,1688.98,4704.73
2006-03-21,1672.47,1672.47,4704.73
2006-03-22,1676.32,1676.32,4704.73
2006-03-23,1670.73,1670.73,4704.73
2006-03-24,1679.81,1679.81,4704.73
2006-03-27,1680.63,1680.63,4704.73
2006-03-28,1673.03,1673.03,4704.73
2006-03-29,1703.84,1703.84,4704.73
2006-03-30,1708.68,1708.68,4704.73
2006-03-31,1703.66,1703.66,4704.73
2006-04-03,1706.77,1706.77,4704.73
2006-04-04,1716.55,1716.55,4704.73
2006-04-05,1732.74,1732.74,4704.73
2006-04-06,1739.2,1739.2,4704.73
2006-04-07,1723.03,1723.03,4704.73
2006-04-10,1718.86,1718.86,4704.73
2006-04-11,1704.4,1704.4,4704.73
2006-04-12,1704.75,1704.75,4704.73
2006-04-13,1712.07,1712.07,4704.73
2006-04-17,1694.32,1694.32,4704.73
2006-04-18,1726.64,1726.64,4704.73
2006-04-19,1734.04,1734.04,4704.73
2006-04-20,1728.9,1728.9,4704.73
2006-04-21,1709.02,1709.02,4704.73
2006-04-24,1706.44,1706.44,4704.73
2006-04-25,1701.47,1701.47,4704.73
2006-04-26,1702.2,1702.2,4704.73
2006-04-27,1717.14,1717.14,4704.73
2006-04-28,1700.71,1700.71,4704.73
2006-05-01,1686.61,1686.61,4704.73
2006-05-02,1689.93,1689.93,4704.73
2006-05-03,1686.3,1686.3,4704.73
2006-05-04,1701.03,1701.03,4704.73
2006-05-05,1713.84,1713.84,4704.73
2006-05-08,1715.23,1715.23,4704.73
2006-05-09,1711.17,1711.17,4704.73
2006-05-10,1694.82,1694.82,4704.73
2006-05-11,1657.48,1657.48,4704.73
2006-05-12,1635.81,1635.81,4704.73
2006-05-15,1634.78,1634.78,4704.73
2006-05-16,1623.69,1623.69,4704.73
2006-05-17,1598.91,1598.91,4704.73
2006-05-18,1587.11,1587.11,4704.73
2006-05-19,1600.86,1600.86,4704.73
2006-05-22,1584.57,1584.57,4704.73
2006-05-23,1569.01,1569.01,4704.73
2006-05-24,1580.18,1580.18,4704.73
2006-05-25,1599.68,1599.68,4704.73
2006-05-26,1606.37,1606.37,4704.73
2006-05-30,1571.29,1571.29,4704.73
2006-05-31,1579.58,1579.58,4704.73
2006-06-01,1616.57,1616.57,4704.73
2006-06-02,1612.9,1612.9,4704.73
2006-06-05,1577.5,1577.5,4704.73
2006-06-06,1575.39,1575.39,4704.73
2006-06-07,1565.22,1565.22,4704.73
2006-06-08,1561.55,1561.55,4704.73
2006-06-09,1550.97,1550.97,4704.73
2006-06-12,1520.31,1520.31,4704.73
2006-06-13,1516.85,1516.85,4704.73
2006-06-14,1530.26,1530.26,4704.73
2006-06-15,1573.08,1573.08,4704.73
2006-06-16,1562.84,1562.84,4704.73
2006-06-19,1548.94,1548.94,4704.73
2006-06-20,1548.32,1548.32,4704.73
2006-06-21,1573.56,1573.56,4704.73
2006-06-22,1554.49,1554.49,4704.73
2006-06-23,1551.05,1551.05,4704.73
2006-06-26,1556.17,1556.17,4704.73
2006-06-27,1527.0,1527.0,4704.73
2006-06-28,1538.25,1538.25,4704.73
2006-06-29,1585.56,1585.56,4704.73
2006-06-30,1575.23,1575.23,4704.73
2006-07-03,1586.25,1586.25,4704.73
2006-07-05,1553.95,1553.95,4704.73
2006-07-06,1551.55,1551.55,4704.73
2006-07-07,1533.71,1533.71,4704.73
2006-07-10,1520.9,1520.9,4704.73
2006-07-11,1533.06,1533.06,4704.73
2006-07-12,1501.46,1501.46,4704.73
2006-07-13,1478.16,1478.16,4704.73
2006-07-14,1462.17,1462.17,4704.73
2006-07-17,1468.5,1468.5,4704.73
2006-07-18,1472.34,1472.34,4704.73
2006-07-19,1490.6,1490.6,4704.73
2006-07-20,1466.89,1466.89,4704.73
2006-07-21,1451.88,1451.88,4704.73
2006-07-24,1482.34,1482.34,4704.73
2006-07-25,1489.52,1489.52,4704.73
2006-07-26,1487.88,1487.88,4704.73
2006-07-27,1478.53,1478.53,4704.73
2006-07-28,1510.3,1510.3,4704.73
2006-07-31,1509.43,1509.43,4704.73
2006-08-01,1484.94,1484.94,4704.73
2006-08-02,1500.48,1500.48,4704.73
2006-08-03,1510.6,1510.6,4704.73
2006-08-04,1503.84,1503.84,4704.73
2006-08-07,1494.13,1494.13,4704.73
2006-08-08,1484.8,1484.8,4704.73
2006-08-09,1485.64,1485.64,4704.73
2006-08-10,1496.28,1496.28,4704.73
2006-08-11,1486.74,1486.74,4704.73
2006-08-14,1494.33,1494.33,4704.73
2006-08-15,1534.43,1534.43,4704.73
2006-08-16,1570.06,1570.06,4704.73
2006-08-17,1573.59,1573.59,4704.73
2006-08-18,1576.46,1576.46,4704.73
2006-08-21,1561.12,1561.12,4704.73
2006-08-22,1563.43,1563.43,4704.73
2006-08-23,1550.41,1550.41,4704.73
2006-08-24,1555.19,1555.19,4704.73
2006-08-25,1557.7,1557.7,4704.73
2006-08-28,1570.29,1570.29,4704.73
2006-08-29,1573.65,1573.65,4704.73
2006-08-30,1581.95,1581.95,4704.73
2006-08-31,1579.73,1579.73,4704.73
2006-09-01,1589.47,1589.47,4704.73
2006-09-05,1603.69,1603.69,4704.73
2006-09-06,1572.2,1572.2,4704.73
2006-09-07,1564.84,1564.84,4704.73
2006-09-08,1574.71,1574.71,4704.73
2006-09-11,1583.78,1583.78,4704.73
2006-09-12,1615.75,1615.75,4704.73
2006-09-13,1623.99,1623.99,4704.73
2006-09-14,1625.98,1625.98,4704.73
2006-09-15,1632.44,1632.44,4704.73
2006-09-18,1632.17,1632.17,4704.73
2006-09-19,1621.07,1621.07,4704.73
2006-09-20,1645.35,1645.35,4704.73
2006-09-21,1634.87,1634.87,4704.73
2006-09-22,1622.37,1622.37,4704.73
2006-09-25,1650.37,1650.37,4704.73
2006-09-26,1659.2,1659.2,4704.73
2006-09-27,1655.67,1655.67,4704.73
2006-09-28,1661.59,1661.59,4704.73
2006-09-29,1654.13,1654.13,4704.73
2006-10-02,1632.81,1632.81,4704.73
2006-10-03,1640.29,1640.29,4704.73
2006-10-04,1681.14,1681.14,4704.73
2006-10-05,1689.43,1689.43,4704.73
2006-10-06,1684.88,1684.88,4704.73
2006-10-09,1691.08,1691.08,4704.73
2006-10-10,1693.29,1693.29,4704.73
2006-10-11,1691.28,1691.28,4704.73
2006-10-12,1718.54,1718.54,4704.73
2006-10-13,1727.21,1727.21,4704.73
2006-10-16,1727.61,1727.61,4704.73
2006-10-17,1709.61,1709.61,4704.73
2006-10-18,1700.75,1700.75,4704.73
2006-10-19,1706.37,1706.37,4704.73
2006-10-20,1709.58,1709.58,4704.73
2006-10-23,1725.93,1725.93,4704.73
2006-10-24,1713.88,1713.88,4704.73
2006-10-25,1726.76,1726.76,4704.73
2006-10-26,1744.07,1744.07,4704.73
2006-10-27,1717.61,1717.61,4704.73
2006-10-30,1727.8,1727.8,4704.73
2006-10-31,1732.54,1732.54,4704.73
2006-11-01,1707.65,1707.65,4704.73
2006-11-02,1710.17,1710.17,4704.73
2006-11-03,1703.98,1703.98,4704.73
2006-11-06,1732.26,1732.26,4704.73
2006-11-07,1741.53,1741.53,4704.73
2006-11-08,1749.75,1749.75,4704.73
2006-11-09,1740.14,1740.14,4704.73
2006-11-10,1751.11,1751.11,4704.73
2006-11-13,1768.0,1768.0,4704.73
2006-11-14,1787.23,1787.23,4704.73
2006-11-15,1793.82,1793.82,4704.73
2006-11-16,1801.97,1801.97,4704.73
2006-11-17,1800.67,1800.67,4704.73
2006-11-20,1803.81,1803.81,4704.73
2006-11-21,1808.88,1808.88,4704.73
2006-11-22,1819.76,1819.76,4704.73
2006-11-24,1815.53,1815.53,4704.73
2006-11-27,1775.17,1775.17,4704.73
2006-11-28,1780.34,1780.34,4704.73
2006-11-29,1792.77,1792.77,4704.73
2006-11-30,1791.25,1791.25,4704.73
2006-12-01,1775.12,1775.12,4704.73
2006-12-04,1799.93,1799.93,4704.73
2006-12-05,1804.85,1804.85,4704.73
2006-12-06,1799.13,1799.13,4704.73
2006-12-07,1777.46,1777.46,4704.73
2006-12-08,1786.21,1786.21,4704.73
2006-12-11,1791.74,1791.74,4704.73
2006-12-12,1781.97,1781.97,4704.73
2006-12-13,1783.44,1783.44,4704.73
2006-12-14,1803.41,1803.41,4704.73
2006-12-15,1808.56,1808.56,4704.73
2006-12-18,1790.99,1790.99,4704.73
2006-12-19,1785.12,1785.12,4704.73
2006-12-20,1777.92,1777.92,4704.73
2006-12-21,1766.28,1766.28,4704.73
2006-12-22,1748.61,1748.61,4704.73
2006-12-26,1753.55,1753.55,4704.73
2006-12-27,1763.41,1763.41,4704.73
2006-12-28,1758.94,1758.94,4704.73
2006-12-29,1756.9,1756.9,4704.73
2007-01-03,1759.37,1759.37,4704.73
2007-01-04,1792.91,1792.91,4704.73
2007-01-05,1785.3,1785.3,4704.73
2007-01-08,1787.14,1787.14,4704.73
2007-01-09,1795.63,1795.63,4704.73
2007-01-10,1816.15,1816.15,4704.73
2007-01-11,1834.86,1834.86,4704.73
2007-01-12,1844.81,1844.81,4704.73
2007-01-16,1842.44,1842.44,4704.73
2007-01-17,1827.68,1827.68,4704.73
2007-01-18,1793.68,1793.68,4704.73
2007-01-19,1796.81,1796.81,4704.73
2007-01-22,1779.02,1779.02,4704.73
2007-01-23,1773.4,1773.4,4704.73
2007-01-24,1802.63,1802.63,4704.73
2007-01-25,1777.75,1777.75,4704.73
2007-01-26,1772.97,1772.97,4704.73
2007-01-29,1775.08,1775.08,4704.73
2007-01-30,1777.76,1777.76,4704.73
2007-01-31,1792.28,1792.28,4704.73
2007-02-01,1791.45,1791.45,4704.73
2007-02-02,1798.13,1798.13,4704.73
2007-02-05,1795.39,1795.39,4704.73
2007-02-06,1793.06,1793.06,4704.73
2007-02-07,1810.95,1810.95,4704.73
2007-02-08,1810.54,1810.54,4704.73
2007-02-09,1785.53,1785.53,4704.73
2007-02-12,1778.42,1778.42,4704.73
2007-02-13,1783.82,1783.82,4704.73
2007-02-14,1814.98,1814.98,4704.73
2007-02-15,1823.41,1823.41,4704.73
2007-02-16,1821.49,1821.49,4704.73
2007-02-20,1833.71,1833.71,4704.73
2007-02-21,1839.13,1839.13,4704.73
2007-02-22,1846.34,1846.34,4704.73
2007-02-23,1839.77,1839.77,4704.73
2007-02-26,1830.59,1830.59,4704.73
2007-02-27,1756.27,1756.27,4704.73
2007-02-28,1761.65,1761.65,4704.73
2007-03-01,1753.45,1753.45,4704.73
2007-03-02,1726.03,1726.03,4704.73
2007-03-05,1712.94,1712.94,4704.73
2007-03-06,1743.1,1743.1,4704.73
2007-03-07,1736.1,1736.1,4704.73
2007-03-08,1746.43,1746.43,4704.73
2007-03-09,1744.74,1744.74,4704.73
2007-03-12,1756.42,1756.42,4704.73
2007-03-13,1722.48,1722.48,4704.73
2007-03-14,1743.15,1743.15,4704.73
2007-03-15,1744.87,1744.87,4704.73
2007-03-16,1742.23,1742.23,4704.73
2007-03-19,1758.23,1758.23,4704.73
2007-03-20,1767.25,1767.25,4704.73
2007-03-21,1806.35,1806.35,4704.73
2007-03-22,1799.75,1799.75,4704.73
2007-03-23,1794.04,1794.04,4704.73
2007-03-26,1802.95,1802.95,4704.73
2007-03-27,1789.93,1789.93,4704.73
2007-03-28,1770.54,1770.54,4704.73
2007-03-29,1771.72,1771.72,4704.73
2007-03-30,1772.36,1772.36,4704.73
2007-04-02,1773.33,1773.33,4704.73
2007-04-03,1796.31,1796.31,4704.73
2007-04-04,1801.74,1801.74,4704.73
2007-04-05,1812.94,1812.94,4704.73
2007-04-09,1808.19,1808.19,4704.73
2007-04-10,1816.93,1816.93,4704.73
2007-04-11,1798.09,1798.09,4704.73
2007-04-12,1813.49,1813.49,4704.73
2007-04-13,1816.85,1816.85,4704.73
2007-04-16,1833.96,1833.96,4704.73
2007-04-17,1834.91,1834.91,4704.73
2007-04-18,1832.39,1832.39,4704.73
2007-04-19,1832.47,1832.47,4704.73
2007-04-20,1845.89,1845.89,4704.73
2007-04-23,1850.18,1850.18,4704.73
2007-04-24,1858.87,1858.87,4704.73
2007-04-25,1881.33,1881.33,4704.73
2007-04-26,1889.57,1889.57,4704.73
2007-04-27,1891.06,1891.06,4704.73
2007-04-30,1867.75,1867.75,4704.73
2007-05-01,1873.43,1873.43,4704.73
2007-05-02,1889.73,1889.73,4704.73
2007-05-03,1895.64,1895.64,4704.73
2007-05-04,1895.7,1895.7,4704.73
2007-05-07,1895.96,1895.96,4704.73
2007-05-08,1899.83,1899.83,4704.73
2007-05-09,1905.65,1905.65,4704.73
2007-05-10,1875.2,1875.2,4704.73
2007-05-11,1898.79,1898.79,4704.73
2007-05-14,1888.08,1888.08,4704.73
2007-05-15,1871.79,1871.79,4704.73
2007-05-16,1891.57,1891.57,4704.73
2007-05-17,1884.68,1884.68,4704.73
2007-05-18,1896.93,1896.93,4704.73
2007-05-21,1911.16,1911.16,4704.73
2007-05-22,1916.45,1916.45,4704.73
2007-05-23,1904.41,1904.41,4704.73
2007-05-24,1874.6,1874.6,4704.73
2007-05-25,1889.25,1889.25,4704.73
2007-05-29,1899.79,1899.79,4704.73
2007-05-30,1918.08,1918.08,4704.73
2007-05-31,1928.19,1928.19,4704.73
2007-06-01,1928.26,1928.26,4704.73
2007-06-04,1933.73,1933.73,4704.73
2007-06-05,1932.35,1932.35,4704.73
2007-06-06,1914.85,1914.85,4704.73
2007-06-07,1882.17,1882.17,4704.73
2007-06-08,1906.26,1906.26,4704.73
2007-06-11,1901.96,1901.96,4704.73
2007-06-12,1890.67,1890.67,4704.73
2007-06-13,1913.87,1913.87,4704.73
2007-06-14,1924.54,1924.54,4704.73
2007-06-15,1942.41,1942.41,4704.73
2007-06-18,1944.37,1944.37,4704.73
2007-06-19,1941.75,1941.75,4704.73
2007-06-20,1922.12,1922.12,4704.73
2007-06-21,1941.32,1941.32,4704.73
2007-06-22,1921.94,1921.94,4704.73
2007-06-25,1912.9,1912.9,4704.73
2007-06-26,1908.64,1908.64,4704.73
2007-06-27,1933.06,1933.06,4704.73
2007-06-28,1931.67,1931.67,4704.73
2007-06-29,1934.1,1934.1,4704.73
2007-07-02,1954.12,1954.12,4704.73
2007-07-03,1965.2,1965.2,4704.73
2007-07-05,1981.06,1981.06,4704.73
2007-07-06,1988.31,1988.31,4704.73
2007-07-09,1989.2,1989.2,4704.73
2007-07-10,1971.89,1971.89,4704.73
2007-07-11,1984.08,1984.08,4704.73
2007-07-12,2021.03,2021.03,4704.73
2007-07-13,2032.16,2032.16,4704.73
2007-07-16,2028.02,2028.02,4704.73
2007-07-17,2041.78,2041.78,4704.73
2007-07-18,2037.98,2037.98,4704.73
2007-07-19,2052.99,2052.99,4704.73
2007-07-20,2035.88,2035.88,4704.73
2007-07-23,2036.33,2036.33,4704.73
2007-07-24,2000.55,2000.55,4704.73
2007-07-25,2011.14,2011.14,4704.73
2007-07-26,1986.6,1986.6,4704.73
2007-07-27,1956.19,1956.19,4704.73
2007-07-30,1973.93,1973.93,4704.73
2007-07-31,1932.06,1932.06,4704.73
2007-08-01,1945.08,1945.08,4704.73
2007-08-02,1966.6,1966.6,4704.73
2007-08-03,1918.56,1918.56,4704.73
2007-08-06,1954.37,1954.37,4704.73
2007-08-07,1961.64,1961.64,4704.73
2007-08-08,1987.34,1987.34,4704.73
2007-08-09,1936.76,1936.76,4704.73
2007-08-10,1925.14,1925.14,4704.73
2007-08-13,1934.41,1934.41,4704.73
2007-08-14,1901.32,1901.32,4704.73
2007-08-15,1864.92,1864.92,4704.73
2007-08-16,1846.09,1846.09,4704.73
2007-08-17,1888.78,1888.78,4704.73
2007-08-20,1893.05,1893.05,4704.73
2007-08-21,1910.99,1910.99,4704.73
2007-08-22,1936.77,1936.77,4704.73
2007-08-23,1931.88,1931.88,4704.73
2007-08-24,1961.38,1961.38,4704.73
2007-08-27,1947.49,1947.49,4704.73
2007-08-28,1899.24,1899.24,4704.73
2007-08-29,1954.85,1954.85,4704.73
2007-08-30,1963.75,1963.75,4704.73
2007-08-31,1988.73,1988.73,4704.73
2007-09-04,2020.51,2020.51,4704.73
2007-09-05,1994.38,1994.38,4704.73
2007-09-06,1998.67,1998.67,4704.73
2007-09-07,1958.35,1958.35,4704.73
2007-09-10,1960.2,1960.2,4704.73
2007-09-11,1988.98,1988.98,4704.73
2007-09-12,1988.96,1988.96,4704.73
2007-09-13,1998.63,1998.63,4704.73
2007-09-14,2000.82,2000.82,4704.73
2007-09-17,1983.08,1983.08,4704.73
2007-09-18,2035.37,2035.37,4704.73
2007-09-19,2041.36,2041.36,4704.73
2007-09-20,2032.61,2032.61,4704.73
2007-09-21,2049.48,2049.48,4704.73
2007-09-24,2057.25,2057.25,4704.73
2007-09-25,2076.83,2076.83,4704.73
2007-09-26,2088.38,2088.38,4704.73
2007-09-27,2096.39,2096.39,4704.73
2007-09-28,2091.11,2091.11,4704.73
2007-10-01,2116.97,2116.97,4704.73
2007-10-02,2115.89,2115.89,4704.73
2007-10-03,2103.01,2103.01,4704.73
2007-10-04,2105.56,2105.56,4704.73
2007-10-05,2149.67,2149.67,4704.73
2007-10-08,2163.26,2163.26,4704.73
2007-10-09,2171.21,2171.21,4704.73
2007-10-10,2176.98,2176.98,4704.73
2007-10-11,2140.92,2140.92,4704.73
2007-10-12,2177.99,2177.99,4704.73
2007-10-15,2158.92,2158.92,4704.73
2007-10-16,2151.14,2151.14,4704.73
2007-10-17,2179.14,2179.14,4704.73
2007-10-18,2187.52,2187.52,4704.73
2007-10-19,2131.08,2131.08,4704.73
2007-10-22,2157.45,2157.45,4704.73
2007-10-23,2205.18,2205.18,4704.73
2007-10-24,2188.59,2188.59,4704.73
2007-10-25,2161.52,2161.52,4704.73
2007-10-26,2194.59,2194.59,4704.73
2007-10-29,2203.42,2203.42,4704.73
2007-10-30,2207.61,2207.61,4704.73
2007-10-31,2238.98,2238.98,4704.73
2007-11-01,2197.07,2197.07,4704.73
2007-11-02,2213.86,2213.86,4704.73
2007-11-05,2200.48,2200.48,4704.73
2007-11-06,2223.97,2223.97,4704.73
2007-11-07,2169.43,2169.43,4704.73
2007-11-08,2106.16,2106.16,4704.73
2007-11-09,2034.3,2034.3,4704.73
2007-11-12,1982.16,1982.16,4704.73
2007-11-13,2066.08,2066.08,4704.73
2007-11-14,2038.05,2038.05,4704.73
2007-11-15,2024.03,2024.03,4704.73
2007-11-16,2048.62,2048.62,4704.73
2007-11-19,2021.14,2021.14,4704.73
2007-11-20,2029.94,2029.94,4704.73
2007-11-21,2006.38,2006.38,4704.73
2007-11-23,2028.9,2028.9,4704.73
2007-11-26,1989.36,1989.36,4704.73
2007-11-27,2033.76,2033.76,4704.73
2007-11-28,2095.39,2095.39,4704.73
2007-11-29,2102.42,2102.42,4704.73
2007-11-30,2089.1,2089.1,4704.73
2007-12-03,2067.45,2067.45,4704.73
2007-12-04,2059.06,2059.06,4704.73
2007-12-05,2099.31,2099.31,4704.73
2007-12-06,2127.65,2127.65,4704.73
2007-12-07,2130.0,2130.0,4704.73
2007-12-10,2134.88,2134.88,4704.73
2007-12-11,2083.72,2083.72,4704.73
2007-12-12,2101.36,2101.36,4704.73
2007-12-13,2094.68,2094.68,4704.73
2007-12-14,2072.11,2072.11,4704.73
2007-12-17,2020.8,2020.8,4704.73
2007-12-18,2029.49,2029.49,4704.73
2007-12-19,2031.0,2031.0,4704.73
2007-12-20,2069.68,2069.68,4704.73
2007-12-21,2111.77,2111.77,4704.73
2007-12-24,2128.62,2128.62,4704.73
2007-12-26,2136.94,2136.94,4704.73
2007-12-27,2106.09,2106.09,4704.73
2007-12-28,2107.05,2107.05,4704.73
2007-12-31,2084.93,2084.93,4704.73
2008-01-02,2049.71,2049.71,4704.73
2008-01-03,2051.76,2051.76,4704.73
2008-01-04,1963.52,1963.52,4704.73
2008-01-07,1957.44,1957.44,4704.73
2008-01-08,1910.33,1910.33,4704.73
2008-01-09,1949.2,1949.2,4704.73
2008-01-10,1953.64,1953.64,4704.73
2008-01-11,1912.81,1912.81,4704.73
2008-01-14,1949.15,1949.15,4704.73
2008-01-15,1894.09,1894.09,4704.73
2008-01-16,1872.29,1872.29,4704.73
2008-01-17,1842.1,1842.1,4704.73
2008-01-18,1844.09,1844.09,4704.73
2008-01-22,1795.61,1795.61,4704.73
2008-01-23,1789.53,1789.53,4704.73
2008-01-24,1826.92,1826.92,4704.73
2008-01-25,1789.17,1789.17,4704.73
2008-01-28,1805.08,1805.08,4704.73
2008-01-29,1807.67,1807.67,4704.73
2008-01-30,1808.51,1808.51,4704.73
2008-01-31,1841.42,1841.42,4704.73
2008-02-01,1855.27,1855.27,4704.73
2008-02-04,1828.8,1828.8,4704.73
2008-02-05,1773.49,1773.49,4704.73
2008-02-06,1740.95,1740.95,4704.73
2008-02-07,1753.3,1753.3,4704.73
2008-02-08,1773.74,1773.74,4704.73
2008-02-11,1793.09,1793.09,4704.73
2008-02-12,1780.54,1780.54,4704.73
2008-02-13,1823.0,1823.0,4704.73
2008-02-14,1787.59,1787.59,4704.73
2008-02-15,1780.38,1780.38,4704.73
2008-02-19,1764.81,1764.81,4704.73
2008-02-20,1787.45,1787.45,4704.73
2008-02-21,1766.3,1766.3,4704.73
2008-02-22,1773.44,1773.44,4704.73
2008-02-25,1785.46,1785.46,4704.73
2008-02-26,1791.31,1791.31,4704.73
2008-02-27,1799.94,1799.94,4704.73
2008-02-28,1794.46,1794.46,4704.73
2008-02-29,1745.27,1745.27,4704.73
2008-03-03,1733.27,1733.27,4704.73
2008-03-04,1743.7,1743.7,4704.73
2008-03-05,1753.57,1753.57,4704.73
2008-03-06,1712.5,1712.5,4704.73
2008-03-07,1707.5,1707.5,4704.73
2008-03-10,1673.03,1673.03,4704.73
2008-03-11,1740.95,1740.95,4704.73
2008-03-12,1735.18,1735.18,4704.73
2008-03-13,1750.4,1750.4,4704.73
2008-03-14,1713.83,1713.83,4704.73
2008-03-17,1687.19,1687.19,4704.73
2008-03-18,1761.05,1761.05,4704.73
2008-03-19,1715.59,1715.59,4704.73
2008-03-20,1751.99,1751.99,4704.73
2008-03-24,1814.4,1814.4,4704.73
2008-03-25,1824.54,1824.54,4704.73
2008-03-26,1817.28,1817.28,4704.73
2008-03-27,1777.89,1777.89,4704.73
2008-03-28,1767.57,1767.57,4704.73
2008-03-31,1781.93,1781.93,4704.73
2008-04-01,1855.48,1855.48,4704.73
2008-04-02,1848.8,1848.8,4704.73
2008-04-03,1855.19,1855.19,4704.73
2008-04-04,1865.87,1865.87,4704.73
2008-04-07,1860.83,1860.83,4704.73
2008-04-08,1846.14,1846.14,4704.73
2008-04-09,1826.19,1826.19,4704.73
2008-04-10,1852.97,1852.97,4704.73
2008-04-11,1798.72,1798.72,4704.73
2008-04-14,1790.93,1790.93,4704.73
2008-04-15,1794.73,1794.73,4704.73
2008-04-16,1846.89,1846.89,4704.73
2008-04-17,1840.88,1840.88,4704.73
2008-04-18,1900.28,1900.28,4704.73
2008-04-21,1913.12,1913.12,4704.73
2008-04-22,1881.65,1881.65,4704.73
2008-04-23,1906.66,1906.66,4704.73
2008-04-24,1924.58,1924.58,4704.73
2008-04-25,1918.58,1918.58,4704.73
2008-04-28,1923.26,1923.26,4704.73
2008-04-29,1933.6,1933.6,4704.73
2008-04-30,1917.7,1917.7,4704.73
2008-05-01,1980.44,1980.44,4704.73
2008-05-02,1981.87,1981.87,4704.73
2008-05-05,1975.82,1975.82,4704.73
2008-05-06,1990.61,1990.61,4704.73
2008-05-07,1951.42,1951.42,4704.73
2008-05-08,1966.86,1966.86,4704.73
2008-05-09,1960.29,1960.29,4704.73
2008-05-12,1997.02,1997.02,4704.73
2008-05-13,2000.61,2000.61,4704.73
2008-05-14,1997.3,1997.3,4704.73
2008-05-15,2031.34,2031.34,4704.73
2008-05-16,2031.27,2031.27,4704.73
2008-05-19,2016.6,2016.6,4704.73
2008-05-20,2000.67,2000.67,4704.73
2008-05-21,1956.8,1956.8,4704.73
2008-05-22,1964.92,1964.92,4704.73
2008-05-23,1958.96,1958.96,4704.73
2008-05-27,1995.44,1995.44,4704.73
2008-05-28,2000.07,2000.07,4704.73
2008-05-29,2019.02,2019.02,4704.73
2008-05-30,2032.57,2032.57,4704.73
2008-06-02,2006.84,2006.84,4704.73
2008-06-03,1996.79,1996.79,4704.73
2008-06-04,2021.45,2021.45,4704.73
2008-06-05,2055.11,2055.11,4704.73
2008-06-06,1990.39,1990.39,4704.73
2008-06-09,1979.71,1979.71,4704.73
2008-06-10,1972.54,1972.54,4704.73
2008-06-11,1924.33,1924.33,4704.73
2008-06-12,1924.26,1924.26,4704.73
2008-06-13,1966.01,1966.01,4704.73
2008-06-16,1984.76,1984.76,4704.73
2008-06-17,1972.82,1972.82,4704.73
2008-06-18,1951.1,1951.1,4704.73
2008-06-19,1982.69,1982.69,4704.73
2008-06-20,1928.39,1928.39,4704.73
2008-06-23,1913.31,1913.31,4704.73
2008-06-24,1903.74,1903.74,4704.73
2008-06-25,1933.86,1933.86,4704.73
2008-06-26,1855.39,1855.39,4704.73
2008-06-27,1855.72,1855.72,4704.73
2008-06-30,1837.09,1837.09,4704.73
2008-07-01,1862.71,1862.71,4704.73
2008-07-02,1816.15,1816.15,4704.73
2008-07-03,1816.35,1816.35,4704.73
2008-07-07,1826.93,1826.93,4704.73
2008-07-08,1871.28,1871.28,4704.73
2008-07-09,1819.18,1819.18,4704.73
2008-07-10,1839.57,1839.57,4704.73
2008-07-11,1810.88,1810.88,4704.73
2008-07-14,1798.03,1798.03,4704.73
2008-07-15,1798.35,1798.35,4704.73
2008-07-16,1843.87,1843.87,4704.73
2008-07-17,1853.47,1853.47,4704.73
2008-07-18,1823.23,1823.23,4704.73
2008-07-21,1819.76,1819.76,4704.73
2008-07-22,1821.62,1821.62,4704.73
2008-07-23,1845.56,1845.56,4704.73
2008-07-24,1816.98,1816.98,4704.73
2008-07-25,1846.55,1846.55,4704.73
2008-07-28,1802.99,1802.99,4704.73
2008-07-29,1845.55,1845.55,4704.73
2008-07-30,1852.8,1852.8,4704.73
2008-07-31,1849.15,1849.15,4704.73
2008-08-01,1826.56,1826.56,4704.73
2008-08-04,1804.84,1804.84,4704.73
2008-08-05,1869.76,1869.76,4704.73
2008-08-06,1895.21,1895.21,4704.73
2008-08-07,1880.09,1880.09,4704.73
2008-08-08,1926.23,1926.23,4704.73
2008-08-11,1941.23,1941.23,4704.73
2008-08-12,1941.07,1941.07,4704.73
2008-08-13,1942.02,1942.02,4704.73
2008-08-14,1964.38,1964.38,4704.73
2008-08-15,1957.56,1957.56,4704.73
2008-08-18,1932.7,1932.7,4704.73
2008-08-19,1908.68,1908.68,4704.73
2008-08-20,1913.02,1913.02,4704.73
2008-08-21,1906.74,1906.74,4704.73
2008-08-22,1931.47,1931.47,4704.73
2008-08-25,1889.72,1889.72,4704.73
2008-08-26,1886.32,1886.32,4704.73
2008-08-27,1900.3,1900.3,4704.73
2008-08-28,1915.12,1915.12,4704.73
2008-08-29,1872.54,1872.54,4704.73
2008-09-02,1850.14,1850.14,4704.73
2008-09-03,1833.09,1833.09,4704.73
2008-09-04,1774.78,1774.78,4704.73
2008-09-05,1768.23,1768.23,4704.73
2008-09-08,1762.95,1762.95,4704.73
2008-09-09,1721.55,1721.55,4704.73
2008-09-10,1738.07,1738.07,4704.73
2008-09-11,1773.65,1773.65,4704.73
2008-09-12,1767.13,1767.13,4704.73
2008-09-15,1705.46,1705.46,4704.73
2008-09-16,1724.08,1724.08,4704.73
2008-09-17,1632.45,1632.45,4704.73
2008-09-18,1697.42,1697.42,4704.73
2008-09-19,1745.06,1745.06,4704.73
2008-09-22,1665.94,1665.94,4704.73
2008-09-23,1648.4,1648.4,4704.73
2008-09-24,1661.33,1661.33,4704.73
2008-09-25,1687.55,1687.55,4704.73
2008-09-26,1672.04,1672.04,4704.73
2008-09-29,1496.15,1496.15,4704.73
2008-09-30,1594.63,1594.63,4704.73
2008-10-01,1563.8,1563.8,4704.73
2008-10-02,1491.11,1491.11,4704.73
2008-10-03,1470.84,1470.84,4704.73
2008-10-06,1411.28,1411.28,4704.73
2008-10-07,1329.98,1329.98,4704.73
2008-10-08,1330.61,1330.61,4704.73
2008-10-09,1275.1,1275.1,4704.73
2008-10-10,1269.8,1269.8,4704.73
2008-10-13,1429.54,1429.54,4704.73
2008-10-14,1364.59,1364.59,4704.73
2008-10-15,1244.23,1244.23,4704.73
2008-10-16,1312.97,1312.97,4704.73
2008-10-17,1311.72,1311.72,4704.73
2008-10-20,1352.76,1352.76,4704.73
2008-10-21,1283.43,1283.43,4704.73
2008-10-22,1237.09,1237.09,4704.73
2008-10-23,1239.16,1239.16,4704.73
2008-10-24,1202.27,1202.27,4704.73
2008-10-27,1169.78,1169.78,4704.73
2008-10-28,1297.57,1297.57,4704.73
2008-10-29,1302.12,1302.12,4704.73
2008-10-30,1333.94,1333.94,4704.73
2008-10-31,1334.78,1334.78,4704.73
2008-11-03,1334.75,1334.75,4704.73
2008-11-04,1378.4,1378.4,4704.73
2008-11-05,1299.98,1299.98,4704.73
2008-11-06,1241.97,1241.97,4704.73
2008-11-07,1271.62,1271.62,4704.73
2008-11-10,1251.0,1251.0,4704.73
2008-11-11,1225.59,1225.59,4704.73
2008-11-12,1165.38,1165.38,4704.73
2008-11-13,1240.93,1240.93,4704.73
2008-11-14,1179.63,1179.63,4704.73
2008-11-17,1151.96,1151.96,4704.73
2008-11-18,1155.75,1155.75,4704.73
2008-11-19,1087.6,1087.6,4704.73
2008-11-20,1036.51,1036.51,4704.73
2008-11-21,1085.57,1085.57,4704.73
2008-11-24,1154.34,1154.34,4704.73
2008-11-25,1142.58,1142.58,4704.73
2008-11-26,1193.09,1193.09,4704.73
2008-11-28,1185.75,1185.75,4704.73
2008-12-01,1091.16,1091.16,4704.73
2008-12-02,1130.0,1130.0,4704.73
2008-12-03,1166.2,1166.2,4704.73
2008-12-04,1127.75,1127.75,4704.73
2008-12-05,1177.87,1177.87,4704.73
2008-12-08,1225.06,1225.06,4704.73
2008-12-09,1212.45,1212.45,4704.73
2008-12-10,1222.38,1222.38,4704.73
2008-12-11,1180.46,1180.46,4704.73
2008-12-12,1206.65,1206.65,4704.73
2008-12-15,1181.87,1181.87,4704.73
2008-12-16,1243.49,1243.49,4704.73
2008-12-17,1225.86,1225.86,4704.73
2008-12-18,1204.69,1204.69,4704.73
2008-12-19,1217.19,1217.19,4704.73
2008-12-22,1189.15,1189.15,4704.73
2008-12-23,1183.19,1183.19,4704.73
2008-12-24,1184.3,1184.3,4704.73
2008-12-26,1185.44,1185.44,4704.73
2008-12-29,1173.15,1173.15,4704.73
2008-12-30,1201.34,1201.34,4704.73
2008-12-31,1211.65,1211.65,4704.73
2009-01-02,1263.7,1263.7,4704.73
2009-01-05,1262.52,1262.52,4704.73
2009-01-06,1274.49,1274.49,4704.73
2009-01-07,1238.6,1238.6,4704.73
2009-01-08,1252.52,1252.52,4704.73
2009-01-09,1223.01,1223.01,4704.73
2009-01-12,1201.13,1201.13,4704.73
2009-01-13,1202.65,1202.65,4704.73
2009-01-14,1163.42,1163.42,4704.73
2009-01-15,1183.52,1183.52,4704.73
2009-01-16,1198.14,1198.14,4704.73
2009-01-20,1136.61,1136.61,4704.73
2009-01-21,1185.76,1185.76,4704.73
2009-01-22,1168.08,1168.08,4704.73
2009-01-23,1175.89,1175.89,4704.73
2009-01-26,1184.56,1184.56,4704.73
2009-01-27,1194.41,1194.41,4704.73
2009-01-28,1235.91,1235.91,4704.73
2009-01-29,1203.85,1203.85,4704.73
2009-01-30,1180.25,1180.25,4704.73
2009-02-02,1195.75,1195.75,4704.73
2009-02-03,1215.66,1215.66,4704.73
2009-02-04,1215.43,1215.43,4704.73
2009-02-05,1245.11,1245.11,4704.73
2009-02-06,1277.49,1277.49,4704.73
2009-02-09,1281.65,1281.65,4704.73
2009-02-10,1229.29,1229.29,4704.73
2009-02-11,1227.05,1227.05,4704.73
2009-02-12,1242.81,1242.81,4704.73
2009-02-13,1236.85,1236.85,4704.73
2009-02-17,1187.04,1187.04,4704.73
2009-02-18,1188.77,1188.77,4704.73
2009-02-19,1167.89,1167.89,4704.73
2009-02-20,1172.71,1172.71,4704.73
2009-02-23,1128.97,1128.97,4704.73
2009-02-24,1171.45,1171.45,4704.73
2009-02-25,1160.83,1160.83,4704.73
2009-02-26,1127.1,1127.1,4704.73
2009-02-27,1116.99,1116.99,4704.73
2009-03-02,1076.67,1076.67,4704.73
2009-03-03,1080.67,1080.67,4704.73
2009-03-04,1110.3,1110.3,4704.73
2009-03-05,1074.52,1074.52,4704.73
2009-03-06,1064.7,1064.7,4704.73
2009-03-09,1043.87,1043.87,4704.73
2009-03-10,1112.44,1112.44,4704.73
2009-03-11,1125.95,1125.95,4704.73
2009-03-12,1164.71,1164.71,4704.73
2009-03-13,1168.52,1168.52,4704.73
2009-03-16,1145.45,1145.45,4704.73
2009-03-17,1192.17,1192.17,4704.73
2009-03-18,1206.96,1206.96,4704.73
2009-03-19,1204.21,1204.21,4704.73
2009-03-20,1187.18,1187.18,4704.73
2009-03-23,1259.81,1259.81,4704.73
2009-03-24,1234.34,1234.34,4704.73
2009-03-25,1236.66,1236.66,4704.73
2009-03-26,1281.3,1281.3,4704.73
2009-03-27,1251.47,1251.47,4704.73
2009-03-30,1220.81,1220.81,4704.73
2009-03-31,1237.01,1237.01,4704.73
2009-04-01,1252.51,1252.51,4704.73
2009-04-02,1294.3,1294.3,4704.73
2009-04-03,1316.16,1316.16,4704.73
2009-04-06,1313.1,1313.1,4704.73
2009-04-07,1275.42,1275.42,4704.73
2009-04-08,1300.75,1300.75,4704.73
2009-04-09,1340.28,1340.28,4704.73
2009-04-13,1336.67,1336.67,4704.73
2009-04-14,1322.31,1322.31,4704.73
2009-04-15,1316.51,1316.51,4704.73
2009-04-16,1352.98,1352.98,4704.73
2009-04-17,1353.92,1353.92,4704.73
2009-04-20,1309.37,1309.37,4704.73
2009-04-21,1329.06,1329.06,4704.73
2009-04-22,1335.72,1335.72,4704.73
2009-04-23,1344.41,1344.41,4704.73
2009-04-24,1373.28,1373.28,4704.73
2009-04-27,1369.94,1369.94,4704.73
2009-04-28,1361.92,1361.92,4704.73
2009-04-29,1382.38,1382.38,4704.73
2009-04-30,1394.33,1394.33,4704.73
2009-05-01,1396.62,1396.62,4704.73
2009-05-04,1427.96,1427.96,4704.73
2009-05-05,1423.81,1423.81,4704.73
2009-05-06,1423.85,1423.85,4704.73
2009-05-07,1389.83,1389.83,4704.73
2009-05-08,1394.16,1394.16,4704.73
2009-05-11,1395.79,1395.79,4704.73
2009-05-12,1377.4,1377.4,4704.73
2009-05-13,1339.83,1339.83,4704.73
2009-05-14,1359.67,1359.67,4704.73
2009-05-15,1355.11,1355.11,4704.73
2009-05-18,1392.73,1392.73,4704.73
2009-05-19,1398.05,1398.05,4704.73
2009-05-20,1393.72,1393.72,4704.73
2009-05-21,1367.39,1367.39,4704.73
2009-05-22,1363.17,1363.17,4704.73
2009-05-26,1412.61,1412.61,4704.73
2009-05-27,1401.88,1401.88,4704.73
2009-05-28,1420.31,1420.31,4704.73
2009-05-29,1435.57,1435.57,4704.73
2009-06-01,1477.12,1477.12,4704.73
2009-06-02,1480.31,1480.31,4704.73
2009-06-03,1475.44,1475.44,4704.73
2009-06-04,1492.74,1492.74,4704.73
2009-06-05,1493.21,1493.21,4704.73
2009-06-08,1488.49,1488.49,4704.73
2009-06-09,1501.55,1501.55,4704.73
2009-06-10,1495.27,1495.27,4704.73
2009-06-11,1497.01,1497.01,4704.73
2009-06-12,1489.97,1489.97,4704.73
2009-06-15,1456.96,1456.96,4704.73
2009-06-16,1443.25,1443.25,4704.73
2009-06-17,1455.89,1455.89,4704.73
2009-06-18,1453.8,1453.8,4704.73
2009-06-19,1471.23,1471.23,4704.73
2009-06-22,1426.61,1426.61,4704.73
2009-06-23,1424.46,1424.46,4704.73
2009-06-24,1447.06,1447.06,4704.73
2009-06-25,1475.82,1475.82,4704.73
2009-06-26,1480.2,1480.2,4704.73
2009-06-29,1483.83,1483.83,4704.73
2009-06-30,1477.25,1477.25,4704.73
2009-07-01,1481.34,1481.34,4704.73
2009-07-02,1446.28,1446.28,4704.73
2009-07-06,1441.01,1441.01,4704.73
2009-07-07,1404.78,1404.78,4704.73
2009-07-08,1411.53,1411.53,4704.73
2009-07-09,1414.98,1414.98,4704.73
2009-07-10,1419.84,1419.84,4704.73
2009-07-13,1447.7,1447.7,4704.73
2009-07-14,1452.84,1452.84,4704.73
2009-07-15,1500.98,1500.98,4704.73
2009-07-16,1518.87,1518.87,4704.73
2009-07-17,1527.26,1527.26,4704.73
2009-07-20,1544.0,1544.0,4704.73
2009-07-21,1553.01,1553.01,4704.73
2009-07-22,1565.0,1565.0,4704.73
2009-07-23,1601.52,1601.52,4704.73
2009-07-24,1599.06,1599.06,4704.73
2009-07-27,1599.31,1599.31,4704.73
2009-07-28,1605.47,1605.47,4704.73
2009-07-29,1599.61,1599.61,4704.73
2009-07-30,1609.87,1609.87,4704.73
2009-07-31,1603.36,1603.36,4704.73
2009-08-03,1628.12,1628.12,4704.73
2009-08-04,1628.49,1628.49,4704.73
2009-08-05,1614.44,1614.44,4704.73
2009-08-06,1600.29,1600.29,4704.73
2009-08-07,1619.49,1619.49,4704.73
2009-08-10,1610.43,1610.43,4704.73
2009-08-11,1594.69,1594.69,4704.73
2009-08-12,1619.59,1619.59,4704.73
2009-08-13,1628.65,1628.65,4704.73
2009-08-14,1611.58,1611.58,4704.73
2009-08-17,1564.89,1564.89,4704.73
2009-08-18,1586.5,1586.5,4704.73
2009-08-19,1596.61,1596.61,4704.73
2009-08-20,1614.22,1614.22,4704.73
2009-08-21,1637.78,1637.78,4704.73
2009-08-24,1634.78,1634.78,4704.73
2009-08-25,1639.9,1639.9,4704.73
2009-08-26,1637.0,1637.0,4704.73
2009-08-27,1640.97,1640.97,4704.73
2009-08-28,1643.24,1643.24,4704.73
2009-08-31,1625.19,1625.19,4704.73
2009-09-01,1595.84,1595.84,4704.73
2009-09-02,1594.28,1594.28,4704.73
2009-09-03,1605.98,1605.98,4704.73
2009-09-04,1638.07,1638.07,4704.73
2009-09-08,1654.81,1654.81,4704.73
2009-09-09,1669.23,1669.23,4704.73
2009-09-10,1686.16,1686.16,4704.73
2009-09-11,1685.46,1685.46,4704.73
2009-09-14,1693.76,1693.76,4704.73
2009-09-15,1699.53,1699.53,4704.73
2009-09-16,1723.73,1723.73,4704.73
2009-09-17,1721.09,1721.09,4704.73
2009-09-18,1725.24,1725.24,4704.73
2009-09-21,1731.58,1731.58,4704.73
2009-09-22,1734.09,1734.09,4704.73
2009-09-23,1724.27,1724.27,4704.73
2009-09-24,1709.76,1709.76,4704.73
2009-09-25,1694.15,1694.15,4704.73
2009-09-28,1724.59,1724.59,4704.73
2009-09-29,1717.67,1717.67,4704.73
2009-09-30,1718.99,1718.99,4704.73
2009-10-01,1666.41,1666.41,4704.73
2009-10-02,1662.49,1662.49,4704.73
2009-10-05,1675.64,1675.64,4704.73
2009-10-06,1705.25,1705.25,4704.73
2009-10-07,1710.45,1710.45,4704.73
2009-10-08,1717.79,1717.79,4704.73
2009-10-09,1727.76,1727.76,4704.73
2009-10-12,1729.63,1729.63,4704.73
2009-10-13,1730.27,1730.27,4704.73
2009-10-14,1754.26,1754.26,4704.73
2009-10-15,1753.36,1753.36,4704.73
2009-10-16,1739.32,1739.32,4704.73
2009-10-19,1756.68,1756.68,4704.73
2009-10-20,1756.19,1756.19,4704.73
2009-10-21,1753.56,1753.56,4704.73
2009-10-22,1763.15,1763.15,4704.73
2009-10-23,1753.63,1753.63,4704.73
2009-10-26,1746.75,1746.75,4704.73
2009-10-27,1722.46,1722.46,4704.73
2009-10-28,1682.06,1682.06,4704.73
2009-10-29,1711.27,1711.27,4704.73
2009-10-30,1667.13,1667.13,4704.73
2009-11-02,1672.91,1672.91,4704.73
2009-11-03,1679.2,1679.2,4704.73
2009-11-04,1680.67,1680.67,4704.73
2009-11-05,1721.09,1721.09,4704.73
2009-11-06,1730.76,1730.76,4704.73
2009-11-09,1768.4,1768.4,4704.73
2009-11-10,1773.17,1773.17,4704.73
2009-11-11,1782.95,1782.95,4704.73
2009-11-12,1773.14,1773.14,4704.73
2009-11-13,1788.61,1788.61,4704.73
2009-11-16,1807.56,1807.56,4704.73
2009-11-17,1812.21,1812.21,4704.73
2009-11-18,1801.74,1801.74,4704.73
2009-11-19,1773.19,1773.19,4704.73
2009-11-20,1764.39,1764.39,4704.73
2009-11-23,1792.94,1792.94,4704.73
2009-11-24,1786.25,1786.25,4704.73
2009-11-25,1793.67,1793.67,4704.73
2009-11-27,1765.46,1765.46,4704.73
2009-11-30,1767.43,1767.43,4704.73
2009-12-01,1787.71,1787.71,4704.73
2009-12-02,1790.82,1790.82,4704.73
2009-12-03,1782.91,1782.91,4704.73
2009-12-04,1791.91,1791.91,4704.73
2009-12-07,1783.65,1783.65,4704.73
2009-12-08,1772.73,1772.73,4704.73
2009-12-09,1789.7,1789.7,4704.73
2009-12-10,1799.37,1799.37,4704.73
2009-12-11,1792.06,1792.06,4704.73
2009-12-14,1809.09,1809.09,4704.73
2009-12-15,1798.21,1798.21,4704.73
2009-12-16,1800.82,1800.82,4704.73
2009-12-17,1778.27,1778.27,4704.73
2009-12-18,1807.36,1807.36,4704.73
2009-12-21,1828.79,1828.79,4704.73
2009-12-22,1839.51,1839.51,4704.73
2009-12-23,1851.99,1851.99,4704.73
2009-12-24,1869.84,1869.84,4704.73
2009-12-28,1878.18,1878.18,4704.73
2009-12-29,1872.02,1872.02,4704.73
2009-12-30,1878.65,1878.65,4704.73
2009-12-31,1860.31,1860.31,4704.73
2010-01-04,1886.7,1886.7,4704.73
2010-01-05,1888.43,1888.43,4704.73
2010-01-06,1878.42,1878.42,4704.73
2010-01-07,1876.72,1876.72,4704.73
2010-01-08,1892.59,1892.59,4704.73
2010-01-11,1886.24,1886.24,4704.73
2010-01-12,1861.79,1861.79,4704.73
2010-01-13,1886.13,1886.13,4704.73
2010-01-14,1886.52,1886.52,4704.73
2010-01-15,1864.52,1864.52,4704.73
2010-01-19,1895.48,1895.48,4704.73
2010-01-20,1867.95,1867.95,4704.73
2010-01-21,1850.57,1850.57,4704.73
2010-01-22,1794.82,1794.82,4704.73
2010-01-25,1802.39,1802.39,4704.73
2010-01-26,1803.86,1803.86,4704.73
2010-01-27,1818.9,1818.9,4704.73
2010-01-28,1771.1,1771.1,4704.73
2010-01-29,1741.04,1741.04,4704.73
2010-02-01,1760.72,1760.72,4704.73
2010-02-02,1776.92,1776.92,4704.73
2010-02-03,1784.7,1784.7,4704.73
2010-02-04,1732.99,1732.99,4704.73
2010-02-05,1746.12,1746.12,4704.73
2010-02-08,1734.88,1734.88,4704.73
2010-02-09,1753.84,1753.84,4704.73
2010-02-10,1749.76,1749.76,4704.73
2010-02-11,1775.74,1775.74,4704.73
2010-02-12,1779.11,1779.11,4704.73
2010-02-16,1802.06,1802.06,4704.73
2010-02-17,1810.86,1810.86,4704.73
2010-02-18,1823.39,1823.39,4704.73
2010-02-19,1823.32,1823.32,4704.73
2010-02-22,1817.63,1817.63,4704.73
2010-02-23,1793.82,1793.82,4704.73
2010-02-24,1812.51,1812.51,4704.73
2010-02-25,1812.91,1812.91,4704.73
2010-02-26,1818.68,1818.68,4704.73
2010-03-01,1846.4,1846.4,4704.73
2010-03-02,1851.21,1851.21,4704.73
2010-03-03,1851.57,1851.57,4704.73
2010-03-04,1859.72,1859.72,4704.73
2010-03-05,1888.56,1888.56,4704.73
2010-03-08,1890.89,1890.89,4704.73
2010-03-09,1901.38,1901.38,4704.73
2010-03-10,1917.35,1917.35,4704.73
2010-03-11,1923.81,1923.81,4704.73
2010-03-12,1924.43,1924.43,4704.73
2010-03-15,1920.09,1920.09,4704.73
2010-03-16,1932.24,1932.24,4704.73
2010-03-17,1936.22,1936.22,4704.73
2010-03-18,1943.94,1943.94,4704.73
2010-03-19,1932.43,1932.43,4704.73
2010-03-22,1949.59,1949.59,4704.73
2010-03-23,1963.2,1963.2,4704.73
2010-03-24,1951.84,1951.84,4704.73
2010-03-25,1949.15,1949.15,4704.73
2010-03-26,1952.63,1952.63,4704.73
2010-03-29,1961.22,1961.22,4704.73
2010-03-30,1967.96,1967.96,4704.73
2010-03-31,1958.34,1958.34,4704.73
2010-04-01,1959.56,1959.56,4704.73
2010-04-05,1977.83,1977.83,4704.73
2010-04-06,1981.95,1981.95,4704.73
2010-04-07,1977.3,1977.3,4704.73
2010-04-08,1980.73,1980.73,4704.73
2010-04-09,1994.43,1994.43,4704.73
2010-04-12,1995.65,1995.65,4704.73
2010-04-13,2003.81,2003.81,4704.73
2010-04-14,2028.82,2028.82,4704.73
2010-04-15,2038.64,2038.64,4704.73
2010-04-16,2012.84,2012.84,4704.73
2010-04-19,2013.53,2013.53,4704.73
2010-04-20,2023.6,2023.6,4704.73
2010-04-21,2034.53,2034.53,4704.73
2010-04-22,2045.16,2045.16,4704.73
2010-04-23,2055.33,2055.33,4704.73
2010-04-26,2049.09,2049.09,4704.73
2010-04-27,2006.25,2006.25,4704.73
2010-04-28,2007.59,2007.59,4704.73
2010-04-29,2042.89,2042.89,4704.73
2010-04-30,2000.63,2000.63,4704.73
2010-05-03,2031.6,2031.6,4704.73
2010-05-04,1968.97,1968.97,4704.73
2010-05-05,1958.26,1958.26,4704.73
2010-05-06,1893.75,1893.75,4704.73
2010-05-07,1849.44,1849.44,4704.73
2010-05-10,1942.61,1942.61,4704.73
2010-05-11,1940.48,1940.48,4704.73
2010-05-12,1975.58,1975.58,4704.73
2010-05-13,1945.52,1945.52,4704.73
2010-05-14,1907.1,1907.1,4704.73
2010-05-17,1915.45,1915.45,4704.73
2010-05-18,1887.06,1887.06,4704.73
2010-05-19,1873.42,1873.42,4704.73
2010-05-20,1800.12,1800.12,4704.73
2010-05-21,1822.77,1822.77,4704.73
2010-05-24,1815.28,1815.28,4704.73
2010-05-25,1815.68,1815.68,4704.73
2010-05-26,1796.47,1796.47,4704.73
2010-05-27,1862.71,1862.71,4704.73
2010-05-28,1852.39,1852.39,4704.73
2010-06-01,1835.04,1835.04,4704.73
2010-06-02,1879.59,1879.59,4704.73
2010-06-03,1895.66,1895.66,4704.73
2010-06-04,1832.04,1832.04,4704.73
2010-06-07,1798.16,1798.16,4704.73
2010-06-08,1795.7,1795.7,4704.73
2010-06-09,1778.92,1778.92,4704.73
2010-06-10,1830.09,1830.09,4704.73
2010-06-11,1847.15,1847.15,4704.73
2010-06-14,1845.48,1845.48,4704.73
2010-06-15,1897.48,1897.48,4704.73
2010-06-16,1905.31,1905.31,4704.73
2010-06-17,1910.65,1910.65,4704.73
2010-06-18,1913.48,1913.48,4704.73
2010-06-21,1895.84,1895.84,4704.73
2010-06-22,1880.54,1880.54,4704.73
2010-06-23,1874.42,1874.42,4704.73
2010-06-24,1844.59,1844.59,4704.73
2010-06-25,1838.52,1838.52,4704.73
2010-06-28,1836.0,1836.0,4704.73
2010-06-29,1764.06,1764.06,4704.73
2010-06-30,1739.14,1739.14,4704.73
2010-07-01,1734.41,1734.41,4704.73
2010-07-02,1728.34,1728.34,4704.73
2010-07-06,1734.68,1734.68,4704.73
2010-07-07,1789.72,1789.72,4704.73
2010-07-08,1798.31,1798.31,4704.73
2010-07-09,1814.79,1814.79,4704.73
2010-07-12,1821.03,1821.03,4704.73
2010-07-13,1845.03,1845.03,4704.73
2010-07-14,1853.41,1853.41,4704.73
2010-07-15,1856.24,1856.24,4704.73
2010-07-16,1803.48,1803.48,4704.73
2010-07-19,1819.28,1819.28,4704.73
2010-07-20,1840.67,1840.67,4704.73
2010-07-21,1817.3,1817.3,4704.73
2010-07-22,1863.1,1863.1,4704.73
2010-07-23,1875.38,1875.38,4704.73
2010-07-26,1890.4,1890.4,4704.73
2010-07-27,1888.81,1888.81,4704.73
2010-07-28,1872.62,1872.62,4704.73
2010-07-29,1860.3,1860.3,4704.73
2010-07-30,1864.0,1864.0,4704.73
2010-08-02,1898.99,1898.99,4704.73
2010-08-03,1891.81,1891.81,4704.73
2010-08-04,1909.2,1909.2,4704.73
2010-08-05,1904.95,1904.95,4704.73
2010-08-06,1902.88,1902.88,4704.73
2010-08-09,1915.17,1915.17,4704.73
2010-08-10,1899.24,1899.24,4704.73
2010-08-11,1845.38,1845.38,4704.73
2010-08-12,1832.17,1832.17,4704.73
2010-08-13,1818.8,1818.8,4704.73
2010-08-16,1821.51,1821.51,4704.73
2010-08-17,1845.37,1845.37,4704.73
2010-08-18,1850.8,1850.8,4704.73
2010-08-19,1823.0,1823.0,4704.73
2010-08-20,1825.75,1825.75,4704.73
2010-08-23,1808.31,1808.31,4704.73
2010-08-24,1775.27,1775.27,4704.73
2010-08-25,1790.88,1790.88,4704.73
2010-08-26,1769.02,1769.02,4704.73
2010-08-27,1791.64,1791.64,4704.73
2010-08-30,1772.07,1772.07,4704.73
2010-08-31,1767.43,1767.43,4704.73
2010-09-01,1820.05,1820.05,4704.73
2010-09-02,1840.58,1840.58,4704.73
2010-09-03,1870.31,1870.31,4704.73
2010-09-07,1856.5,1856.5,4704.73
2010-09-08,1880.0,1880.0,4704.73
2010-09-09,1886.14,1886.14,4704.73
2010-09-10,1892.34,1892.34,4704.73
2010-09-13,1921.67,1921.67,4704.73
2010-09-14,1928.59,1928.59,4704.73
2010-09-15,1939.6,1939.6,4704.73
2010-09-16,1948.11,1948.11,4704.73
2010-09-17,1955.83,1955.83,4704.73
2010-09-20,1989.43,1989.43,4704.73
2010-09-21,1989.11,1989.11,4704.73
2010-09-22,1982.76,1982.76,4704.73
2010-09-23,1982.15,1982.15,4704.73
2010-09-24,2023.84,2023.84,4704.73
2010-09-27,2010.99,2010.99,4704.73
2010-09-28,2012.43,2012.43,4704.73
2010-09-29,2009.08,2009.08,4704.73
2010-09-30,1998.04,1998.04,4704.73
2010-10-01,1996.6,1996.6,4704.73
2010-10-04,1975.33,1975.33,4704.73
2010-10-05,2024.63,2024.63,4704.73
2010-10-06,2006.52,2006.52,4704.73
2010-10-07,2011.63,2011.63,4704.73
2010-10-08,2027.03,2027.03,4704.73
2010-10-11,2026.98,2026.98,4704.73
2010-10-12,2041.55,2041.55,4704.73
2010-10-13,2057.25,2057.25,4704.73
2010-10-14,2054.51,2054.51,4704.73
2010-10-15,2097.73,2097.73,4704.73
2010-10-18,2104.15,2104.15,4704.73
2010-10-19,2069.73,2069.73,4704.73
2010-10-20,2085.75,2085.75,4704.73
2010-10-21,2090.1,2090.1,4704.73
2010-10-22,2104.21,2104.21,4704.73
2010-10-25,2113.55,2113.55,4704.73
2010-10-26,2119.05,2119.05,4704.73
2010-10-27,2125.88,2125.88,4704.73
2010-10-28,2129.73,2129.73,4704.73
2010-10-29,2124.45,2124.45,4704.73
2010-11-01,2128.42,2128.42,4704.73
2010-11-02,2151.72,2151.72,4704.73
2010-11-03,2158.36,2158.36,4704.73
2010-11-04,2187.8,2187.8,4704.73
2010-11-05,2186.71,2186.71,4704.73
2010-11-08,2188.94,2188.94,4704.73
2010-11-09,2176.88,2176.88,4704.73
2010-11-10,2187.74,2187.74,4704.73
2010-11-11,2173.11,2173.11,4704.73
2010-11-12,2137.95,2137.95,4704.73
2010-11-15,2131.48,2131.48,4704.73
2010-11-16,2093.63,2093.63,4704.73
2010-11-17,2100.0,2100.0,4704.73
2010-11-18,2134.77,2134.77,4704.73
2010-11-19,2135.27,2135.27,4704.73
2010-11-22,2150.86,2150.86,4704.73
2010-11-23,2116.61,2116.61,4704.73
2010-11-24,2160.52,2160.52,4704.73
2010-11-26,2153.91,2153.91,4704.73
2010-11-29,2144.56,2144.56,4704.73
2010-11-30,2117.33,2117.33,4704.73
2010-12-01,2162.83,2162.83,4704.73
2010-12-02,2185.3,2185.3,4704.73
2010-12-03,2191.17,2191.17,4704.73
2010-12-06,2189.81,2189.81,4704.73
2010-12-07,2189.35,2189.35,4704.73
2010-12-08,2200.6,2200.6,4704.73
2010-12-09,2201.57,2201.57,4704.73
2010-12-10,2215.34,2215.34,4704.73
2010-12-13,2207.45,2207.45,4704.73
2010-12-14,2212.59,2212.59,4704.73
2010-12-15,2202.45,2202.45,4704.73
2010-12-16,2218.02,2218.02,4704.73
2010-12-17,2218.29,2218.29,4704.73
2010-12-20,2223.04,2223.04,4704.73
2010-12-21,2234.57,2234.57,4704.73
2010-12-22,2235.91,2235.91,4704.73
2010-12-23,2230.27,2230.27,4704.73
2010-12-27,2229.86,2229.86,4704.73
2010-12-28,2227.42,2227.42,4704.73
2010-12-29,2231.64,2231.64,4704.73
2010-12-30,2225.72,2225.72,4704.73
2010-12-31,2217.86,2217.86,4704.73
2011-01-03,2254.23,2254.23,4704.73
2011-01-04,2251.46,2251.46,4704.73
2011-01-05,2270.4,2270.4,4704.73
2011-01-06,2277.51,2277.51,4704.73
2011-01-07,2276.7,2276.7,4704.73
2011-01-10,2284.38,2284.38,4704.73
2011-01-11,2288.73,2288.73,4704.73
2011-01-12,2304.88,2304.88,4704.73
2011-01-13,2305.53,2305.53,4704.73
2011-01-14,2323.43,2323.43,4704.73
2011-01-18,2328.79,2328.79,4704.73
2011-01-19,2303.32,2303.32,4704.73
2011-01-20,2286.08,2286.08,4704.73
2011-01-21,2268.32,2268.32,4704.73
2011-01-24,2300.39,2300.39,4704.73
2011-01-25,2304.03,2304.03,4704.73
2011-01-26,2314.19,2314.19,4704.73
2011-01-27,2330.07,2330.07,4704.73
2011-01-28,2270.51,2270.51,4704.73
2011-01-31,2281.91,2281.91,4704.73
2011-02-01,2324.95,2324.95,4704.73
2011-02-02,2321.09,2321.09,4704.73
2011-02-03,2323.07,2323.07,4704.73
2011-02-04,2338.2,2338.2,4704.73
2011-02-07,2349.2,2349.2,4704.73
2011-02-08,2363.61,2363.61,4704.73
2011-02-09,2360.95,2360.95,4704.73
2011-02-10,2364.35,2364.35,4704.73
2011-02-11,2379.15,2379.15,4704.73
2011-02-14,2385.6,2385.6,4704.73
2011-02-15,2381.92,2381.92,4704.73
2011-02-16,2397.94,2397.94,4704.73
2011-02-17,2397.57,2397.57,4704.73
2011-02-18,2392.47,2392.47,4704.73
2011-02-22,2322.86,2322.86,4704.73
2011-02-23,2300.94,2300.94,4704.73
2011-02-24,2313.31,2313.31,4704.73
2011-02-25,2346.29,2346.29,4704.73
2011-02-28,2350.99,2350.99,4704.73
2011-03-01,2315.26,2315.26,4704.73
2011-03-02,2326.77,2326.77,4704.73
2011-03-03,2371.76,2371.76,4704.73
2011-03-04,2359.96,2359.96,4704.73
2011-03-07,2328.07,2328.07,4704.73
2011-03-08,2337.55,2337.55,4704.73
2011-03-09,2322.69,2322.69,4704.73
2011-03-10,2284.29,2284.29,4704.73
2011-03-11,2299.26,2299.26,4704.73
2011-03-14,2290.72,2290.72,4704.73
2011-03-15,2259.62,2259.62,4704.73
2011-03-16,2202.97,2202.97,4704.73
2011-03-17,2225.24,2225.24,4704.73
2011-03-18,2221.07,2221.07,4704.73
2011-03-21,2262.7,2262.7,4704.73
2011-03-22,2257.96,2257.96,4704.73
2011-03-23,2270.5,2270.5,4704.73
2011-03-24,2312.09,2312.09,4704.73
2011-03-25,2316.36,2316.36,4704.73
2011-03-28,2303.1,2303.1,4704.73
2011-03-29,2325.54,2325.54,4704.73
2011-03-30,2336.52,2336.52,4704.73
2011-03-31,2338.99,2338.99,4704.73
2011-04-01,2342.92,2342.92,4704.73
2011-04-04,2334.54,2334.54,4704.73
2011-04-05,2327.87,2327.87,4704.73
2011-04-06,2332.34,2332.34,4704.73
2011-04-07,2332.88,2332.88,4704.73
2011-04-08,2321.18,2321.18,4704.73
2011-04-11,2314.5,2314.5,4704.73
2011-04-12,2298.3,2298.3,4704.73
2011-04-13,2316.63,2316.63,4704.73
2011-04-14,2311.25,2311.25,4704.73
2011-04-15,2307.58,2307.58,4704.73
2011-04-18,2292.34,2292.34,4704.73
2011-04-19,2306.77,2306.77,4704.73
2011-04-20,2357.76,2357.76,4704.73
2011-04-21,2377.3,2377.3,4704.73
2011-04-25,2383.72,2383.72,4704.73
2011-04-26,2396.03,2396.03,4704.73
2011-04-27,2413.59,2413.59,4704.73
2011-04-28,2409.9,2409.9,4704.73
2011-04-29,2404.08,2404.08,4704.73
2011-05-02,2404.24,2404.24,4704.73
2011-05-03,2392.8,2392.8,4704.73
2011-05-04,2387.51,2387.51,4704.73
2011-05-05,2375.21,2375.21,4704.73
2011-05-06,2383.18,2383.18,4704.73
2011-05-09,2390.97,2390.97,4704.73
2011-05-10,2411.35,2411.35,4704.73
2011-05-11,2393.08,2393.08,4704.73
2011-05-12,2407.89,2407.89,4704.73
2011-05-13,2379.24,2379.24,4704.73
2011-05-16,2337.85,2337.85,4704.73
2011-05-17,2343.51,2343.51,4704.73
2011-05-18,2362.95,2362.95,4704.73
2011-05-19,2369.67,2369.67,4704.73
2011-05-20,2351.43,2351.43,4704.73
2011-05-23,2316.78,2316.78,4704.73
2011-05-24,2303.55,2303.55,4704.73
2011-05-25,2310.95,2310.95,4704.73
2011-05-26,2325.93,2325.93,4704.73
2011-05-27,2336.09,2336.09,4704.73
2011-05-31,2372.54,2372.54,4704.73
2011-06-01,2322.48,2322.48,4704.73
2011-06-02,2326.7,2326.7,4704.73
2011-06-03,2292.31,2292.31,4704.73
2011-06-06,2274.48,2274.48,4704.73
2011-06-07,2268.96,2268.96,4704.73
2011-06-08,2252.89,2252.89,4704.73
2011-06-09,2256.65,2256.65,4704.73
2011-06-10,2221.09,2221.09,4704.73
2011-06-13,2222.28,2222.28,4704.73
2011-06-14,2250.34,2250.34,4704.73
2011-06-15,2209.01,2209.01,4704.73
2011-06-16,2199.93,2199.93,4704.73
2011-06-17,2192.96,2192.96,4704.73
2011-06-20,2204.36,2204.36,4704.73
2011-06-21,2251.82,2251.82,4704.73
2011-06-22,2235.75,2235.75,4704.73
2011-06-23,2255.05,2255.05,4704.73
2011-06-24,2217.06,2217.06,4704.73
2011-06-27,2252.24,2252.24,4704.73
2011-06-28,2285.75,2285.75,4704.73
2011-06-29,2294.43,2294.43,4704.73
2011-06-30,2325.07,2325.07,4704.73
2011-07-01,2361.39,2361.39,4704.73
2011-07-05,2371.21,2371.21,4704.73
2011-07-06,2378.58,2378.58,4704.73
2011-07-07,2412.89,2412.89,4704.73
2011-07-08,2405.89,2405.89,4704.73
2011-07-11,2362.0,2362.0,4704.73
2011-07-12,2343.79,2343.79,4704.73
2011-07-13,2352.43,2352.43,4704.73
2011-07-14,2325.06,2325.06,4704.73
2011-07-15,2356.67,2356.67,4704.73
2011-07-18,2344.01,2344.01,4704.73
2011-07-19,2398.17,2398.17,4704.73
2011-07-20,2387.8,2387.8,4704.73
2011-07-21,2404.24,2404.24,4704.73
2011-07-22,2429.5,2429.5,4704.73
2011-07-25,2424.15,2424.15,4704.73
2011-07-26,2429.45,2429.45,4704.73
2011-07-27,2367.16,2367.16,4704.73
2011-07-28,2371.77,2371.77,4704.73
2011-07-29,2362.81,2362.81,4704.73
2011-08-01,2354.05,2354.05,4704.73
2011-08-02,2292.85,2292.85,4704.73
2011-08-03,2312.78,2312.78,4704.73
2011-08-04,2207.2,2207.2,4704.73
2011-08-05,2194.38,2194.38,4704.73
2011-08-08,2060.29,2060.29,4704.73
2011-08-09,2160.79,2160.79,4704.73
2011-08-10,2073.09,2073.09,4704.73
2011-08-11,2167.07,2167.07,4704.73
2011-08-12,2182.05,2182.05,4704.73
2011-08-15,2214.12,2214.12,4704.73
2011-08-16,2194.27,2194.27,4704.73
2011-08-17,2181.62,2181.62,4704.73
2011-08-18,2073.03,2073.03,4704.73
2011-08-19,2038.22,2038.22,4704.73
2011-08-22,2044.73,2044.73,4704.73
2011-08-23,2129.27,2129.27,4704.73
2011-08-24,2145.04,2145.04,4704.73
2011-08-25,2108.21,2108.21,4704.73
2011-08-26,2161.97,2161.97,4704.73
2011-08-29,2223.96,2223.96,4704.73
2011-08-30,2237.69,2237.69,4704.73
2011-08-31,2241.01,2241.01,4704.73
2011-09-01,2219.05,2219.05,4704.73
2011-09-02,2167.83,2167.83,4704.73
2011-09-06,2167.6,2167.6,4704.73
2011-09-07,2223.75,2223.75,4704.73
2011-09-08,2214.29,2214.29,4704.73
2011-09-09,2163.66,2163.66,4704.73
2011-09-12,2191.84,2191.84,4704.73
2011-09-13,2220.58,2220.58,4704.73
2011-09-14,2252.75,2252.75,4704.73
2011-09-15,2286.56,2286.56,4704.73
2011-09-16,2306.09,2306.09,4704.73
2011-09-19,2308.76,2308.76,4704.73
2011-09-20,2295.89,2295.89,4704.73
2011-09-21,2258.3,2258.3,4704.73
2011-09-22,2184.59,2184.59,4704.73
2011-09-23,2206.86,2206.86,4704.73
2011-09-26,2234.28,2234.28,4704.73
2011-09-27,2253.55,2253.55,4704.73
2011-09-28,2220.84,2220.84,4704.73
2011-09-29,2197.68,2197.68,4704.73
2011-09-30,2139.18,2139.18,4704.73
2011-10-03,2085.04,2085.04,4704.73
2011-10-04,2129.21,2129.21,4704.73
2011-10-05,2182.77,2182.77,4704.73
2011-10-06,2217.99,2217.99,4704.73
2011-10-07,2202.76,2202.76,4704.73
2011-10-10,2278.65,2278.65,4704.73
2011-10-11,2294.92,2294.92,4704.73
2011-10-12,2307.18,2307.18,4704.73
2011-10-13,2326.88,2326.88,4704.73
2011-10-14,2371.94,2371.94,4704.73
2011-10-17,2334.38,2334.38,4704.73
2011-10-18,2364.87,2364.87,4704.73
2011-10-19,2316.81,2316.81,4704.73
2011-10-20,2306.29,2306.29,4704.73
2011-10-21,2335.93,2335.93,4704.73
2011-10-24,2384.42,2384.42,4704.73
2011-10-25,2335.87,2335.87,4704.73
2011-10-26,2334.79,2334.79,4704.73
2011-10-27,2399.83,2399.83,4704.73
2011-10-28,2401.29,2401.29,4704.73
2011-10-31,2360.08,2360.08,4704.73
2011-11-01,2298.37,2298.37,4704.73
2011-11-02,2318.32,2318.32,4704.73
2011-11-03,2367.71,2367.71,4704.73
2011-11-04,2356.32,2356.32,4704.73
2011-11-07,2371.04,2371.04,4704.73
2011-11-08,2400.01,2400.01,4704.73
2011-11-09,2314.1,2314.1,4704.73
2011-11-10,2312.07,2312.07,4704.73
2011-11-11,2355.78,2355.78,4704.73
2011-11-14,2341.32,2341.32,4704.73
2011-11-15,2366.24,2366.24,4704.73
2011-11-16,2324.37,2324.37,4704.73
2011-11-17,2272.09,2272.09,4704.73
2011-11-18,2253.95,2253.95,4704.73
2011-11-21,2211.14,2211.14,4704.73
2011-11-22,2216.33,2216.33,4704.73
2011-11-23,2166.54,2166.54,4704.73
2011-11-25,2150.88,2150.88,4704.73
2011-11-28,2224.22,2224.22,4704.73
2011-11-29,2211.39,2211.39,4704.73
2011-11-30,2295.2,2295.2,4704.73
2011-12-01,2309.2,2309.2,4704.73
2011-12-02,2302.04,2302.04,4704.73
2011-12-05,2326.95,2326.95,4704.73
2011-12-06,2321.49,2321.49,4704.73
2011-12-07,2320.54,2320.54,4704.73
2011-12-08,2282.59,2282.59,4704.73
2011-12-09,2318.68,2318.68,4704.73
2011-12-12,2292.24,2292.24,4704.73
2011-12-13,2268.37,2268.37,4704.73
2011-12-14,2233.03,2233.03,4704.73
2011-12-15,2226.71,2226.71,4704.73
2011-12-16,2238.18,2238.18,4704.73
2011-12-19,2215.27,2215.27,4704.73
2011-12-20,2281.94,2281.94,4704.73
2011-12-21,2249.03,2249.03,4704.73
2011-12-22,2266.77,2266.77,4704.73
2011-12-23,2287.57,2287.57,4704.73
2011-12-27,2293.12,2293.12,4704.73
2011-12-28,2267.08,2267.08,4704.73
2011-12-29,2285.07,2285.07,4704.73
2011-12-30,2277.83,2277.83,4704.73
2012-01-03,2321.96,2321.96,4704.73
2012-01-04,2329.71,2329.71,4704.73
2012-01-05,2348.98,2348.98,4704.73
2012-01-06,2356.17,2356.17,4704.73
2012-01-09,2350.65,2350.65,4704.73
2012-01-10,2367.38,2367.38,4704.73
2012-01-11,2372.25,2372.25,4704.73
2012-01-12,2381.99,2381.99,4704.73
2012-01-13,2371.98,2371.98,4704.73
2012-01-17,2393.24,2393.24,4704.73
2012-01-18,2425.96,2425.96,4704.73
2012-01-19,2441.7,2441.7,4704.73
2012-01-20,2437.02,2437.02,4704.73
2012-01-23,2437.22,2437.22,4704.73
2012-01-24,2433.96,2433.96,4704.73
2012-01-25,2465.66,2465.66,4704.73
2012-01-26,2454.63,2454.63,4704.73
2012-01-27,2461.77,2461.77,4704.73
2012-01-30,2465.32,2465.32,4704.73
2012-01-31,2467.95,2467.95,4704.73
2012-02-01,2488.18,2488.18,4704.73
2012-02-02,2495.83,2495.83,4704.73
2012-02-03,2529.17,2529.17,4704.73
2012-02-06,2528.3,2528.3,4704.73
2012-02-07,2532.06,2532.06,4704.73
2012-02-08,2545.72,2545.72,4704.73
2012-02-09,2563.93,2563.93,4704.73
2012-02-10,2547.32,2547.32,4704.73
2012-02-13,2569.49,2569.49,4704.73
2012-02-14,2575.24,2575.24,4704.73
2012-02-15,2556.01,2556.01,4704.73
2012-02-16,2592.29,2592.29,4704.73
2012-02-17,2584.24,2584.24,4704.73
2012-02-21,2590.24,2590.24,4704.73
2012-02-22,2579.78,2579.78,4704.73
2012-02-23,2594.93,2594.93,4704.73
2012-02-24,2604.21,2604.21,4704.73
2012-02-27,2606.76,2606.76,4704.73
2012-02-28,2633.46,2633.46,4704.73
2012-02-29,2623.1,2623.1,4704.73
2012-03-01,2643.54,2643.54,4704.73
2012-03-02,2641.58,2641.58,4704.73
2012-03-05,2614.92,2614.92,4704.73
2012-03-06,2588.95,2588.95,4704.73
2012-03-07,2607.85,2607.85,4704.73
2012-03-08,2637.18,2637.18,4704.73
2012-03-09,2646.85,2646.85,4704.73
2012-03-12,2646.85,2646.85,4704.73
2012-03-13,2697.43,2697.43,4704.73
2012-03-14,2708.41,2708.41,4704.73
2012-03-15,2714.79,2714.79,4704.73
2012-03-16,2712.78,2712.78,4704.73
2012-03-19,2733.26,2733.26,4704.73
2012-03-20,2737.63,2737.63,4704.73
2012-03-21,2736.88,2736.88,4704.73
2012-03-22,2731.5,2731.5,4704.73
2012-03-23,2728.55,2728.55,4704.73
2012-03-26,2778.02,2778.02,4704.73
2012-03-27,2782.12,2782.12,4704.73
2012-03-28,2770.97,2770.97,4704.73
2012-03-29,2762.05,2762.05,4704.73
2012-03-30,2755.27,2755.27,4704.73
2012-04-02,2784.42,2784.42,4704.73
2012-04-03,2782.78,2782.78,4704.73
2012-04-04,2745.0,2745.0,4704.73
2012-04-05,2762.5,2762.5,4704.73
2012-04-09,2739.98,2739.98,4704.73
2012-04-10,2695.12,2695.12,4704.73
2012-04-11,2708.13,2708.13,4704.73
2012-04-12,2740.26,2740.26,4704.73
2012-04-13,2698.99,2698.99,4704.73
2012-04-16,2670.1,2670.1,4704.73
2012-04-17,2723.58,2723.58,4704.73
2012-04-18,2716.14,2716.14,4704.73
2012-04-19,2686.82,2686.82,4704.73
2012-04-20,2676.04,2676.04,4704.73
2012-04-23,2653.5,2653.5,4704.73
2012-04-24,2638.73,2638.73,4704.73
2012-04-25,2709.62,2709.62,4704.73
2012-04-26,2725.23,2725.23,4704.73
2012-04-27,2741.34,2741.34,4704.73
2012-04-30,2723.68,2723.68,4704.73
2012-05-01,2726.92,2726.92,4704.73
2012-05-02,2734.77,2734.77,4704.73
2012-05-03,2704.59,2704.59,4704.73
2012-05-04,2637.92,2637.92,4704.73
2012-05-07,2639.28,2639.28,4704.73
2012-05-08,2629.87,2629.87,4704.73
2012-05-09,2621.35,2621.35,4704.73
2012-05-10,2616.24,2616.24,4704.73
2012-05-11,2615.98,2615.98,4704.73
2012-05-14,2590.28,2590.28,4704.73
2012-05-15,2580.75,2580.75,4704.73
2012-05-16,2561.56,2561.56,4704.73
2012-05-17,2509.05,2509.05,4704.73
2012-05-18,2478.53,2478.53,4704.73
2012-05-21,2545.43,2545.43,4704.73
2012-05-22,2539.2,2539.2,4704.73
2012-05-23,2547.08,2547.08,4704.73
2012-05-24,2531.35,2531.35,4704.73
2012-05-25,2527.05,2527.05,4704.73
2012-05-29,2558.97,2558.97,4704.73
2012-05-30,2537.4,2537.4,4704.73
2012-05-31,2524.87,2524.87,4704.73
2012-06-01,2458.83,2458.83,4704.73
2012-06-04,2478.13,2478.13,4704.73
2012-06-05,2487.5,2487.5,4704.73
2012-06-06,2546.32,2546.32,4704.73
2012-06-07,2535.41,2535.41,4704.73
2012-06-08,2559.21,2559.21,4704.73
2012-06-11,2517.18,2517.18,4704.73
2012-06-12,2546.2,2546.2,4704.73
2012-06-13,2527.44,2527.44,4704.73
2012-06-14,2539.97,2539.97,4704.73
2012-06-15,2571.23,2571.23,4704.73
2012-06-18,2592.52,2592.52,4704.73
2012-06-19,2620.83,2620.83,4704.73
2012-06-20,2623.33,2623.33,4704.73
2012-06-21,2556.96,2556.96,4704.73
2012-06-22,2585.53,2585.53,4704.73
2012-06-25,2533.54,2533.54,4704.73
2012-06-26,2549.84,2549.84,4704.73
2012-06-27,2565.53,2565.53,4704.73
2012-06-28,2536.65,2536.65,4704.73
2012-06-29,2615.72,2615.72,4704.73
2012-07-02,2625.03,2625.03,4704.73
2012-07-03,2645.84,2645.84,4704.73
2012-07-05,2647.47,2647.47,4704.73
2012-07-06,2612.29,2612.29,4704.73
2012-07-09,2610.31,2610.31,4704.73
2012-07-10,2585.52,2585.52,4704.73
2012-07-11,2570.99,2570.99,4704.73
2012-07-12,2545.3,2545.3,4704.73
2012-07-13,2584.97,2584.97,4704.73
2012-07-16,2577.06,2577.06,4704.73
2012-07-17,2591.65,2591.65,4704.73
2012-07-18,2625.88,2625.88,4704.73
2012-07-19,2655.81,2655.81,4704.73
2012-07-20,2618.05,2618.05,4704.73
2012-07-23,2589.93,2589.93,4704.73
2012-07-24,2567.46,2567.46,4704.73
2012-07-25,2549.21,2549.21,4704.73
2012-07-26,2584.85,2584.85,4704.73
2012-07-27,2647.03,2647.03,4704.73
2012-07-30,2642.12,2642.12,4704.73
2012-07-31,2642.53,2642.53,4704.73
2012-08-01,2635.13,2635.13,4704.73
2012-08-02,2625.52,2625.52,4704.73
2012-08-03,2676.0,2676.0,4704.73
2012-08-06,2694.09,2694.09,4704.73
2012-08-07,2717.16,2717.16,4704.73
2012-08-08,2714.02,2714.02,4704.73
2012-08-09,2719.61,2719.61,4704.73
2012-08-10,2722.96,2722.96,4704.73
2012-08-13,2728.68,2728.68,4704.73
2012-08-14,2727.79,2727.79,4704.73
2012-08-15,2735.47,2735.47,4704.73
2012-08-16,2768.09,2768.09,4704.73
2012-08-17,2780.3,2780.3,4704.73
2012-08-20,2784.33,2784.33,4704.73
2012-08-21,2772.2,2772.2,4704.73
2012-08-22,2783.42,2783.42,4704.73
2012-08-23,2762.02,2762.02,4704.73
2012-08-24,2778.05,2778.05,4704.73
2012-08-27,2782.55,2782.55,4704.73
2012-08-28,2782.69,2782.69,4704.73
2012-08-29,2784.0,2784.0,4704.73
2012-08-30,2753.74,2753.74,4704.73
2012-08-31,2772.24,2772.24,4704.73
2012-09-04,2772.03,2772.03,4704.73
2012-09-05,2766.95,2766.95,4704.73
2012-09-06,2829.71,2829.71,4704.73
2012-09-07,2825.11,2825.11,4704.73
2012-09-10,2788.35,2788.35,4704.73
2012-09-11,2784.89,2784.89,4704.73
2012-09-12,2791.68,2791.68,4704.73
2012-09-13,2831.35,2831.35,4704.73
2012-09-14,2855.23,2855.23,4704.73
2012-09-17,2856.44,2856.44,4704.73
2012-09-18,2857.38,2857.38,4704.73
2012-09-19,2864.03,2864.03,4704.73
2012-09-20,2861.7,2861.7,4704.73
2012-09-21,2861.64,2861.64,4704.73
2012-09-24,2843.98,2843.98,4704.73
2012-09-25,2804.53,2804.53,4704.73
2012-09-26,2781.63,2781.63,4704.73
2012-09-27,2821.6,2821.6,4704.73
2012-09-28,2799.19,2799.19,4704.73
2012-10-01,2794.28,2794.28,4704.73
2012-10-02,2799.29,2799.29,4704.73
2012-10-03,2818.84,2818.84,4704.73
2012-10-04,2828.6,2828.6,4704.73
2012-10-05,2811.94,2811.94,4704.73
2012-10-08,2786.92,2786.92,4704.73
2012-10-09,2741.92,2741.92,4704.73
2012-10-10,2728.54,2728.54,4704.73
2012-10-11,2719.21,2719.21,4704.73
2012-10-12,2720.14,2720.14,4704.73
2012-10-15,2739.87,2739.87,4704.73
2012-10-16,2778.38,2778.38,4704.73
2012-10-17,2775.62,2775.62,4704.73
2012-10-18,2744.17,2744.17,4704.73
2012-10-19,2678.32,2678.32,4704.73
2012-10-22,2694.56,2694.56,4704.73
2012-10-23,2666.02,2666.02,4704.73
2012-10-24,2655.55,2655.55,4704.73
2012-10-25,2657.66,2657.66,4704.73
2012-10-26,2665.83,2665.83,4704.73
2012-10-31,2647.92,2647.92,4704.73
2012-11-01,2687.52,2687.52,4704.73
2012-11-02,2656.28,2656.28,4704.73
2012-11-05,2672.91,2672.91,4704.73
2012-11-06,2681.05,2681.05,4704.73
2012-11-07,2612.69,2612.69,4704.73
2012-11-08,2572.57,2572.57,4704.73
2012-11-09,2584.1,2584.1,4704.73
2012-11-12,2582.77,2582.77,4704.73
2012-11-13,2561.86,2561.86,4704.73
2012-11-14,2531.87,2531.87,4704.73
2012-11-15,2524.36,2524.36,4704.73
2012-11-16,2534.16,2534.16,4704.73
2012-11-19,2595.83,2595.83,4704.73
2012-11-20,2594.66,2594.66,4704.73
2012-11-21,2600.48,2600.48,4704.73
2012-11-23,2639.59,2639.59,4704.73
2012-11-26,2651.67,2651.67,4704.73
2012-11-27,2641.42,2641.42,4704.73
2012-11-28,2665.27,2665.27,4704.73
2012-11-29,2680.03,2680.03,4704.73
2012-11-30,2677.88,2677.88,4704.73
2012-12-03,2671.84,2671.84,4704.73
2012-12-04,2667.89,2667.89,4704.73
2012-12-05,2637.89,2637.89,4704.73
2012-12-06,2656.3,2656.3,4704.73
2012-12-07,2640.54,2640.54,4704.73
2012-12-10,2647.57,2647.57,4704.73
2012-12-11,2682.07,2682.07,4704.73
2012-12-12,2674.57,2674.57,4704.73
2012-12-13,2654.01,2654.01,4704.73
2012-12-14,2628.09,2628.09,4704.73
2012-12-17,2664.26,2664.26,4704.73
2012-12-18,2705.39,2705.39,4704.73
2012-12-19,2690.99,2690.99,4704.73
2012-12-20,2693.55,2693.55,4704.73
2012-12-21,2664.67,2664.67,4704.73
2012-12-24,2658.05,2658.05,4704.73
2012-12-26,2637.18,2637.18,4704.73
2012-12-27,2632.94,2632.94,4704.73
2012-12-28,2606.36,2606.36,4704.73
2012-12-31,2660.93,2660.93,4704.73
2013-01-02,2746.47,2746.47,4704.73
2013-01-03,2732.26,2732.26,4704.73
2013-01-04,2724.49,2724.49,4704.73
2013-01-07,2724.22,2724.22,4704.73
2013-01-08,2718.72,2718.72,4704.73
2013-01-09,2727.65,2727.65,4704.73
2013-01-10,2744.18,2744.18,4704.73
2013-01-11,2748.26,2748.26,4704.73
2013-01-14,2735.7,2735.7,4704.73
2013-01-15,2722.98,2722.98,4704.73
2013-01-16,2734.73,2734.73,4704.73
2013-01-17,2747.15,2747.15,4704.73
2013-01-18,2743.24,2743.24,4704.73
2013-01-22,2746.19,2746.19,4704.73
2013-01-23,2762.17,2762.17,4704.73
2013-01-24,2723.53,2723.53,4704.73
2013-01-25,2736.73,2736.73,4704.73
2013-01-28,2742.43,2742.43,4704.73
2013-01-29,2743.58,2743.58,4704.73
2013-01-30,2738.71,2738.71,4704.73
2013-01-31,2731.53,2731.53,4704.73
2013-02-01,2763.96,2763.96,4704.73
2013-02-04,2715.68,2715.68,4704.73
2013-02-05,2754.99,2754.99,4704.73
2013-02-06,2746.35,2746.35,4704.73
2013-02-07,2746.5,2746.5,4704.73
2013-02-08,2775.56,2775.56,4704.73
2013-02-11,2774.64,2774.64,4704.73
2013-02-12,2762.62,2762.62,4704.73
2013-02-13,2773.77,2773.77,4704.73
2013-02-14,2771.43,2771.43,4704.73
2013-02-15,2764.67,2764.67,4704.73
2013-02-19,2782.86,2782.86,4704.73
2013-02-20,2739.99,2739.99,4704.73
2013-02-21,2711.51,2711.51,4704.73
2013-02-22,2737.28,2737.28,4704.73
2013-02-25,2700.97,2700.97,4704.73
2013-02-26,2713.02,2713.02,4704.73
2013-02-27,2741.26,2741.26,4704.73
2013-02-28,2738.58,2738.58,4704.73
2013-03-01,2747.75,2747.75,4704.73
2013-03-04,2759.53,2759.53,4704.73
2013-03-05,2799.25,2799.25,4704.73
2013-03-06,2792.56,2792.56,4704.73
2013-03-07,2799.49,2799.49,4704.73
2013-03-08,2804.11,2804.11,4704.73
2013-03-11,2811.86,2811.86,4704.73
2013-03-12,2800.81,2800.81,4704.73
2013-03-13,2798.68,2798.68,4704.73
2013-03-14,2807.3,2807.3,4704.73
2013-03-15,2799.41,2799.41,4704.73
2013-03-18,2792.3,2792.3,4704.73
2013-03-19,2787.27,2787.27,4704.73
2013-03-20,2805.91,2805.91,4704.73
2013-03-21,2774.85,2774.85,4704.73
2013-03-22,2800.81,2800.81,4704.73
2013-03-25,2789.45,2789.45,4704.73
2013-03-26,2806.5,2806.5,4704.73
2013-03-27,2809.98,2809.98,4704.73
2013-03-28,2818.69,2818.69,4704.73
2013-04-01,2797.07,2797.07,4704.73
2013-04-02,2820.62,2820.62,4704.73
2013-04-03,2795.04,2795.04,4704.73
2013-04-04,2794.92,2794.92,4704.73
2013-04-05,2771.75,2771.75,4704.73
2013-04-08,2786.13,2786.13,4704.73
2013-04-09,2804.67,2804.67,4704.73
2013-04-10,2859.21,2859.21,4704.73
2013-04-11,2859.07,2859.07,4704.73
2013-04-12,2856.48,2856.48,4704.73
2013-04-15,2797.47,2797.47,4704.73
2013-04-16,2838.41,2838.41,4704.73
2013-04-17,2781.98,2781.98,4704.73
2013-04-18,2741.95,2741.95,4704.73
2013-04-19,2780.46,2780.46,4704.73
2013-04-22,2810.07,2810.07,4704.73
2013-04-23,2835.37,2835.37,4704.73
2013-04-24,2834.12,2834.12,4704.73
2013-04-25,2848.66,2848.66,4704.73
2013-04-26,2840.55,2840.55,4704.73
2013-04-29,2866.95,2866.95,4704.73
2013-04-30,2887.44,2887.44,4704.73
2013-05-01,2873.35,2873.35,4704.73
2013-05-02,2911.14,2911.14,4704.73
2013-05-03,2944.59,2944.59,4704.73
2013-05-06,2955.36,2955.36,4704.73
2013-05-07,2952.88,2952.88,4704.73
2013-05-08,2968.24,2968.24,4704.73
2013-05-09,2961.12,2961.12,4704.73
2013-05-10,2981.02,2981.02,4704.73
2013-05-13,2982.09,2982.09,4704.73
2013-05-14,2996.05,2996.05,4704.73
2013-05-15,3002.62,3002.62,4704.73
2013-05-16,2999.34,2999.34,4704.73
2013-05-17,3028.96,3028.96,4704.73
2013-05-20,3020.97,3020.97,4704.73
2013-05-21,3026.45,3026.45,4704.73
2013-05-22,2999.13,2999.13,4704.73
2013-05-23,2991.45,2991.45,4704.73
2013-05-24,2991.02,2991.02,4704.73
2013-05-28,3011.94,3011.94,4704.73
2013-05-29,2994.82,2994.82,4704.73
2013-05-30,3011.83,3011.83,4704.73
2013-05-31,2981.76,2981.76,4704.73
2013-06-03,2990.79,2990.79,4704.73
2013-06-04,2973.69,2973.69,4704.73
2013-06-05,2937.14,2937.14,4704.73
2013-06-06,2950.3,2950.3,4704.73
2013-06-07,2990.87,2990.87,4704.73
2013-06-10,2990.49,2990.49,4704.73
2013-06-11,2959.84,2959.84,4704.73
2013-06-12,2926.14,2926.14,4704.73
2013-06-13,2962.9,2962.9,4704.73
2013-06-14,2943.86,2943.86,4704.73
2013-06-17,2971.26,2971.26,4704.73
2013-06-18,2996.09,2996.09,4704.73
2013-06-19,2959.5,2959.5,4704.73
2013-06-20,2890.33,2890.33,4704.73
2013-06-21,2877.94,2877.94,4704.73
2013-06-24,2848.2,2848.2,4704.73
2013-06-25,2866.5,2866.5,4704.73
2013-06-26,2893.85,2893.85,4704.73
2013-06-27,2906.84,2906.84,4704.73
2013-06-28,2909.6,2909.6,4704.73
2013-07-01,2927.35,2927.35,4704.73
2013-07-02,2929.63,2929.63,4704.73
2013-07-03,2941.41,2941.41,4704.73
2013-07-05,2963.22,2963.22,4704.73
2013-07-08,2966.13,2966.13,4704.73
2013-07-09,2984.32,2984.32,4704.73
2013-07-10,3000.66,3000.66,4704.73
2013-07-11,3059.46,3059.46,4704.73
2013-07-12,3079.07,3079.07,4704.73
2013-07-15,3079.85,3079.85,4704.73
2013-07-16,3077.47,3077.47,4704.73
2013-07-17,3085.28,3085.28,4704.73
2013-07-18,3077.82,3077.82,4704.73
2013-07-19,3044.93,3044.93,4704.73
2013-07-22,3055.23,3055.23,4704.73
2013-07-23,3031.4,3031.4,4704.73
2013-07-24,3041.16,3041.16,4704.73
2013-07-25,3061.67,3061.67,4704.73
2013-07-26,3076.23,3076.23,4704.73
2013-07-29,3068.95,3068.95,4704.73
2013-07-30,3085.33,3085.33,4704.73
2013-07-31,3090.19,3090.19,4704.73
2013-08-01,3126.3,3126.3,4704.73
2013-08-02,3143.52,3143.52,4704.73
2013-08-05,3143.19,3143.19,4704.73
2013-08-06,3122.2,3122.2,4704.73
2013-08-07,3118.69,3118.69,4704.73
2013-08-08,3130.12,3130.12,4704.73
2013-08-09,3118.57,3118.57,4704.73
2013-08-12,3125.92,3125.92,4704.73
2013-08-13,3141.06,3141.06,4704.73
2013-08-14,3129.45,3129.45,4704.73
2013-08-15,3076.23,3076.23,4704.73
2013-08-16,3073.91,3073.91,4704.73
2013-08-19,3069.76,3069.76,4704.73
2013-08-20,3082.17,3082.17,4704.73
2013-08-21,3071.47,3071.47,4704.73
2013-08-22,3101.82,3101.82,4704.73
2013-08-23,3124.27,3124.27,4704.73
2013-08-26,3122.67,3122.67,4704.73
2013-08-27,3059.58,3059.58,4704.73
2013-08-28,3072.17,3072.17,4704.73
2013-08-29,3093.36,3093.36,4704.73
2013-08-30,3073.81,3073.81,4704.73
2013-09-03,3091.76,3091.76,4704.73
2013-09-04,3124.54,3124.54,4704.73
2013-09-05,3129.94,3129.94,4704.73
2013-09-06,3133.38,3133.38,4704.73
2013-09-09,3169.93,3169.93,4704.73
2013-09-10,3185.07,3185.07,4704.73
2013-09-11,3179.86,3179.86,4704.73
2013-09-12,3175.57,3175.57,4704.73
2013-09-13,3178.27,3178.27,4704.73
2013-09-16,3168.69,3168.69,4704.73
2013-09-17,3190.83,3190.83,4704.73
2013-09-18,3231.31,3231.31,4704.73
2013-09-19,3237.61,3237.61,4704.73
2013-09-20,3224.73,3224.73,4704.73
2013-09-23,3219.34,3219.34,4704.73
2013-09-24,3218.66,3218.66,4704.73
2013-09-25,3208.55,3208.55,4704.73
2013-09-26,3234.04,3234.04,4704.73
2013-09-27,3230.3,3230.3,4704.73
2013-09-30,3218.2,3218.2,4704.73
2013-10-01,3253.05,3253.05,4704.73
2013-10-02,3253.25,3253.25,4704.73
2013-10-03,3213.83,3213.83,4704.73
2013-10-04,3242.57,3242.57,4704.73
2013-10-07,3215.69,3215.69,4704.73
2013-10-08,3153.87,3153.87,4704.73
2013-10-09,3142.54,3142.54,4704.73
2013-10-10,3210.84,3210.84,4704.73
2013-10-11,3233.83,3233.83,4704.73
2013-10-14,3256.02,3256.02,4704.73
2013-10-15,3244.66,3244.66,4704.73
2013-10-16,3281.67,3281.67,4704.73
2013-10-17,3301.28,3301.28,4704.73
2013-10-18,3353.88,3353.88,4704.73
2013-10-21,3361.18,3361.18,4704.73
2013-10-22,3366.93,3366.93,4704.73
2013-10-23,3346.05,3346.05,4704.73
2013-10-24,3362.37,3362.37,4704.73
2013-10-25,3383.83,3383.83,4704.73
2013-10-28,3382.68,3382.68,4704.73
2013-10-29,3391.75,3391.75,4704.73
2013-10-30,3385.38,3385.38,4704.73
2013-10-31,3377.73,3377.73,4704.73
2013-11-01,3379.76,3379.76,4704.73
2013-11-04,3384.75,3384.75,4704.73
2013-11-05,3388.82,3388.82,4704.73
2013-11-06,3385.38,3385.38,4704.73
2013-11-07,3321.41,3321.41,4704.73
2013-11-08,3366.84,3366.84,4704.73
2013-11-11,3362.98,3362.98,4704.73
2013-11-12,3365.23,3365.23,4704.73
2013-11-13,3405.56,3405.56,4704.73
2013-11-14,3415.14,3415.14,4704.73
2013-11-15,3422.58,3422.58,4704.73
2013-11-18,3388.87,3388.87,4704.73
2013-11-19,3378.13,3378.13,4704.73
2013-11-20,3367.17,3367.17,4704.73
2013-11-21,3402.73,3402.73,4704.73
2013-11-22,3422.02,3422.02,4704.73
2013-11-25,3427.49,3427.49,4704.73
2013-11-26,3445.76,3445.76,4704.73
2013-11-27,3470.48,3470.48,4704.73
2013-11-29,3487.82,3487.82,4704.73
2013-12-02,3481.15,3481.15,4704.73
2013-12-03,3479.34,3479.34,4704.73
2013-12-04,3483.01,3483.01,4704.73
2013-12-05,3477.73,3477.73,4704.73
2013-12-06,3504.26,3504.26,4704.73
2013-12-09,3516.17,3516.17,4704.73
2013-12-10,3514.2,3514.2,4704.73
2013-12-11,3468.99,3468.99,4704.73
2013-12-12,3460.29,3460.29,4704.73
2013-12-13,3456.4,3456.4,4704.73
2013-12-16,3475.79,3475.79,4704.73
2013-12-17,3469.32,3469.32,4704.73
2013-12-18,3509.63,3509.63,4704.73
2013-12-19,3498.63,3498.63,4704.73
2013-12-20,3531.19,3531.19,4704.73
2013-12-23,3569.4,3569.4,4704.73
2013-12-24,3572.8,3572.8,4704.73
2013-12-26,3584.58,3584.58,4704.73
2013-12-27,3574.02,3574.02,4704.73
2013-12-30,3570.08,3570.08,4704.73
2013-12-31,3592.0,3592.0,4704.73
2014-01-02,3563.57,3563.57,4704.73
2014-01-03,3538.73,3538.73,4704.73
2014-01-06,3526.96,3526.96,4704.73
2014-01-07,3557.85,3557.85,4704.73
2014-01-08,3567.54,3567.54,4704.73
2014-01-09,3552.58,3552.58,4704.73
2014-01-10,3565.08,3565.08,4704.73
2014-01-13,3512.8,3512.8,4704.73
2014-01-14,3580.65,3580.65,4704.73
2014-01-15,3609.84,3609.84,4704.73
2014-01-16,3611.29,3611.29,4704.73
2014-01-17,3591.25,3591.25,4704.73
2014-01-21,3617.7,3617.7,4704.73
2014-01-22,3627.72,3627.72,4704.73
2014-01-23,3613.76,3613.76,4704.73
2014-01-24,3541.48,3541.48,4704.73
2014-01-27,3509.02,3509.02,4704.73
2014-01-28,3505.72,3505.72,4704.73
2014-01-29,3467.82,3467.82,4704.73
2014-01-30,3532.41,3532.41,4704.73
2014-01-31,3521.92,3521.92,4704.73
2014-02-03,3440.5,3440.5,4704.73
2014-02-04,3470.2,3470.2,4704.73
2014-02-05,3454.89,3454.89,4704.73
2014-02-06,3497.6,3497.6,4704.73
2014-02-07,3561.91,3561.91,4704.73
2014-02-10,3582.11,3582.11,4704.73
2014-02-11,3621.72,3621.72,4704.73
2014-02-12,3627.36,3627.36,4704.73
2014-02-13,3659.56,3659.56,4704.73
2014-02-14,3663.88,3663.88,4704.73
2014-02-18,3679.43,3679.43,4704.73
2014-02-19,3652.84,3652.84,4704.73
2014-02-20,3671.93,3671.93,4704.73
2014-02-21,3662.6,3662.6,4704.73
2014-02-24,3685.81,3685.81,4704.73
2014-02-25,3679.14,3679.14,4704.73
2014-02-26,3676.6,3676.6,4704.73
2014-02-27,3699.8,3699.8,4704.73
2014-02-28,3696.1,3696.1,4704.73
2014-03-03,3668.37,3668.37,4704.73
2014-03-04,3719.93,3719.93,4704.73
2014-03-05,3727.19,3727.19,4704.73
2014-03-06,3720.93,3720.93,4704.73
2014-03-07,3703.4,3703.4,4704.73
2014-03-10,3706.34,3706.34,4704.73
2014-03-11,3691.5,3691.5,4704.73
2014-03-12,3707.06,3707.06,4704.73
2014-03-13,3651.49,3651.49,4704.73
2014-03-14,3627.87,3627.87,4704.73
2014-03-17,3662.51,3662.51,4704.73
2014-03-18,3706.62,3706.62,4704.73
2014-03-19,3682.73,3682.73,4704.73
2014-03-20,3693.97,3693.97,4704.73
2014-03-21,3653.07,3653.07,4704.73
2014-03-24,3617.39,3617.39,4704.73
2014-03-25,3629.73,3629.73,4704.73
2014-03-26,3582.89,3582.89,4704.73
2014-03-27,3563.13,3563.13,4704.73
2014-03-28,3571.48,3571.48,4704.73
2014-03-31,3595.74,3595.74,4704.73
2014-04-01,3658.4,3658.4,4704.73
2014-04-02,3665.99,3665.99,4704.73
2014-04-03,3637.58,3637.58,4704.73
2014-04-04,3539.38,3539.38,4704.73
2014-04-07,3507.75,3507.75,4704.73
2014-04-08,3538.23,3538.23,4704.73
2014-04-09,3600.44,3600.44,4704.73
2014-04-10,3487.76,3487.76,4704.73
2014-04-11,3446.85,3446.85,4704.73
2014-04-14,3474.63,3474.63,4704.73
2014-04-15,3487.85,3487.85,4704.73
2014-04-16,3533.09,3533.09,4704.73
2014-04-17,3534.53,3534.53,4704.73
2014-04-21,3559.95,3559.95,4704.73
2014-04-22,3588.8,3588.8,4704.73
2014-04-23,3557.04,3557.04,4704.73
2014-04-24,3591.03,3591.03,4704.73
2014-04-25,3533.1,3533.1,4704.73
2014-04-28,3545.02,3545.02,4704.73
2014-04-29,3573.99,3573.99,4704.73
2014-04-30,3582.02,3582.02,4704.73
2014-05-01,3594.36,3594.36,4704.73
2014-05-02,3587.64,3587.64,4704.73
2014-05-05,3605.09,3605.09,4704.73
2014-05-06,3556.51,3556.51,4704.73
2014-05-07,3546.47,3546.47,4704.73
2014-05-08,3540.42,3540.42,4704.73
2014-05-09,3555.7,3555.7,4704.73
2014-05-12,3612.73,3612.73,4704.73
2014-05-13,3611.13,3611.13,4704.73
2014-05-14,3593.25,3593.25,4704.73
2014-05-15,3565.17,3565.17,4704.73
2014-05-16,3587.2,3587.2,4704.73
2014-05-19,3615.62,3615.62,4704.73
2014-05-20,3600.31,3600.31,4704.73
2014-05-21,3635.61,3635.61,4704.73
2014-05-22,3650.86,3650.86,4704.73
2014-05-23,3677.33,3677.33,4704.73
2014-05-27,3723.06,3723.06,4704.73
2014-05-28,3712.26,3712.26,4704.73
2014-05-29,3735.72,3735.72,4704.73
2014-05-30,3736.82,3736.82,4704.73
2014-06-02,3732.96,3732.96,4704.73
2014-06-03,3730.07,3730.07,4704.73
2014-06-04,3743.59,3743.59,4704.73
2014-06-05,3776.95,3776.95,4704.73
2014-06-06,3794.57,3794.57,4704.73
2014-06-09,3795.74,3795.74,4704.73
2014-06-10,3800.86,3800.86,4704.73
2014-06-11,3797.85,3797.85,4704.73
2014-06-12,3763.8,3763.8,4704.73
2014-06-13,3775.56,3775.56,4704.73
2014-06-16,3779.93,3779.93,4704.73
2014-06-17,3781.32,3781.32,4704.73
2014-06-18,3804.61,3804.61,4704.73
2014-06-19,3800.8,3800.8,4704.73
2014-06-20,3802.64,3802.64,4704.73
2014-06-23,3805.31,3805.31,4704.73
2014-06-24,3799.53,3799.53,4704.73
2014-06-25,3827.33,3827.33,4704.73
2014-06-26,3826.91,3826.91,4704.73
2014-06-27,3844.44,3844.44,4704.73
2014-06-30,3849.48,3849.48,4704.73
2014-07-01,3894.33,3894.33,4704.73
2014-07-02,3899.27,3899.27,4704.73
2014-07-03,3923.01,3923.01,4704.73
2014-07-07,3910.71,3910.71,4704.73
2014-07-08,3864.07,3864.07,4704.73
2014-07-09,3892.91,3892.91,4704.73
2014-07-10,3880.04,3880.04,4704.73
2014-07-11,3904.58,3904.58,4704.73
2014-07-14,3929.46,3929.46,4704.73
2014-07-15,3914.45,3914.45,4704.73
2014-07-16,3932.33,3932.33,4704.73
2014-07-17,3878.01,3878.01,4704.73
2014-07-18,3939.89,3939.89,4704.73
2014-07-21,3934.14,3934.14,4704.73
2014-07-22,3961.62,3961.62,4704.73
2014-07-23,3986.19,3986.19,4704.73
2014-07-24,3983.19,3983.19,4704.73
2014-07-25,3965.16,3965.16,4704.73
2014-07-28,3967.24,3967.24,4704.73
2014-07-29,3959.03,3959.03,4704.73
2014-07-30,3976.07,3976.07,4704.73
2014-07-31,3892.5,3892.5,4704.73
2014-08-01,3879.67,3879.67,4704.73
2014-08-04,3908.77,3908.77,4704.73
2014-08-05,3874.94,3874.94,4704.73
2014-08-06,3874.27,3874.27,4704.73
2014-08-07,3857.94,3857.94,4704.73
2014-08-08,3888.09,3888.09,4704.73
2014-08-11,3910.46,3910.46,4704.73
2014-08-12,3905.22,3905.22,4704.73
2014-08-13,3949.2,3949.2,4704.73
2014-08-14,3969.11,3969.11,4704.73
2014-08-15,3987.51,3987.51,4704.73
2014-08-18,4020.5,4020.5,4704.73
2014-08-19,4040.13,4040.13,4704.73
2014-08-20,4040.7,4040.7,4704.73
2014-08-21,4047.03,4047.03,4704.73
2014-08-22,4052.75,4052.75,4704.73
2014-08-25,4067.48,4067.48,4704.73
2014-08-26,4071.67,4071.67,4704.73
2014-08-27,4073.18,4073.18,4704.73
2014-08-28,4066.27,4066.27,4704.73
2014-08-29,4082.56,4082.56,4704.73
2014-09-02,4095.81,4095.81,4704.73
2014-09-03,4070.96,4070.96,4704.73
2014-09-04,4066.13,4066.13,4704.73
2014-09-05,4089.92,4089.92,4704.73
2014-09-08,4095.46,4095.46,4704.73
2014-09-09,4061.88,4061.88,4704.73
2014-09-10,4094.97,4094.97,4704.73
2014-09-11,4092.65,4092.65,4704.73
2014-09-12,4069.23,4069.23,4704.73
2014-09-15,4029.89,4029.89,4704.73
2014-09-16,4067.27,4067.27,4704.73
2014-09-17,4073.57,4073.57,4704.73
2014-09-18,4103.08,4103.08,4704.73
2014-09-19,4100.09,4100.09,4704.73
2014-09-22,4061.23,4061.23,4704.73
2014-09-23,4051.57,4051.57,4704.73
2014-09-24,4094.31,4094.31,4704.73
2014-09-25,4007.82,4007.82,4704.73
2014-09-26,4053.72,4053.72,4704.73
2014-09-29,4047.18,4047.18,4704.73
2014-09-30,4049.44,4049.44,4704.73
2014-10-01,3984.74,3984.74,4704.73
2014-10-02,3985.87,3985.87,4704.73
2014-10-03,4027.31,4027.31,4704.73
2014-10-06,4016.27,4016.27,4704.73
2014-10-07,3958.59,3958.59,4704.73
2014-10-08,4041.12,4041.12,4704.73
2014-10-09,3969.32,3969.32,4704.73
2014-10-10,3870.85,3870.85,4704.73
2014-10-13,3808.0,3808.0,4704.73
2014-10-14,3810.45,3810.45,4704.73
2014-10-15,3785.97,3785.97,4704.73
2014-10-16,3765.28,3765.28,4704.73
2014-10-17,3815.47,3815.47,4704.73
2014-10-20,3870.08,3870.08,4704.73
2014-10-21,3971.39,3971.39,4704.73
2014-10-22,3949.59,3949.59,4704.73
2014-10-23,4012.27,4012.27,4704.73
2014-10-24,4042.02,4042.02,4704.73
2014-10-27,4046.02,4046.02,4704.73
2014-10-28,4106.63,4106.63,4704.73
2014-10-29,4090.55,4090.55,4704.73
2014-10-30,4100.64,4100.64,4704.73
2014-10-31,4158.21,4158.21,4704.73
2014-11-03,4169.28,4169.28,4704.73
2014-11-04,4156.23,4156.23,4704.73
2014-11-05,4153.27,4153.27,4704.73
2014-11-06,4164.08,4164.08,4704.73
2014-11-07,4160.5,4160.5,4704.73
2014-11-10,4175.95,4175.95,4704.73
2014-11-11,4187.16,4187.16,4704.73
2014-11-12,4195.4,4195.4,4704.73
2014-11-13,4213.49,4213.49,4704.73
2014-11-14,4224.99,4224.99,4704.73
2014-11-17,4213.79,4213.79,4704.73
2014-11-18,4242.19,4242.19,4704.73
2014-11-19,4222.66,4222.66,4704.73
2014-11-20,4242.09,4242.09,4704.73
2014-11-21,4251.32,4251.32,4704.73
2014-11-24,4284.32,4284.32,4704.73
2014-11-25,4288.23,4288.23,4704.73
2014-11-26,4317.99,4317.99,4704.73
2014-11-28,4337.78,4337.78,4704.73
2014-12-01,4287.81,4287.81,4704.73
2014-12-02,4305.96,4305.96,4704.73
2014-12-03,4312.93,4312.93,4704.73
2014-12-04,4311.93,4311.93,4704.73
2014-12-05,4311.57,4311.57,4704.73
2014-12-08,4278.34,4278.34,4704.73
2014-12-09,4294.67,4294.67,4704.73
2014-12-10,4224.87,4224.87,4704.73
2014-12-11,4246.48,4246.48,4704.73
2014-12-12,4199.28,4199.28,4704.73
2014-12-15,4157.41,4157.41,4704.73
2014-12-16,4089.6,4089.6,4704.73
2014-12-17,4165.1,4165.1,4704.73
2014-12-18,4267.77,4267.77,4704.73
2014-12-19,4281.78,4281.78,4704.73
2014-12-22,4293.67,4293.67,4704.73
2014-12-23,4279.3,4279.3,4704.73
2014-12-24,4283.1,4283.1,4704.73
2014-12-26,4314.09,4314.09,4704.73
2014-12-29,4312.64,4312.64,4704.73
2014-12-30,4282.35,4282.35,4704.73
2014-12-31,4236.28,4236.28,4704.73
2015-01-02,4230.24,4230.24,4704.73
2015-01-05,4160.96,4160.96,4704.73
2015-01-06,4110.83,4110.83,4704.73
2015-01-07,4160.0,4160.0,4704.73
2015-01-08,4240.55,4240.55,4704.73
2015-01-09,4213.28,4213.28,4704.73
2015-01-12,4169.97,4169.97,4704.73
2015-01-13,4166.2,4166.2,4704.73
2015-01-14,4145.84,4145.84,4704.73
2015-01-15,4089.65,4089.65,4704.73
2015-01-16,4142.14,4142.14,4704.73
2015-01-20,4171.21,4171.21,4704.73
2015-01-21,4192.09,4192.09,4704.73
2015-01-22,4270.36,4270.36,4704.73
2015-01-23,4278.14,4278.14,4704.73
2015-01-26,4275.72,4275.72,4704.73
2015-01-27,4165.5,4165.5,4704.73
2015-01-28,4140.38,4140.38,4704.73
2015-01-29,4181.35,4181.35,4704.73
2015-01-30,4148.43,4148.43,4704.73
2015-02-02,4188.59,4188.59,4704.73
2015-02-03,4229.15,4229.15,4704.73
2015-02-04,4221.2,4221.2,4704.73
2015-02-05,4256.18,4256.18,4704.73
2015-02-06,4228.68,4228.68,4704.73
2015-02-09,4216.09,4216.09,4704.73
2015-02-10,4281.15,4281.15,4704.73
2015-02-11,4297.28,4297.28,4704.73
2015-02-12,4347.97,4347.97,4704.73
2015-02-13,4384.03,4384.03,4704.73
2015-02-17,4385.34,4385.34,4704.73
2015-02-18,4390.91,4390.91,4704.73
2015-02-19,4411.86,4411.86,4704.73
2015-02-20,4443.05,4443.05,4704.73
2015-02-23,4449.49,4449.49,4704.73
2015-02-24,4451.03,4451.03,4704.73
2015-02-25,4440.59,4440.59,4704.73
2015-02-26,4462.27,4462.27,4704.73
2015-02-27,4440.67,4440.67,4704.73
2015-03-02,4483.05,4483.05,4704.73
2015-03-03,4458.78,4458.78,4704.73
2015-03-04,4445.36,4445.36,4704.73
2015-03-05,4452.06,4452.06,4704.73
2015-03-06,4399.23,4399.23,4704.73
2015-03-09,4412.99,4412.99,4704.73
2015-03-10,4329.08,4329.08,4704.73
2015-03-11,4305.38,4305.38,4704.73
2015-03-12,4336.23,4336.23,4704.73
2015-03-13,4314.9,4314.9,4704.73
2015-03-16,4370.47,4370.47,4704.73
2015-03-17,4375.63,4375.63,4704.73
2015-03-18,4422.5,4422.5,4704.73
2015-03-19,4426.82,4426.82,4704.73
2015-03-20,4458.54,4458.54,4704.73
2015-03-23,4445.54,4445.54,4704.73
2015-03-24,4430.99,4430.99,4704.73
2015-03-25,4329.29,4329.29,4704.73
2015-03-26,4315.26,4315.26,4704.73
2015-03-27,4332.86,4332.86,4704.73
2015-03-30,4382.82,4382.82,4704.73
2015-03-31,4333.69,4333.69,4704.73
2015-04-01,4311.26,4311.26,4704.73
2015-04-02,4316.01,4316.01,4704.73
2015-04-06,4350.98,4350.98,4704.73
2015-04-07,4344.08,4344.08,4704.73
2015-04-08,4375.96,4375.96,4704.73
2015-04-09,4403.95,4403.95,4704.73
2015-04-10,4422.02,4422.02,4704.73
2015-04-13,4409.21,4409.21,4704.73
2015-04-14,4397.64,4397.64,4704.73
2015-04-15,4424.53,4424.53,4704.73
2015-04-16,4418.83,4418.83,4704.73
2015-04-17,4351.8,4351.8,4704.73
2015-04-20,4417.4,4417.4,4704.73
2015-04-21,4435.98,4435.98,4704.73
2015-04-22,4460.81,4460.81,4704.73
2015-04-23,4477.07,4477.07,4704.73
2015-04-24,4536.78,4536.78,4704.73
2015-04-27,4525.04,4525.04,4704.73
2015-04-28,4515.27,4515.27,4704.73
2015-04-29,4488.15,4488.15,4704.73
2015-04-30,4414.25,4414.25,4704.73
2015-05-01,4479.06,4479.06,4704.73
2015-05-04,4482.61,4482.61,4704.73
2015-05-05,4409.39,4409.39,4704.73
2015-05-06,4379.75,4379.75,4704.73
2015-05-07,4401.55,4401.55,4704.73
2015-05-08,4458.65,4458.65,4704.73
2015-05-11,4438.64,4438.64,4704.73
2015-05-12,4420.65,4420.65,4704.73
2015-05-13,4426.56,4426.56,4704.73
2015-05-14,4495.04,4495.04,4704.73
2015-05-15,4494.29,4494.29,4704.73
2015-05-18,4512.95,4512.95,4704.73
2015-05-19,4503.72,4503.72,4704.73
2015-05-20,4505.3,4505.3,4704.73
2015-05-21,4529.47,4529.47,4704.73
2015-05-22,4527.16,4527.16,4704.73
2015-05-26,4472.96,4472.96,4704.73
2015-05-27,4546.06,4546.06,4704.73
2015-05-28,4535.66,4535.66,4704.73
2015-05-29,4508.25,4508.25,4704.73
2015-06-01,4521.85,4521.85,4704.73
2015-06-02,4508.89,4508.89,4704.73
2015-06-03,4519.86,4519.86,4704.73
2015-06-04,4487.03,4487.03,4704.73
2015-06-05,4477.19,4477.19,4704.73
2015-06-08,4431.51,4431.51,4704.73
2015-06-09,4427.61,4427.61,4704.73
2015-06-10,4485.46,4485.46,4704.73
2015-06-11,4488.47,4488.47,4704.73
2015-06-12,4453.79,4453.79,4704.73
2015-06-15,4432.92,4432.92,4704.73
2015-06-16,4455.9,4455.9,4704.73
2015-06-17,4468.98,4468.98,4704.73
2015-06-18,4531.85,4531.85,4704.73
2015-06-19,4513.42,4513.42,4704.73
2015-06-22,4544.04,4544.04,4704.73
2015-06-23,4548.74,4548.74,4704.73
2015-06-24,4524.6,4524.6,4704.73
2015-06-25,4514.01,4514.01,4704.73
2015-06-26,4484.28,4484.28,4704.73
2015-06-29,4379.86,4379.86,4704.73
2015-06-30,4396.76,4396.76,4704.73
2015-07-01,4429.23,4429.23,4704.73
2015-07-02,4433.39,4433.39,4704.73
2015-07-06,4418.66,4418.66,4704.73
2015-07-07,4429.06,4429.06,4704.73
2015-07-08,4351.58,4351.58,4704.73
2015-07-09,4352.03,4352.03,4704.73
2015-07-10,4420.15,4420.15,4704.73
2015-07-13,4494.47,4494.47,4704.73
2015-07-14,4523.47,4523.47,4704.73
2015-07-15,4528.36,4528.36,4704.73
2015-07-16,4594.9,4594.9,4704.73
2015-07-17,4661.6,4661.6,4704.73
2015-07-20,4679.68,4679.68,4704.73
2015-07-21,4674.41,4674.41,4704.73
2015-07-22,4623.24,4623.24,4704.73
2015-07-23,4602.83,4602.83,4704.73
2015-07-24,4557.37,4557.37,4704.73
2015-07-27,4519.09,4519.09,4704.73
2015-07-28,4560.23,4560.23,4704.73
2015-07-29,4581.6,4581.6,4704.73
2015-07-30,4598.59,4598.59,4704.73
2015-07-31,4588.91,4588.91,4704.73
2015-08-03,4580.46,4580.46,4704.73
2015-08-04,4567.47,4567.47,4704.73
2015-08-05,4602.24,4602.24,4704.73
2015-08-06,4528.51,4528.51,4704.73
2015-08-07,4520.08,4520.08,4704.73
2015-08-10,4573.11,4573.11,4704.73
2015-08-11,4513.99,4513.99,4704.73
2015-08-12,4528.19,4528.19,4704.73
2015-08-13,4519.32,4519.32,4704.73
2015-08-14,4530.74,4530.74,4704.73
2015-08-17,4566.37,4566.37,4704.73
2015-08-18,4542.07,4542.07,4704.73
2015-08-19,4510.9,4510.9,4704.73
2015-08-20,4385.13,4385.13,4704.73
2015-08-21,4197.27,4197.27,4704.73
2015-08-24,4038.6,4038.6,4704.73
2015-08-25,4016.32,4016.32,4704.73
2015-08-26,4219.6,4219.6,4704.73
2015-08-27,4324.82,4324.82,4704.73
2015-08-28,4329.12,4329.12,4704.73
2015-08-31,4274.58,4274.58,4704.73
2015-09-01,4142.63,4142.63,4704.73
2015-09-02,4256.23,4256.23,4704.73
2015-09-03,4234.65,4234.65,4704.73
2015-09-04,4184.72,4184.72,4704.73
2015-09-08,4303.53,4303.53,4704.73
2015-09-09,4253.45,4253.45,4704.73
2015-09-10,4296.3,4296.3,4704.73
2015-09-11,4323.23,4323.23,4704.73
2015-09-14,4308.76,4308.76,4704.73
2015-09-15,4360.28,4360.28,4704.73
2015-09-16,4383.67,4383.67,4704.73
2015-09-17,4384.96,4384.96,4704.73
2015-09-18,4323.86,4323.86,4704.73
2015-09-21,4336.13,4336.13,4704.73
2015-09-22,4274.1,4274.1,4704.73
2015-09-23,4273.53,4273.53,4704.73
2015-09-24,4261.1,4261.1,4704.73
2015-09-25,4224.74,4224.74,4704.73
2015-09-28,4103.47,4103.47,4704.73
2015-09-29,4083.37,4083.37,4704.73
2015-09-30,4181.06,4181.06,4704.73
2015-10-01,4192.96,4192.96,4704.73
2015-10-02,4267.45,4267.45,4704.73
2015-10-05,4331.43,4331.43,4704.73
2015-10-06,4306.7,4306.7,4704.73
2015-10-07,4333.46,4333.46,4704.73
2015-10-08,4350.15,4350.15,4704.73
2015-10-09,4370.01,4370.01,4704.73
2015-10-12,4382.56,4382.56,4704.73
2015-10-13,4352.94,4352.94,4704.73
2015-10-14,4346.92,4346.92,4704.73
2015-10-15,4418.22,4418.22,4704.73
2015-10-16,4438.62,4438.62,4704.73
2015-10-19,4462.07,4462.07,4704.73
2015-10-20,4438.18,4438.18,4704.73
2015-10-21,4413.52,4413.52,4704.73
2015-10-22,4503.22,4503.22,4704.73
2015-10-23,4624.09,4624.09,4704.73
2015-10-26,4630.85,4630.85,4704.73
2015-10-27,4639.23,4639.23,4704.73
2015-10-28,4678.58,4678.58,4704.73
2015-10-29,4670.76,4670.76,4704.73
2015-10-30,4648.83,4648.83,4704.73
2015-11-02,4703.91,4703.91,4704.73
2015-11-03,4719.05,4719.05,4719.05
2015-11-04,4717.55,4717.55,4719.05
2015-11-05,4702.9,4702.9,4719.05
2015-11-06,4707.23,4707.23,4719.05
2015-11-09,4655.52,4655.52,4719.05
2015-11-10,4641.73,4641.73,4719.05
2015-11-11,4636.94,4636.94,4719.05
2015-11-12,4588.93,4588.93,4719.05
2015-11-13,4502.14,4502.14,4719.05
2015-11-16,4565.47,4565.47,4719.05
2015-11-17,4565.82,4565.82,4719.05
2015-11-18,4653.44,4653.44,4719.05
2015-11-19,4655.35,4655.35,4719.05
2015-11-20,4686.36,4686.36,4719.05
2015-11-23,4674.79,4674.79,4719.05
2015-11-24,4669.41,4669.41,4719.05
2015-11-25,4672.88,4672.88,4719.05
2015-11-27,4680.47,4680.47,4719.05
2015-11-30,4664.51,4664.51,4719.05
2015-12-01,4716.16,4716.16,4719.05
2015-12-02,4686.22,4686.22,4719.05
2015-12-03,4606.75,4606.75,4719.05
2015-12-04,4716.12,4716.12,4719.05
2015-12-07,4693.62,4693.62,4719.05
2015-12-08,4694.77,4694.77,4719.05
2015-12-09,4622.14,4622.14,4719.05
2015-12-10,4643.05,4643.05,4719.05
2015-12-11,4537.56,4537.56,4719.05
2015-12-14,4570.16,4570.16,4719.05
2015-12-15,4597.33,4597.33,4719.05
2015-12-16,4664.56,4664.56,4719.05
2015-12-17,4598.14,4598.14,4719.05
2015-12-18,4514.83,4514.83,4719.05
2015-12-21,4560.55,4560.55,4719.05
2015-12-22,4589.26,4589.26,4719.05
2015-12-23,4624.59,4624.59,4719.05
2015-12-24,4622.77,4622.77,4719.05
2015-12-28,4621.35,4621.35,4719.05
2015-12-29,4691.08,4691.08,4719.05
2015-12-30,4652.01,4652.01,4719.05
2015-12-31,4593.27,4593.27,4719.05
2016-01-04,4497.86,4497.86,4719.05
2016-01-05,4484.18,4484.18,4719.05
2016-01-06,4443.99,4443.99,4719.05
2016-01-07,4305.72,4305.72,4719.05
2016-01-08,4270.78,4270.78,4719.05
2016-01-11,4283.55,4283.55,4719.05
2016-01-12,4333.72,4333.72,4719.05
2016-01-13,4183.12,4183.12,4719.05
2016-01-14,4272.97,4272.97,4719.05
2016-01-15,4141.08,4141.08,4719.05
2016-01-19,4147.07,4147.07,4719.05
2016-01-20,4136.28,4136.28,4719.05
2016-01-21,4142.6,4142.6,4719.05
2016-01-22,4259.77,4259.77,4719.05
2016-01-25,4196.53,4196.53,4719.05
2016-01-26,4233.85,4233.85,4719.05
2016-01-27,4128.86,4128.86,4719.05
2016-01-28,4186.06,4186.06,4719.05
2016-01-29,4279.17,4279.17,4719.05
2016-02-01,4286.56,4286.56,4719.05
2016-02-02,4193.1,4193.1,4719.05
2016-02-03,4171.97,4171.97,4719.05
2016-02-04,4167.77,4167.77,4719.05
2016-02-05,4024.47,4024.47,4719.05
2016-02-08,3960.67,3960.67,4719.05
2016-02-09,3947.8,3947.8,4719.05
2016-02-10,3966.28,3966.28,4719.05
2016-02-11,3962.22,3962.22,4719.05
2016-02-12,4019.19,4019.19,4719.05
2016-02-16,4104.33,4104.33,4719.05
2016-02-17,4199.1,4199.1,4719.05
2016-02-18,4151.49,4151.49,4719.05
2016-02-19,4164.09,4164.09,4719.05
2016-02-22,4231.27,4231.27,4719.05
2016-02-23,4162.54,4162.54,4719.05
2016-02-24,4200.66,4200.66,4719.05
2016-02-25,4241.06,4241.06,4719.05
2016-02-26,4235.62,4235.62,4719.05
2016-02-29,4201.12,4201.12,4719.05
2016-03-01,4333.61,4333.61,4719.05
2016-03-02,4334.39,4334.39,4719.05
2016-03-03,4325.86,4325.86,4719.05
2016-03-04,4329.0,4329.0,4719.05
2016-03-07,4303.33,4303.33,4719.05
2016-03-08,4265.51,4265.51,4719.05
2016-03-09,4293.23,4293.23,4719.05
2016-03-10,4286.97,4286.97,4719.05
2016-03-11,4361.83,4361.83,4719.05
2016-03-14,4367.33,4367.33,4719.05
2016-03-15,4367.08,4367.08,4719.05
2016-03-16,4404.2,4404.2,4719.05
2016-03-17,4400.26,4400.26,4719.05
2016-03-18,4410.83,4410.83,4719.05
2016-03-21,4426.98,4426.98,4719.05
2016-03-22,4437.62,4437.62,4719.05
2016-03-23,4402.56,4402.56,4719.05
2016-03-24,4405.53,4405.53,4719.05
2016-03-28,4398.07,4398.07,4719.05
2016-03-29,4467.72,4467.72,4719.05
2016-03-30,4490.88,4490.88,4719.05
2016-03-31,4483.66,4483.66,4719.05
2016-04-01,4532.08,4532.08,4719.05
2016-04-04,4511.7,4511.7,4719.05
2016-04-05,4470.75,4470.75,4719.05
2016-04-06,4543.78,4543.78,4719.05
2016-04-07,4475.29,4475.29,4719.05
2016-04-08,4474.93,4474.93,4719.05
2016-04-11,4458.71,4458.71,4719.05
2016-04-12,4496.04,4496.04,4719.05
2016-04-13,4554.72,4554.72,4719.05
2016-04-14,4554.62,4554.62,4719.05
2016-04-15,4543.16,4543.16,4719.05
2016-04-18,4565.42,4565.42,4719.05
2016-04-19,4537.09,4537.09,4719.05
2016-04-20,4540.44,4540.44,4719.05
2016-04-21,4540.8,4540.8,4719.05
2016-04-22,4474.19,4474.19,4719.05
2016-04-25,4474.13,4474.13,4719.05
2016-04-26,4452.97,4452.97,4719.05
2016-04-27,4416.63,4416.63,4719.05
2016-04-28,4363.99,4363.99,4719.05
2016-04-29,4341.3,4341.3,4719.05
2016-05-02,4381.3,4381.3,4719.05
2016-05-03,4341.39,4341.39,4719.05
2016-05-04,4312.01,4312.01,4719.05
2016-05-05,4309.48,4309.48,4719.05
2016-05-06,4330.17,4330.17,4719.05
2016-05-09,4341.23,4341.23,4719.05
2016-05-10,4402.04,4402.04,4719.05
2016-05-11,4361.03,4361.03,4719.05
2016-05-12,4342.81,4342.81,4719.05
2016-05-13,4326.53,4326.53,4719.05
2016-05-16,4380.48,4380.48,4719.05
2016-05-17,4322.56,4322.56,4719.05
2016-05-18,4338.23,4338.23,4719.05
2016-05-19,4315.58,4315.58,4719.05
2016-05-20,4362.9,4362.9,4719.05
2016-05-23,4355.1,4355.1,4719.05
2016-05-24,4444.3,4444.3,4719.05
2016-05-25,4476.43,4476.43,4719.05
2016-05-26,4487.96,4487.96,4719.05
2016-05-27,4512.54,4512.54,4719.05
2016-05-31,4523.89,4523.89,4719.05
2016-06-01,4520.07,4520.07,4719.05
2016-06-02,4531.35,4531.35,4719.05
2016-06-03,4509.79,4509.79,4719.05
2016-06-06,4523.63,4523.63,4719.05
2016-06-07,4513.09,4513.09,4719.05
2016-06-08,4520.63,4520.63,4719.05
2016-06-09,4512.69,4512.69,4719.05
2016-06-10,4461.05,4461.05,4719.05
2016-06-13,4422.76,4422.76,4719.05
2016-06-14,4424.91,4424.91,4719.05
2016-06-15,4409.51,4409.51,4719.05
2016-06-16,4424.23,4424.23,4719.05
2016-06-17,4374.38,4374.38,4719.05
2016-06-20,4400.16,4400.16,4719.05
2016-06-21,4413.4,4413.4,4719.05
2016-06-22,4404.73,4404.73,4719.05
2016-06-23,4467.48,4467.48,4719.05
2016-06-24,4285.7,4285.7,4719.05
2016-06-27,4201.05,4201.05,4719.05
2016-06-28,4290.47,4290.47,4719.05
2016-06-29,4364.74,4364.74,4719.05
2016-06-30,4417.7,4417.7,4719.05
2016-07-01,4437.44,4437.44,4719.05
2016-07-05,4410.75,4410.75,4719.05
2016-07-06,4444.7,4444.7,4719.05
2016-07-07,4459.58,4459.58,4719.05
2016-07-08,4528.36,4528.36,4719.05
2016-07-11,4554.71,4554.71,4719.05
2016-07-12,4577.61,4577.61,4719.05
2016-07-13,4565.77,4565.77,4719.05
2016-07-14,4596.49,4596.49,4719.05
2016-07-15,4589.83,4589.83,4719.05
2016-07-18,4619.68,4619.68,4719.05
2016-07-19,4603.28,4603.28,4719.05
2016-07-20,4657.2,4657.2,4719.05
2016-07-21,4647.02,4647.02,4719.05
2016-07-22,4666.07,4666.07,4719.05
2016-07-25,4665.93,4665.93,4719.05
2016-07-26,4672.11,4672.11,4719.05
2016-07-27,4702.88,4702.88,4719.05
2016-07-28,4721.41,4721.41,4721.41
2016-07-29,4730.23,4730.23,4730.23
2016-08-01,4756.04,4756.04,4756.04
2016-08-02,4719.21,4719.21,4756.04
2016-08-03,4734.33,4734.33,4756.04
2016-08-04,4743.81,4743.81,4756.04
2016-08-05,4791.21,4791.21,4791.21
2016-08-08,4784.74,4784.74,4791.21
2016-08-09,4795.75,4795.75,4795.75
2016-08-10,4783.39,4783.39,4795.75
2016-08-11,4803.31,4803.31,4803.31
2016-08-12,4807.08,4807.08,4807.08
2016-08-15,4827.12,4827.12,4827.12
2016-08-16,4797.19,4797.19,4827.12
2016-08-17,4805.45,4805.45,4827.12
2016-08-18,4808.68,4808.68,4827.12
2016-08-19,4806.14,4806.14,4827.12
2016-08-22,4808.56,4808.56,4827.12
2016-08-23,4818.48,4818.48,4827.12
2016-08-24,4783.49,4783.49,4827.12
2016-08-25,4775.43,4775.43,4827.12
2016-08-26,4783.69,4783.69,4827.12
2016-08-29,4791.09,4791.09,4827.12
2016-08-30,4775.99,4775.99,4827.12
2016-08-31,4771.05,4771.05,4827.12
2016-09-01,4783.94,4783.94,4827.12
2016-09-02,4798.74,4798.74,4827.12
2016-09-06,4829.51,4829.51,4829.51
2016-09-07,4831.86,4831.86,4831.86
2016-09-08,4804.0,4804.0,4831.86
2016-09-09,4681.53,4681.53,4831.86
2016-09-12,4764.65,4764.65,4831.86
2016-09-13,4722.84,4722.84,4831.86
2016-09-14,4746.06,4746.06,4831.86
2016-09-15,4819.9,4819.9,4831.86
2016-09-16,4818.05,4818.05,4831.86
2016-09-19,4796.07,4796.07,4831.86
2016-09-20,4805.22,4805.22,4831.86
2016-09-21,4853.75,4853.75,4853.75
2016-09-22,4891.36,4891.36,4891.36
2016-09-23,4858.91,4858.91,4891.36
2016-09-26,4817.17,4817.17,4891.36
2016-09-27,4866.71,4866.71,4891.36
2016-09-28,4875.27,4875.27,4891.36
2016-09-29,4838.3,4838.3,4891.36
2016-09-30,4875.7,4875.7,4891.36
2016-10-03,4866.63,4866.63,4891.36
2016-10-04,4859.47,4859.47,4891.36
2016-10-05,4877.75,4877.75,4891.36
2016-10-06,4873.92,4873.92,4891.36
2016-10-07,4864.52,4864.52,4891.36
2016-10-10,4893.77,4893.77,4893.77
2016-10-11,4821.91,4821.91,4893.77
2016-10-12,4819.63,4819.63,4893.77
2016-10-13,4803.1,4803.1,4893.77
2016-10-14,4808.49,4808.49,4893.77
2016-10-17,4796.17,4796.17,4893.77
2016-10-18,4839.72,4839.72,4893.77
2016-10-19,4836.61,4836.61,4893.77
2016-10-20,4832.71,4832.71,4893.77
2016-10-21,4851.86,4851.86,4893.77
2016-10-24,4909.97,4909.97,4909.97
2016-10-25,4891.45,4891.45,4909.97
2016-10-26,4860.59,4860.59,4909.97
2016-10-27,4836.45,4836.45,4909.97
2016-10-28,4805.59,4805.59,4909.97
2016-10-31,4801.27,4801.27,4909.97
2016-11-01,4766.94,4766.94,4909.97
2016-11-02,4726.91,4726.91,4909.97
2016-11-03,4679.1,4679.1,4909.97
2016-11-04,4660.46,4660.46,4909.97
2016-11-07,4773.73,4773.73,4909.97
2016-11-08,4804.92,4804.92,4909.97
2016-11-09,4825.18,4825.18,4909.97
2016-11-10,4747.03,4747.03,4909.97
2016-11-11,4751.95,4751.95,4909.97
2016-11-14,4702.04,4702.04,4909.97
2016-11-15,4764.47,4764.47,4909.97
2016-11-16,4792.27,4792.27,4909.97
2016-11-17,4826.59,4826.59,4909.97
2016-11-18,4808.04,4808.04,4909.97
2016-11-21,4859.0,4859.0,4909.97
2016-11-22,4873.84,4873.84,4909.97
2016-11-23,4853.86,4853.86,4909.97
2016-11-25,4870.02,4870.02,4909.97
2016-11-28,4857.02,4857.02,4909.97
2016-11-29,4873.21,4873.21,4909.97
2016-11-30,4810.81,4810.81,4909.97
2016-12-01,4734.1,4734.1,4909.97
2016-12-02,4739.37,4739.37,4909.97
2016-12-05,4778.14,4778.14,4909.97
2016-12-06,4788.67,4788.67,4909.97
2016-12-07,4851.94,4851.94,4909.97
2016-12-08,4859.19,4859.19,4909.97
2016-12-09,4895.9,4895.9,4909.97
2016-12-12,4874.3,4874.3,4909.97
2016-12-13,4935.84,4935.84,4935.84
2016-12-14,4921.22,4921.22,4935.84
2016-12-15,4933.41,4933.41,4935.84
2016-12-16,4914.86,4914.86,4935.84
2016-12-19,4934.85,4934.85,4935.84
2016-12-20,4953.8,4953.8,4953.8
2016-12-21,4948.9,4948.9,4953.8
2016-12-22,4934.39,4934.39,4953.8
2016-12-23,4940.02,4940.02,4953.8
2016-12-27,4965.81,4965.81,4965.81
2016-12-28,4926.29,4926.29,4965.81
2016-12-29,4918.28,4918.28,4965.81
2016-12-30,4863.62,4863.62,4965.81
2017-01-03,4911.33,4911.33,4965.81
2017-01-04,4937.2,4937.2,4965.81
2017-01-05,4964.95,4964.95,4965.81
2017-01-06,5007.08,5007.08,5007.08
2017-01-09,5024.9,5024.9,5024.9
2017-01-10,5035.17,5035.17,5035.17
2017-01-11,5050.21,5050.21,5050.21
2017-01-12,5041.43,5041.43,5050.21
2017-01-13,5059.51,5059.51,5059.51
2017-01-17,5044.65,5044.65,5059.51
2017-01-18,5055.85,5055.85,5059.51
2017-01-19,5051.17,5051.17,5059.51
2017-01-20,5063.2,5063.2,5063.2
2017-01-23,5065.7,5065.7,5065.7
2017-01-24,5101.06,5101.06,5101.06
2017-01-25,5151.47,5151.47,5151.47
2017-01-26,5156.92,5156.92,5156.92
2017-01-27,5168.06,5168.06,5168.06
2017-01-30,5129.33,5129.33,5168.06
2017-01-31,5116.77,5116.77,5168.06
2017-02-01,5152.69,5152.69,5168.06
2017-02-02,5147.7,5147.7,5168.06
2017-02-03,5161.6,5161.6,5168.06
2017-02-06,5167.96,5167.96,5168.06
2017-02-07,5185.88,5185.88,5185.88
2017-02-08,5196.58,5196.58,5196.58
2017-02-09,5212.16,5212.16,5212.16
2017-02-10,5226.69,5226.69,5226.69
2017-02-13,5256.82,5256.82,5256.82
2017-02-14,5271.07,5271.07,5271.07
2017-02-15,5302.39,5302.39,5302.39
2017-02-16,5300.64,5300.64,5302.39
2017-02-17,5324.72,5324.72,5324.72
2017-02-21,5350.73,5350.73,5350.73
2017-02-22,5352.13,5352.13,5352.13
2017-02-23,5332.37,5332.37,5352.13
2017-02-24,5343.31,5343.31,5352.13
2017-02-27,5347.55,5347.55,5352.13
2017-02-28,5330.31,5330.31,5352.13
2017-03-01,5390.99,5390.99,5390.99
2017-03-02,5363.26,5363.26,5390.99
2017-03-03,5373.48,5373.48,5390.99
2017-03-06,5360.31,5360.31,5390.99
2017-03-07,5351.28,5351.28,5390.99
2017-03-08,5359.8,5359.8,5390.99
2017-03-09,5363.98,5363.98,5390.99
2017-03-10,5385.9,5385.9,5390.99
2017-03-13,5394.57,5394.57,5394.57
2017-03-14,5382.17,5382.17,5394.57
2017-03-15,5416.25,5416.25,5416.25
2017-03-16,5412.08,5412.08,5416.25
2017-03-17,5408.76,5408.76,5416.25
2017-03-20,5413.31,5413.31,5416.25
2017-03-21,5332.53,5332.53,5416.25
2017-03-22,5367.55,5367.55,5416.25
2017-03-23,5355.14,5355.14,5416.25
2017-03-24,5364.0,5364.0,5416.25
2017-03-27,5374.27,5374.27,5416.25
2017-03-28,5407.21,5407.21,5416.25
2017-03-29,5430.27,5430.27,5430.27
2017-03-30,5439.74,5439.74,5439.74
2017-03-31,5436.23,5436.23,5439.74
2017-04-03,5432.2,5432.2,5439.74
2017-04-04,5440.41,5440.41,5440.41
2017-04-05,5418.52,5418.52,5440.41
2017-04-06,5420.88,5420.88,5440.41
2017-04-07,5418.37,5418.37,5440.41
2017-04-10,5421.68,5421.68,5440.41
2017-04-11,5398.4,5398.4,5440.41
2017-04-12,5377.03,5377.03,5440.41
2017-04-13,5353.59,5353.59,5440.41
2017-04-17,5399.2,5399.2,5440.41
2017-04-18,5391.66,5391.66,5440.41
2017-04-19,5399.64,5399.64,5440.41
2017-04-20,5443.53,5443.53,5443.53
2017-04-21,5442.05,5442.05,5443.53
2017-04-24,5508.03,5508.03,5508.03
2017-04-25,5548.19,5548.19,5548.19
2017-04-26,5541.09,5541.09,5548.19
2017-04-27,5571.28,5571.28,5571.28
2017-04-28,5583.53,5583.53,5583.53
2017-05-01,5629.63,5629.63,5629.63
2017-05-02,5644.07,5644.07,5644.07
2017-05-03,5625.16,5625.16,5644.07
2017-05-04,5626.32,5626.32,5644.07
2017-05-05,5646.09,5646.09,5646.09
2017-05-08,5659.07,5659.07,5659.07
2017-05-09,5678.31,5678.31,5678.31
2017-05-10,5681.68,5681.68,5681.68
2017-05-11,5674.22,5674.22,5681.68
2017-05-12,5686.81,5686.81,5686.81
2017-05-15,5704.48,5704.48,5704.48
2017-05-16,5724.44,5724.44,5724.44
2017-05-17,5580.55,5580.55,5724.44
2017-05-18,5626.31,5626.31,5724.44
2017-05-19,5651.56,5651.56,5724.44
2017-05-22,5699.4,5699.4,5724.44
2017-05-23,5703.35,5703.35,5724.44
2017-05-24,5730.3,5730.3,5730.3
2017-05-25,5778.37,5778.37,5778.37
2017-05-26,5788.36,5788.36,5788.36
2017-05-30,5794.63,5794.63,5794.63
2017-05-31,5788.8,5788.8,5794.63
2017-06-01,5816.51,5816.51,5816.51
2017-06-02,5881.46,5881.46,5881.46
2017-06-05,5878.12,5878.12,5881.46
2017-06-06,5856.77,5856.77,5881.46
2017-06-07,5877.59,5877.59,5881.46
2017-06-08,5885.3,5885.3,5885.3
2017-06-09,5741.94,5741.94,5885.3
2017-06-12,5708.18,5708.18,5885.3
2017-06-13,5751.82,5751.82,5885.3
2017-06-14,5727.07,5727.07,5885.3
2017-06-15,5700.89,5700.89,5885.3
2017-06-16,5681.48,5681.48,5885.3
2017-06-19,5772.22,5772.22,5885.3
2017-06-20,5726.31,5726.31,5885.3
2017-06-21,5782.39,5782.39,5885.3
2017-06-22,5779.87,5779.87,5885.3
2017-06-23,5803.11,5803.11,5885.3
2017-06-26,5777.59,5777.59,5885.3
2017-06-27,5671.6,5671.6,5885.3
2017-06-28,5753.03,5753.03,5885.3
2017-06-29,5653.02,5653.02,5885.3
2017-06-30,5646.92,5646.92,5885.3
2017-07-03,5596.96,5596.96,5885.3
2017-07-05,5648.82,5648.82,5885.3
2017-07-06,5597.9,5597.9,5885.3
2017-07-07,5656.47,5656.47,5885.3
2017-07-10,5694.15,5694.15,5885.3
2017-07-11,5709.8,5709.8,5885.3
2017-07-12,5778.95,5778.95,5885.3
2017-07-13,5793.36,5793.36,5885.3
2017-07-14,5838.08,5838.08,5885.3
2017-07-17,5839.74,5839.74,5885.3
2017-07-18,5880.1,5880.1,5885.3
2017-07-19,5916.16,5916.16,5916.16
2017-07-20,5921.22,5921.22,5921.22
2017-07-21,5921.52,5921.52,5921.52
2017-07-24,5941.37,5941.37,5941.37
2017-07-25,5930.65,5930.65,5941.37
2017-07-26,5950.73,5950.73,5950.73
2017-07-27,5917.03,5917.03,5950.73
2017-07-28,5908.92,5908.92,5950.73
2017-07-31,5880.33,5880.33,5950.73
2017-08-01,5895.17,5895.17,5950.73
2017-08-02,5914.23,5914.23,5950.73
2017-08-03,5891.2,5891.2,5950.73
2017-08-04,5899.91,5899.91,5950.73
2017-08-07,5934.73,5934.73,5950.73
2017-08-08,5926.35,5926.35,5950.73
2017-08-09,5919.39,5919.39,5950.73
2017-08-10,5788.19,5788.19,5950.73
2017-08-11,5831.53,5831.53,5950.73
2017-08-14,5908.17,5908.17,5950.73
2017-08-15,5907.73,5907.73,5950.73
2017-08-16,5917.42,5917.42,5950.73
2017-08-17,5796.32,5796.32,5950.73
2017-08-18,5790.91,5790.91,5950.73
2017-08-21,5786.54,5786.54,5950.73
2017-08-22,5873.33,5873.33,5950.73
2017-08-23,5851.78,5851.78,5950.73
2017-08-24,5834.44,5834.44,5950.73
2017-08-25,5822.53,5822.53,5950.73
2017-08-28,5838.08,5838.08,5950.73
2017-08-29,5862.14,5862.14,5950.73
2017-08-30,5932.9,5932.9,5950.73
2017-08-31,5988.6,5988.6,5988.6
2017-09-01,5987.9,5987.9,5988.6
2017-09-05,5932.73,5932.73,5988.6
2017-09-06,5951.13,5951.13,5988.6
2017-09-07,5964.31,5964.31,5988.6
2017-09-08,5913.37,5913.37,5988.6
2017-09-11,5980.53,5980.53,5988.6
2017-09-12,5995.64,5995.64,5995.64
2017-09-13,6004.38,6004.38,6004.38
2017-09-14,5968.82,5968.82,6004.38
2017-09-15,5988.0,5988.0,6004.38
2017-09-18,5981.12,5981.12,6004.38
2017-09-19,5991.08,5991.08,6004.38
2017-09-20,5973.6,5973.6,6004.38
2017-09-21,5934.91,5934.91,6004.38
2017-09-22,5932.32,5932.32,6004.38
2017-09-25,5867.35,5867.35,6004.38
2017-09-26,5881.34,5881.34,6004.38
2017-09-27,5937.79,5937.79,6004.38
2017-09-28,5933.07,5933.07,6004.38
2017-09-29,5979.3,5979.3,6004.38
2017-10-02,5981.92,5981.92,6004.38
2017-10-03,5995.06,5995.06,6004.38
2017-10-04,5998.84,5998.84,6004.38
2017-10-05,6057.14,6057.14,6057.14
2017-10-06,6064.57,6064.57,6064.57
2017-10-09,6058.53,6058.53,6064.57
2017-10-10,6063.52,6063.52,6064.57
2017-10-11,6081.25,6081.25,6081.25
2017-10-12,6069.99,6069.99,6081.25
2017-10-13,6092.45,6092.45,6092.45
2017-10-16,6114.53,6114.53,6114.53
2017-10-17,6122.61,6122.61,6122.61
2017-10-18,6114.35,6114.35,6122.61
2017-10-19,6092.62,6092.62,6122.61
2017-10-20,6108.82,6108.82,6122.61
2017-10-23,6067.83,6067.83,6122.61
2017-10-24,6080.22,6080.22,6122.61
2017-10-25,6055.04,6055.04,6122.61
2017-10-26,6037.87,6037.87,6122.61
2017-10-27,6213.47,6213.47,6213.47
2017-10-30,6227.59,6227.59,6227.59
2017-10-31,6248.56,6248.56,6248.56
2017-11-01,6248.65,6248.65,6248.65
2017-11-02,6236.39,6236.39,6248.65
2017-11-03,6295.58,6295.58,6295.58
2017-11-06,6313.61,6313.61,6313.61
2017-11-07,6320.78,6320.78,6320.78
2017-11-08,6345.81,6345.81,6345.81
2017-11-09,6312.21,6312.21,6345.81
2017-11-10,6309.07,6309.07,6345.81
2017-11-13,6316.18,6316.18,6345.81
2017-11-14,6293.64,6293.64,6345.81
2017-11-15,6258.36,6258.36,6345.81
2017-11-16,6339.14,6339.14,6345.81
2017-11-17,6314.51,6314.51,6345.81
2017-11-20,6308.61,6308.61,6345.81
2017-11-21,6378.63,6378.63,6378.63
2017-11-22,6386.12,6386.12,6386.12
2017-11-24,6409.29,6409.29,6409.29
2017-11-27,6405.97,6405.97,6409.29
2017-11-28,6422.56,6422.56,6422.56
2017-11-29,6311.37,6311.37,6422.56
2017-11-30,6365.56,6365.56,6422.56
2017-12-01,6337.87,6337.87,6422.56
2017-12-04,6263.7,6263.7,6422.56
2017-12-05,6265.11,6265.11,6422.56
2017-12-06,6293.05,6293.05,6422.56
2017-12-07,6316.28,6316.28,6422.56
2017-12-08,6344.57,6344.57,6422.56
2017-12-11,6393.89,6393.89,6422.56
2017-12-12,6383.65,6383.65,6422.56
2017-12-13,6394.67,6394.67,6422.56
2017-12-14,6389.91,6389.91,6422.56
2017-12-15,6466.32,6466.32,6466.32
2017-12-18,6513.27,6513.27,6513.27
2017-12-19,6480.67,6480.67,6513.27
2017-12-20,6472.48,6472.48,6513.27
2017-12-21,6472.69,6472.69,6513.27
2017-12-22,6465.17,6465.17,6513.27
2017-12-26,6433.16,6433.16,6513.27
2017-12-27,6435.15,6435.15,6513.27
2017-12-28,6441.42,6441.42,6513.27
2017-12-29,6396.42,6396.42,6513.27
2018-01-02,6511.34,6511.34,6513.27
2018-01-03,6575.8,6575.8,6575.8
2018-01-04,6584.58,6584.58,6584.58
2018-01-05,6653.29,6653.29,6653.29
2018-01-08,6676.63,6676.63,6676.63
2018-01-09,6677.94,6677.94,6677.94
2018-01-10,6662.66,6662.66,6677.94
2018-01-11,6708.49,6708.49,6708.49
2018-01-12,6758.54,6758.54,6758.54
2018-01-16,6737.14,6737.14,6758.54
2018-01-17,6810.28,6810.28,6810.28
2018-01-18,6811.38,6811.38,6811.38
2018-01-19,6834.33,6834.33,6834.33
2018-01-22,6906.28,6906.28,6906.28
2018-01-23,6963.46,6963.46,6963.46
2018-01-24,6919.35,6919.35,6963.46
2018-01-25,6916.3,6916.3,6963.46
2018-01-26,7022.97,7022.97,7022.97
2018-01-29,6988.32,6988.32,7022.97
2018-01-30,6930.73,6930.73,7022.97
2018-01-31,6949.99,6949.99,7022.97
2018-02-01,6901.5,6901.5,7022.97
2018-02-02,6760.29,6760.29,7022.97
2018-02-05,6495.92,6495.92,7022.97
2018-02-06,6665.98,6665.98,7022.97
2018-02-07,6582.02,6582.02,7022.97
2018-02-08,6306.1,6306.1,7022.97
2018-02-09,6412.68,6412.68,7022.97
2018-02-12,6523.85,6523.85,7022.97
2018-02-13,6553.86,6553.86,7022.97
2018-02-14,6675.03,6675.03,7022.97
2018-02-15,6794.92,6794.92,7022.97
2018-02-16,6770.66,6770.66,7022.97
2018-02-20,6779.69,6779.69,7022.97
2018-02-21,6759.26,6759.26,7022.97
2018-02-22,6761.85,6761.85,7022.97
2018-02-23,6896.6,6896.6,7022.97
2018-02-26,6989.1,6989.1,7022.97
2018-02-27,6900.35,6900.35,7022.97
2018-02-28,6854.42,6854.42,7022.97
2018-03-01,6750.54,6750.54,7022.97
2018-03-02,6811.04,6811.04,7022.97
2018-03-05,6881.28,6881.28,7022.97
2018-03-06,6913.02,6913.02,7022.97
2018-03-07,6929.39,6929.39,7022.97
2018-03-08,6966.43,6966.43,7022.97
2018-03-09,7101.18,7101.18,7101.18
2018-03-12,7131.12,7131.12,7131.12
2018-03-13,7046.51,7046.51,7131.12
2018-03-14,7040.98,7040.98,7131.12
2018-03-15,7030.97,7030.97,7131.12
2018-03-16,7019.95,7019.95,7131.12
2018-03-19,6864.88,6864.88,7131.12
2018-03-20,6885.92,6885.92,7131.12
2018-03-21,6853.45,6853.45,7131.12
2018-03-22,6682.26,6682.26,7131.12
2018-03-23,6508.09,6508.09,7131.12
2018-03-26,6753.83,6753.83,7131.12
2018-03-27,6529.84,6529.84,7131.12
2018-03-28,6460.81,6460.81,7131.12
2018-03-29,6581.13,6581.13,7131.12
2018-04-02,6390.84,6390.84,7131.12
2018-04-03,6458.83,6458.83,7131.12
2018-04-04,6560.06,6560.06,7131.12
2018-04-05,6594.84,6594.84,7131.12
2018-04-06,6433.21,6433.21,7131.12
2018-04-09,6472.34,6472.34,7131.12
2018-04-10,6615.87,6615.87,7131.12
2018-04-11,6583.44,6583.44,7131.12
2018-04-12,6656.26,6656.26,7131.12
2018-04-13,6628.34,6628.34,7131.12
2018-04-16,6675.18,6675.18,7131.12
2018-04-17,6816.37,6816.37,7131.12
2018-04-18,6833.21,6833.21,7131.12
2018-04-19,6774.89,6774.89,7131.12
2018-04-20,6667.75,6667.75,7131.12
2018-04-23,6648.8,6648.8,7131.12
2018-04-24,6509.05,6509.05,7131.12
2018-04-25,6513.94,6513.94,7131.12
2018-04-26,6649.65,6649.65,7131.12
2018-04-27,6656.35,6656.35,7131.12
2018-04-30,6605.57,6605.57,7131.12
2018-05-01,6681.96,6681.96,7131.12
2018-05-02,6644.48,6644.48,7131.12
2018-05-03,6643.48,6643.48,7131.12
2018-05-04,6769.12,6769.12,7131.12
2018-05-07,6821.87,6821.87,7131.12
2018-05-08,6815.48,6815.48,7131.12
2018-05-09,6893.21,6893.21,7131.12
2018-05-10,6963.55,6963.55,7131.12
2018-05-11,6952.56,6952.56,7131.12
2018-05-14,6964.37,6964.37,7131.12
2018-05-15,6888.54,6888.54,7131.12
2018-05-16,6929.97,6929.97,7131.12
2018-05-17,6901.63,6901.63,7131.12
2018-05-18,6866.25,6866.25,7131.12
2018-05-21,6905.53,6905.53,7131.12
2018-05-22,6893.62,6893.62,7131.12
2018-05-23,6953.63,6953.63,7131.12
2018-05-24,6949.7,6949.7,7131.12
2018-05-25,6960.92,6960.92,7131.12
2018-05-29,6926.54,6926.54,7131.12
2018-05-30,6976.37,6976.37,7131.12
2018-05-31,6967.73,6967.73,7131.12
2018-06-01,7083.93,7083.93,7131.12
2018-06-04,7143.57,7143.57,7143.57
2018-06-05,7166.75,7166.75,7166.75
2018-06-06,7210.08,7210.08,7210.08
2018-06-07,7152.83,7152.83,7210.08
2018-06-08,7152.62,7152.62,7210.08
2018-06-11,7168.48,7168.48,7210.08
2018-06-12,7209.18,7209.18,7210.08
2018-06-13,7205.26,7205.26,7210.08
2018-06-14,7279.59,7279.59,7279.59
2018-06-15,7255.76,7255.76,7279.59
2018-06-18,7251.41,7251.41,7279.59
2018-06-19,7228.04,7228.04,7279.59
2018-06-20,7280.7,7280.7,7280.7
2018-06-21,7217.49,7217.49,7280.7
2018-06-22,7197.51,7197.51,7280.7
2018-06-25,7038.17,7038.17,7280.7
2018-06-26,7068.2,7068.2,7280.7
2018-06-27,6969.67,6969.67,7280.7
2018-06-28,7031.6,7031.6,7280.7
2018-06-29,7040.8,7040.8,7280.7
2018-07-02,7097.82,7097.82,7280.7
2018-07-03,7014.55,7014.55,7280.7
2018-07-05,7101.05,7101.05,7280.7
2018-07-06,7207.33,7207.33,7280.7
2018-07-09,7276.0,7276.0,7280.7
2018-07-10,7282.6,7282.6,7282.6
2018-07-11,7243.98,7243.98,7282.6
2018-07-12,7366.25,7366.25,7366.25
2018-07-13,7375.82,7375.82,7375.82
2018-07-16,7357.9,7357.9,7375.82
2018-07-17,7403.89,7403.89,7403.89
2018-07-18,7390.13,7390.13,7403.89
2018-07-19,7352.36,7352.36,7403.89
2018-07-20,7350.23,7350.23,7403.89
2018-07-23,7371.78,7371.78,7403.89
2018-07-24,7406.25,7406.25,7406.25
2018-07-25,7508.59,7508.59,7508.59
2018-07-26,7400.75,7400.75,7508.59
2018-07-27,7296.78,7296.78,7508.59
2018-07-30,7193.1,7193.1,7508.59
2018-07-31,7231.98,7231.98,7508.59
2018-08-01,7272.89,7272.89,7508.59
2018-08-02,7372.15,7372.15,7508.59
2018-08-03,7395.49,7395.49,7508.59
2018-08-06,7438.99,7438.99,7508.59
2018-08-07,7462.65,7462.65,7508.59
2018-08-08,7469.54,7469.54,7508.59
2018-08-09,7466.96,7466.96,7508.59
2018-08-10,7408.3,7408.3,7508.59
2018-08-13,7401.17,7401.17,7508.59
2018-08-14,7447.17,7447.17,7508.59
2018-08-15,7354.66,7354.66,7508.59
2018-08-16,7374.29,7374.29,7508.59
2018-08-17,7377.54,7377.54,7508.59
2018-08-20,7371.42,7371.42,7508.59
2018-08-21,7397.23,7397.23,7508.59
2018-08-22,7424.6,7424.6,7508.59
2018-08-23,7413.84,7413.84,7508.59
2018-08-24,7485.4,7485.4,7508.59
2018-08-27,7559.13,7559.13,7559.13
2018-08-28,7570.25,7570.25,7570.25
2018-08-29,7660.18,7660.18,7660.18
2018-08-30,7642.67,7642.67,7660.18
2018-08-31,7654.55,7654.55,7660.18
2018-09-04,7622.32,7622.32,7660.18
2018-09-05,7523.26,7523.26,7660.18
2018-09-06,7453.17,7453.17,7660.18
2018-09-07,7430.26,7430.26,7660.18
2018-09-10,7447.68,7447.68,7660.18
2018-09-11,7507.87,7507.87,7660.18
2018-09-12,7488.06,7488.06,7660.18
2018-09-13,7561.69,7561.69,7660.18
2018-09-14,7545.5,7545.5,7660.18
2018-09-17,7434.73,7434.73,7660.18
2018-09-18,7494.4,7494.4,7660.18
2018-09-19,7490.32,7490.32,7660.18
2018-09-20,7569.03,7569.03,7660.18
2018-09-21,7531.07,7531.07,7660.18
2018-09-24,7548.75,7548.75,7660.18
2018-09-25,7563.19,7563.19,7660.18
2018-09-26,7563.09,7563.09,7660.18
2018-09-27,7629.57,7629.57,7660.18
2018-09-28,7627.65,7627.65,7660.18
2018-10-01,7645.45,7645.45,7660.18
2018-10-02,7628.28,7628.28,7660.18
2018-10-03,7637.43,7637.43,7660.18
2018-10-04,7490.0,7490.0,7660.18
2018-10-05,7399.01,7399.01,7660.18
2018-10-08,7352.82,7352.82,7660.18
2018-10-09,7371.62,7371.62,7660.18
2018-10-10,7044.5,7044.5,7660.18
2018-10-11,6964.03,6964.03,7660.18
2018-10-12,7157.21,7157.21,7660.18
2018-10-15,7068.67,7068.67,7660.18
2018-10-16,7276.43,7276.43,7660.18
2018-10-17,7278.63,7278.63,7660.18
2018-10-18,7116.09,7116.09,7660.18
2018-10-19,7107.23,7107.23,7660.18
2018-10-22,7141.21,7141.21,7660.18
2018-10-23,7118.67,7118.67,7660.18
2018-10-24,6789.15,6789.15,7660.18
2018-10-25,7016.39,7016.39,7660.18
2018-10-26,6852.4,6852.4,7660.18
2018-10-29,6713.9,6713.9,7660.18
2018-10-30,6810.12,6810.12,7660.18
2018-10-31,6967.1,6967.1,7660.18
2018-11-01,7069.17,7069.17,7660.18
2018-11-02,6965.29,6965.29,7660.18
2018-11-05,6937.09,6937.09,7660.18
2018-11-06,6988.85,6988.85,7660.18
2018-11-07,7203.13,7203.13,7660.18
2018-11-08,7158.59,7158.59,7660.18
2018-11-09,7039.15,7039.15,7660.18
2018-11-12,6829.1,6829.1,7660.18
2018-11-13,6830.91,6830.91,7660.18
2018-11-14,6769.87,6769.87,7660.18
2018-11-15,6890.45,6890.45,7660.18
2018-11-16,6867.02,6867.02,7660.18
2018-11-19,6642.92,6642.92,7660.18
2018-11-20,6526.96,6526.96,7660.18
2018-11-21,6575.66,6575.66,7660.18
2018-11-23,6527.35,6527.35,7660.18
2018-11-26,6678.34,6678.34,7660.18
2018-11-27,6701.04,6701.04,7660.18
2018-11-28,6913.33,6913.33,7660.18
2018-11-29,6892.4,6892.4,7660.18
2018-11-30,6949.01,6949.01,7660.18
2018-12-03,7062.13,7062.13,7660.18
2018-12-04,6795.21,6795.21,7660.18
2018-12-06,6838.85,6838.85,7660.18
2018-12-07,6613.27,6613.27,7660.18
2018-12-10,6682.74,6682.74,7660.18
2018-12-11,6704.24,6704.24,7660.18
2018-12-12,6763.96,6763.96,7660.18
2018-12-13,6767.97,6767.97,7660.18
2018-12-14,6594.96,6594.96,7660.18
2018-12-17,6448.39,6448.39,7660.18
2018-12-18,6491.52,6491.52,7660.18
2018-12-19,6342.97,6342.97,7660.18
2018-12-20,6243.19,6243.19,7660.18
2018-12-21,6046.56,6046.56,7660.18
2018-12-24,5899.35,5899.35,7660.18
2018-12-26,6262.77,6262.77,7660.18
2018-12-27,6288.3,6288.3,7660.18
2018-12-28,6285.27,6285.27,7660.18
2018-12-31,6329.96,6329.96,7660.18
2019-01-02,6360.87,6360.87,7660.18
2019-01-03,6147.13,6147.13,7660.18
2019-01-04,6422.67,6422.67,7660.18
2019-01-07,6488.25,6488.25,7660.18
2019-01-08,6551.85,6551.85,7660.18
2019-01-09,6600.69,6600.69,7660.18
2019-01-10,6620.94,6620.94,7660.18
2019-01-11,6601.4,6601.4,7660.18
2019-01-14,6541.04,6541.04,7660.18
2019-01-15,6669.64,6669.64,7660.18
2019-01-16,6668.56,6668.56,7660.18
2019-01-17,6718.45,6718.45,7660.18
2019-01-18,6784.61,6784.61,7660.18
2019-01-22,6646.81,6646.81,7660.18
2019-01-23,6658.76,6658.76,7660.18
2019-01-24,6702.55,6702.55,7660.18
2019-01-25,6787.37,6787.37,7660.18
2019-01-28,6697.09,6697.09,7660.18
2019-01-29,6632.79,6632.79,7660.18
2019-01-30,6807.91,6807.91,7660.18
2019-01-31,6906.84,6906.84,7660.18
2019-02-01,6875.52,6875.52,7660.18
2019-02-04,6959.96,6959.96,7660.18
2019-02-05,7023.52,7023.52,7660.18
2019-02-06,6997.62,6997.62,7660.18
2019-02-07,6904.98,6904.98,7660.18
2019-02-08,6913.13,6913.13,7660.18
2019-02-11,6909.18,6909.18,7660.18
2019-02-12,7014.67,7014.67,7660.18
2019-02-13,7015.88,7015.88,7660.18
2019-02-14,7022.42,7022.42,7660.18
2019-02-15,7055.18,7055.18,7660.18
2019-02-19,7066.61,7066.61,7660.18
2019-02-20,7062.34,7062.34,7660.18
2019-02-21,7035.16,7035.16,7660.18
2019-02-22,7090.63,7090.63,7660.18
2019-02-25,7115.43,7115.43,7660.18
2019-02-26,7123.22,7123.22,7660.18
2019-02-27,7117.0,7117.0,7660.18
2019-02-28,7097.53,7097.53,7660.18
2019-03-01,7151.57,7151.57,7660.18
2019-03-04,7150.83,7150.83,7660.18
2019-03-05,7156.79,7156.79,7660.18
2019-03-06,7112.47,7112.47,7660.18
2019-03-07,7026.88,7026.88,7660.18
2019-03-08,7015.69,7015.69,7660.18
2019-03-11,7164.02,7164.02,7660.18
2019-03-12,7201.28,7201.28,7660.18
2019-03-13,7256.98,7256.98,7660.18
2019-03-14,7243.01,7243.01,7660.18
2019-03-15,7306.99,7306.99,7660.18
2019-03-18,7326.28,7326.28,7660.18
2019-03-19,7349.28,7349.28,7660.18
2019-03-20,7380.75,7380.75,7660.18
2019-03-21,7493.27,7493.27,7660.18
2019-03-22,7326.06,7326.06,7660.18
2019-03-25,7316.96,7316.96,7660.18
2019-03-26,7351.15,7351.15,7660.18
2019-03-27,7308.19,7308.19,7660.18
2019-03-28,7320.47,7320.47,7660.18
2019-03-29,7378.77,7378.77,7660.18
2019-04-01,7478.42,7478.42,7660.18
2019-04-02,7499.64,7499.64,7660.18
2019-04-03,7544.97,7544.97,7660.18
2019-04-04,7540.57,7540.57,7660.18
2019-04-05,7578.84,7578.84,7660.18
2019-04-08,7599.74,7599.74,7660.18
2019-04-09,7568.49,7568.49,7660.18
2019-04-10,7611.49,7611.49,7660.18
2019-04-11,7594.89,7594.89,7660.18
2019-04-12,7628.15,7628.15,7660.18
2019-04-15,7629.12,7629.12,7660.18
2019-04-16,7654.73,7654.73,7660.18
2019-04-17,7680.72,7680.72,7680.72
2019-04-18,7689.72,7689.72,7689.72
2019-04-19,7689.715,7689.715,7689.72
2019-04-22,7713.49,7713.49,7713.49
2019-04-23,7810.71,7810.71,7810.71
2019-04-24,7784.41,7784.41,7810.71
2019-04-25,7816.92,7816.92,7816.92
2019-04-26,7826.68,7826.68,7826.68
2019-04-29,7839.04,7839.04,7839.04
2019-04-30,7781.46,7781.46,7839.04
2019-05-01,7751.85,7751.85,7839.04
2019-05-02,7724.06,7724.06,7839.04
2019-05-03,7845.73,7845.73,7845.73
2019-05-06,7794.09,7794.09,7845.73
2019-05-07,7640.15,7640.15,7845.73
2019-05-08,7617.55,7617.55,7845.73
2019-05-09,7582.75,7582.75,7845.73
2019-05-10,7586.53,7586.53,7845.73
2019-05-13,7324.13,7324.13,7845.73
2019-05-14,7401.88,7401.88,7845.73
2019-05-15,7503.25,7503.25,7845.73
2019-05-16,7580.14,7580.14,7845.73
2019-05-17,7503.68,7503.68,7845.73
2019-05-20,7376.7,7376.7,7845.73
2019-05-21,7451.02,7451.02,7845.73
2019-05-22,7420.66,7420.66,7845.73
2019-05-23,7307.93,7307.93,7845.73
2019-05-24,7300.96,7300.96,7845.73
2019-05-28,7278.38,7278.38,7845.73
2019-05-29,7216.86,7216.86,7845.73
2019-05-30,7245.4,7245.4,7845.73
2019-05-31,7127.96,7127.96,7845.73
2019-06-03,6978.02,6978.02,7845.73
2019-06-04,7166.75,7166.75,7845.73
2019-06-05,7220.9,7220.9,7845.73
2019-06-06,7275.93,7275.93,7845.73
2019-06-07,7417.29,7417.29,7845.73
2019-06-10,7501.93,7501.93,7845.73
2019-06-11,7513.85,7513.85,7845.73
2019-06-12,7472.29,7472.29,7845.73
2019-06-13,7510.68,7510.68,7845.73
2019-06-14,7479.11,7479.11,7845.73
2019-06-17,7526.52,7526.52,7845.73
2019-06-18,7635.4,7635.4,7845.73
2019-06-19,7667.74,7667.74,7845.73
2019-06-20,7738.05,7738.05,7845.73
2019-06-21,7728.78,7728.78,7845.73
2019-06-24,7723.02,7723.02,7845.73
2019-06-25,7591.54,7591.54,7845.73
2019-06-26,7627.05,7627.05,7845.73
2019-06-27,7657.05,7657.05,7845.73
2019-06-28,7671.07,7671.07,7845.73
2019-07-01,7768.14,7768.14,7845.73
2019-07-02,7799.82,7799.82,7845.73
2019-07-03,7857.69,7857.69,7857.69
2019-07-05,7841.3,7841.3,7857.69
2019-07-08,7785.79,7785.79,7857.69
2019-07-09,7826.86,7826.86,7857.69
2019-07-10,7903.4,7903.4,7903.4
2019-07-11,7896.78,7896.78,7903.4
2019-07-12,7943.24,7943.24,7943.24
2019-07-15,7966.93,7966.93,7966.93
2019-07-16,7927.08,7927.08,7966.93
2019-07-17,7888.76,7888.76,7966.93
2019-07-18,7904.13,7904.13,7966.93
2019-07-19,7834.9,7834.9,7966.93
2019-07-22,7905.12,7905.12,7966.93
2019-07-23,7954.56,7954.56,7966.93
2019-07-24,8010.6,8010.6,8010.6
2019-07-25,7929.87,7929.87,8010.6
2019-07-26,8016.95,8016.95,8016.95
2019-07-29,7989.08,7989.08,8016.95
2019-07-30,7952.47,7952.47,8016.95
2019-07-31,7848.78,7848.78,8016.95
2019-08-01,7801.15,7801.15,8016.95
2019-08-02,7692.8,7692.8,8016.95
2019-08-05,7415.69,7415.69,8016.95
2019-08-06,7521.32,7521.32,8016.95
2019-08-07,7551.9,7551.9,8016.95
2019-08-08,7724.83,7724.83,8016.95
2019-08-09,7646.27,7646.27,8016.95
2019-08-12,7561.68,7561.68,8016.95
2019-08-13,7728.15,7728.15,8016.95
2019-08-14,7490.13,7490.13,8016.95
2019-08-15,7484.89,7484.89,8016.95
2019-08-16,7604.11,7604.11,8016.95
2019-08-19,7719.32,7719.32,8016.95
2019-08-20,7664.47,7664.47,8016.95
2019-08-21,7733.22,7733.22,8016.95
2019-08-22,7707.43,7707.43,8016.95
2019-08-23,7464.99,7464.99,8016.95
2019-08-26,7575.02,7575.02,8016.95
2019-08-27,7566.03,7566.03,8016.95
2019-08-28,7587.9,7587.9,8016.95
2019-08-29,7702.31,7702.31,8016.95
2019-08-30,7691.0,7691.0,8016.95
2019-09-03,7609.51,7609.51,8016.95
2019-09-04,7719.25,7719.25,8016.95
2019-09-05,7862.54,7862.54,8016.95
2019-09-06,7852.54,7852.54,8016.95
2019-09-09,7832.4,7832.4,8016.95
2019-09-10,7814.74,7814.74,8016.95
2019-09-11,7887.58,7887.58,8016.95
2019-09-12,7917.34,7917.34,8016.95
2019-09-13,7892.95,7892.95,8016.95
2019-09-16,7852.41,7852.41,8016.95
2019-09-17,7888.79,7888.79,8016.95
2019-09-18,7888.56,7888.56,8016.95
2019-09-19,7901.79,7901.79,8016.95
2019-09-20,7823.55,7823.55,8016.95
2019-09-23,7818.61,7818.61,8016.95
2019-09-24,7710.04,7710.04,8016.95
2019-09-25,7803.54,7803.54,8016.95
2019-09-26,7771.99,7771.99,8016.95
2019-09-27,7681.58,7681.58,8016.95
2019-09-30,7749.45,7749.45,8016.95
2019-10-01,7684.14,7684.14,8016.95
2019-10-02,7550.79,7550.79,8016.95
2019-10-03,7638.39,7638.39,8016.95
2019-10-04,7754.1,7754.1,8016.95
2019-10-07,7725.13,7725.13,8016.95
2019-10-08,7604.27,7604.27,8016.95
2019-10-09,7690.53,7690.53,8016.95
2019-10-10,7740.36,7740.36,8016.95
2019-10-11,7843.87,7843.87,8016.95
2019-10-14,7842.33,7842.33,8016.95
2019-10-15,7942.85,7942.85,8016.95
2019-10-16,7920.21,7920.21,8016.95
2019-10-17,7942.14,7942.14,8016.95
2019-10-18,7868.49,7868.49,8016.95
2019-10-21,7940.33,7940.33,8016.95
2019-10-22,7874.62,7874.62,8016.95
2019-10-23,7889.47,7889.47,8016.95
2019-10-24,7966.72,7966.72,8016.95
2019-10-25,8029.22,8029.22,8029.22
2019-10-28,8110.67,8110.67,8110.67
2019-10-29,8047.51,8047.51,8110.67
2019-10-30,8083.11,8083.11,8110.67
2019-10-31,8083.83,8083.83,8110.67
2019-11-01,8161.17,8161.17,8161.17
2019-11-04,8210.66,8210.66,8210.66
2019-11-05,8210.18,8210.18,8210.66
2019-11-06,8196.03,8196.03,8210.66
2019-11-07,8219.65,8219.65,8219.65
2019-11-08,8255.89,8255.89,8255.89
2019-11-11,8241.91,8241.91,8255.89
2019-11-12,8263.79,8263.79,8263.79
2019-11-13,8259.81,8259.81,8263.79
2019-11-14,8257.83,8257.83,8263.79
2019-11-15,8315.52,8315.52,8315.52
2019-11-18,8328.48,8328.48,8328.48
2019-11-19,8338.74,8338.74,8338.74
2019-11-20,8283.75,8283.75,8338.74
2019-11-21,8265.62,8265.62,8338.74
2019-11-22,8272.05,8272.05,8338.74
2019-11-25,8371.93,8371.93,8371.93
2019-11-26,8385.75,8385.75,8385.75
2019-11-27,8444.71,8444.71,8444.71
2019-11-29,8403.68,8403.68,8444.71
2019-12-02,8309.26,8309.26,8444.71
2019-12-03,8254.74,8254.74,8444.71
2019-12-04,8296.53,8296.53,8444.71
2019-12-05,8308.4,8308.4,8444.71
2019-12-06,8397.37,8397.37,8444.71
2019-12-09,8362.74,8362.74,8444.71
2019-12-10,8354.29,8354.29,8444.71
2019-12-11,8402.61,8402.61,8444.71
2019-12-12,8466.89,8466.89,8466.89
2019-12-13,8487.71,8487.71,8487.71
2019-12-16,8570.33,8570.33,8570.33
2019-12-17,8575.7,8575.7,8575.7
2019-12-18,8580.62,8580.62,8580.62
2019-12-19,8641.29,8641.29,8641.29
2019-12-20,8678.49,8678.49,8678.49
2019-12-23,8696.01,8696.01,8696.01
2019-12-24,8699.51,8699.51,8699.51
2019-12-26,8778.31,8778.31,8778.31
2019-12-27,8770.98,8770.98,8778.31
2019-12-30,8709.73,8709.73,8778.31
2019-12-31,8733.07,8733.07,8778.31
2020-01-02,8872.22,8872.22,8872.22
2020-01-03,8793.9,8793.9,8872.22
2020-01-06,8848.52,8848.52,8872.22
2020-01-07,8846.45,8846.45,8872.22
2020-01-08,8912.37,8912.37,8912.37
2020-01-09,8989.63,8989.63,8989.63
2020-01-10,8966.64,8966.64,8989.63
2020-01-13,9070.65,9070.65,9070.65
2020-01-14,9033.42,9033.42,9070.65
2020-01-15,9035.67,9035.67,9070.65
2020-01-16,9125.0,9125.0,9125.0
2020-01-17,9173.73,9173.73,9173.73
2020-01-21,9166.63,9166.63,9173.73
2020-01-22,9188.57,9188.57,9188.57
2020-01-23,9216.98,9216.98,9216.98
2020-01-24,9141.47,9141.47,9216.98
2020-01-27,8952.18,8952.18,9216.98
2020-01-28,9090.93,9090.93,9216.98
2020-01-29,9101.61,9101.61,9216.98
2020-01-30,9136.09,9136.09,9216.98
2020-01-31,8991.51,8991.51,9216.98
2020-02-03,9126.23,9126.23,9216.98
2020-02-04,9334.06,9334.06,9334.06
2020-02-05,9367.48,9367.48,9367.48
2020-02-06,9445.92,9445.92,9445.92
2020-02-07,9401.1,9401.1,9445.92
2020-02-10,9516.84,9516.84,9516.84
2020-02-11,9517.86,9517.86,9517.86
2020-02-12,9613.2,9613.2,9613.2
2020-02-13,9595.7,9595.7,9613.2
2020-02-14,9623.58,9623.58,9623.58
2020-02-18,9629.8,9629.8,9629.8
2020-02-19,9718.73,9718.73,9718.73
2020-02-20,9627.83,9627.83,9718.73
2020-02-21,9446.69,9446.69,9718.73
2020-02-24,9079.63,9079.63,9718.73
2020-02-25,8834.87,8834.87,9718.73
2020-02-26,8873.76,8873.76,9718.73
2020-02-27,8436.67,8436.67,9718.73
2020-02-28,8461.83,8461.83,9718.73
2020-03-02,8877.98,8877.98,9718.73
2020-03-03,8594.49,8594.49,9718.73
2020-03-04,8949.28,8949.28,9718.73
2020-03-05,8671.66,8671.66,9718.73
2020-03-06,8530.34,8530.34,9718.73
2020-03-09,7948.03,7948.03,9718.73
2020-03-10,8372.27,8372.27,9718.73
2020-03-11,8006.12,8006.12,9718.73
2020-03-12,7263.65,7263.65,9718.73
2020-03-13,7995.26,7995.26,9718.73
2020-03-16,7020.38,7020.38,9718.73
2020-03-17,7473.95,7473.95,9718.73
2020-03-18,7175.18,7175.18,9718.73
2020-03-19,7288.52,7288.52,9718.73
2020-03-20,6994.29,6994.29,9718.73
2020-03-23,7006.92,7006.92,9718.73
2020-03-24,7553.82,7553.82,9718.73
2020-03-25,7469.62,7469.62,9718.73
2020-03-26,7897.13,7897.13,9718.73
2020-03-27,7588.37,7588.37,9718.73
2020-03-30,7889.01,7889.01,9718.73
2020-03-31,7813.5,7813.5,9718.73
2020-04-01,7486.29,7486.29,9718.73
2020-04-02,7635.66,7635.66,9718.73
2020-04-03,7528.11,7528.11,9718.73
2020-04-06,8081.66,8081.66,9718.73
2020-04-07,8049.31,8049.31,9718.73
2020-04-08,8229.54,8229.54,9718.73
2020-04-09,8238.53,8238.53,9718.73
2020-04-13,8332.74,8332.74,9718.73
2020-04-14,8692.16,8692.16,9718.73
2020-04-15,8591.96,8591.96,9718.73
2020-04-16,8757.83,8757.83,9718.73
2020-04-17,8832.41,8832.41,9718.73
2020-04-20,8726.51,8726.51,9718.73
2020-04-21,8403.0,8403.0,9718.73
2020-04-22,8664.63,8664.63,9718.73
2020-04-23,8641.5,8641.5,9718.73
2020-04-24,8786.6,8786.6,9718.73
2020-04-27,8837.66,8837.66,9718.73
2020-04-28,8677.6,8677.6,9718.73
2020-04-29,8982.76,8982.76,9718.73
2020-04-30,9000.51,9000.51,9718.73
2020-05-01,8718.18,8718.18,9718.73
2020-05-04,8834.11,8834.11,9718.73
2020-05-05,8930.62,8930.62,9718.73
2020-05-06,8984.86,8984.86,9718.73
2020-05-07,9101.88,9101.88,9718.73
2020-05-08,9220.35,9220.35,9718.73
2020-05-11,9298.92,9298.92,9718.73
2020-05-12,9112.45,9112.45,9718.73
2020-05-13,9000.08,9000.08,9718.73
2020-05-14,9094.43,9094.43,9718.73
2020-05-15,9152.64,9152.64,9718.73
2020-05-18,9331.93,9331.93,9718.73
2020-05-19,9298.54,9298.54,9718.73
2020-05-20,9485.02,9485.02,9718.73
2020-05-21,9377.99,9377.99,9718.73
2020-05-22,9413.99,9413.99,9718.73
2020-05-26,9389.98,9389.98,9718.73
2020-05-27,9442.05,9442.05,9718.73
2020-05-28,9416.71,9416.71,9718.73
2020-05-29,9555.52,9555.52,9718.73
2020-06-01,9598.89,9598.89,9718.73
2020-06-02,9657.31,9657.31,9718.73
2020-06-03,9704.69,9704.69,9718.73
2020-06-04,9629.66,9629.66,9718.73
2020-06-05,9824.39,9824.39,9824.39
2020-06-08,9901.52,9901.52,9901.52
2020-06-09,9967.17,9967.17,9967.17
2020-06-10,10094.26,10094.26,10094.26
2020-06-11,9588.48,9588.48,10094.26
2020-06-12,9663.77,9663.77,10094.26
2020-06-15,9776.89,9776.89,10094.26
2020-06-16,9949.37,9949.37,10094.26
2020-06-17,9982.48,9982.48,10094.26
2020-06-18,10012.05,10012.05,10094.26
2020-06-19,10008.64,10008.64,10094.26
2020-06-22,10130.33,10130.33,10130.33
2020-06-23,10209.82,10209.82,10209.82
2020-06-24,10002.7,10002.7,10209.82
2020-06-25,10101.83,10101.83,10209.82
2020-06-26,9849.36,9849.36,10209.82
2020-06-29,9961.16,9961.16,10209.82
2020-06-30,10156.85,10156.85,10209.82
2020-07-01,10279.25,10279.25,10279.25
2020-07-02,10341.89,10341.89,10341.89
2020-07-06,10604.06,10604.06,10604.06
2020-07-07,10524.01,10524.01,10604.06
2020-07-08,10666.7,10666.7,10666.7
2020-07-09,10754.59,10754.59,10754.59
2020-07-10,10836.33,10836.33,10836.33
2020-07-13,10602.21,10602.21,10836.33
2020-07-14,10689.52,10689.52,10836.33
2020-07-15,10701.68,10701.68,10836.33
2020-07-16,10626.46,10626.46,10836.33
2020-07-17,10645.22,10645.22,10836.33
2020-07-20,10952.08,10952.08,10952.08
2020-07-21,10833.07,10833.07,10952.08
2020-07-22,10870.75,10870.75,10952.08
2020-07-23,10580.59,10580.59,10952.08
2020-07-24,10483.13,10483.13,10952.08
2020-07-27,10674.38,10674.38,10952.08
2020-07-28,10532.5,10532.5,10952.08
2020-07-29,10662.98,10662.98,10952.08
2020-07-30,10715.51,10715.51,10952.08
2020-07-31,10905.88,10905.88,10952.08
2020-08-03,11055.08,11055.08,11055.08
2020-08-04,11096.54,11096.54,11096.54
2020-08-05,11125.44,11125.44,11125.44
2020-08-06,11267.08,11267.08,11267.08
2020-08-07,11139.39,11139.39,11267.08
2020-08-10,11085.17,11085.17,11267.08
2020-08-11,10876.08,10876.08,11267.08
2020-08-12,11157.72,11157.72,11267.08
2020-08-13,11178.37,11178.37,11267.08
2020-08-14,11164.45,11164.45,11267.08
2020-08-17,11288.57,11288.57,11288.57
2020-08-18,11399.03,11399.03,11399.03
2020-08-19,11318.64,11318.64,11399.03
2020-08-20,11477.05,11477.05,11477.05
2020-08-21,11555.16,11555.16,11555.16
2020-08-24,11626.17,11626.17,11626.17
2020-08-25,11721.81,11721.81,11721.81
2020-08-26,11971.94,11971.94,11971.94
2020-08-27,11926.16,11926.16,11971.94
2020-08-28,11995.85,11995.85,11995.85
2020-08-31,12110.7,12110.7,12110.7
2020-09-01,12292.86,12292.86,12292.86
2020-09-02,12420.54,12420.54,12420.54
2020-09-03,11771.37,11771.37,12420.54
2020-09-04,11622.13,11622.13,12420.54
2020-09-08,11068.26,11068.26,12420.54
2020-09-09,11395.85,11395.85,12420.54
2020-09-10,11154.12,11154.12,12420.54
2020-09-11,11087.4,11087.4,12420.54
2020-09-14,11277.76,11277.76,12420.54
2020-09-15,11438.87,11438.87,12420.54
2020-09-16,11247.6,11247.6,12420.54
2020-09-17,11080.95,11080.95,12420.54
2020-09-18,10936.98,10936.98,12420.54
2020-09-21,10980.22,10980.22,12420.54
2020-09-22,11186.37,11186.37,12420.54
2020-09-23,10833.33,10833.33,12420.54
2020-09-24,10896.47,10896.47,12420.54
2020-09-25,11151.13,11151.13,12420.54
2020-09-28,11364.45,11364.45,12420.54
2020-09-29,11322.95,11322.95,12420.54
2020-09-30,11418.06,11418.06,12420.54
2020-10-01,11583.2,11583.2,12420.54
2020-10-02,11255.69,11255.69,12420.54
2020-10-05,11509.06,11509.06,12420.54
2020-10-06,11291.27,11291.27,12420.54
2020-10-07,11503.19,11503.19,12420.54
2020-10-08,11550.94,11550.94,12420.54
2020-10-09,11725.85,11725.85,12420.54
2020-10-12,12088.11,12088.11,12420.54
2020-10-13,12083.17,12083.17,12420.54
2020-10-14,11985.36,11985.36,12420.54
2020-10-15,11898.57,11898.57,12420.54
2020-10-16,11852.17,11852.17,12420.54
2020-10-19,11634.35,11634.35,12420.54
2020-10-20,11677.84,11677.84,12420.54
2020-10-21,11665.37,11665.37,12420.54
2020-10-22,11662.91,11662.91,12420.54
2020-10-23,11692.57,11692.57,12420.54
2020-10-26,11504.52,11504.52,12420.54
2020-10-27,11598.95,11598.95,12420.54
2020-10-28,11142.76,11142.76,12420.54
2020-10-29,11350.74,11350.74,12420.54
2020-10-30,11052.95,11052.95,12420.54
2020-11-02,11084.76,11084.76,12420.54
2020-11-03,11279.91,11279.91,12420.54
2020-11-04,11777.02,11777.02,12420.54
2020-11-05,12078.07,12078.07,12420.54
2020-11-06,12091.35,12091.35,12420.54
2020-11-09,11830.39,11830.39,12420.54
2020-11-10,11624.29,11624.29,12420.54
2020-11-11,11892.93,11892.93,12420.54
2020-11-12,11827.14,11827.14,12420.54
2020-11-13,11937.84,11937.84,12420.54
2020-11-16,12013.38,12013.38,12420.54
2020-11-17,11977.49,11977.49,12420.54
2020-11-18,11894.71,11894.71,12420.54
2020-11-19,11985.43,11985.43,12420.54
2020-11-20,11906.44,11906.44,12420.54
2020-11-23,11905.94,11905.94,12420.54
2020-11-24,12079.81,12079.81,12420.54
2020-11-25,12152.22,12152.22,12420.54
2020-11-27,12258.21,12258.21,12420.54
2020-11-30,12268.32,12268.32,12420.54
2020-12-01,12455.33,12455.33,12455.33
2020-12-02,12456.41,12456.41,12456.41
2020-12-03,12467.13,12467.13,12467.13
2020-12-04,12528.48,12528.48,12528.48
2020-12-07,12596.47,12596.47,12596.47
2020-12-08,12635.72,12635.72,12635.72
2020-12-09,12364.64,12364.64,12635.72
2020-12-10,12401.74,12401.74,12635.72
2020-12-11,12375.41,12375.41,12635.72
2020-12-14,12462.21,12462.21,12635.72
2020-12-15,12595.92,12595.92,12635.72
2020-12-16,12668.16,12668.16,12668.16
2020-12-17,12752.06,12752.06,12752.06
2020-12-18,12738.18,12738.18,12752.06
2020-12-21,12690.26,12690.26,12752.06
2020-12-22,12717.56,12717.56,12752.06
2020-12-23,12653.14,12653.14,12752.06
2020-12-24,12711.01,12711.01,12752.06
2020-12-28,12838.86,12838.86,12838.86
2020-12-29,12843.49,12843.49,12843.49
2020-12-30,12845.36,12845.36,12845.36
2020-12-31,12888.28,12888.28,12888.28
2021-01-04,12694.66,12694.66,12888.28
2021-01-05,12802.38,12802.38,12888.28
2021-01-06,12623.35,12623.35,12888.28
2021-01-07,12939.57,12939.57,12939.57
2021-01-08,13105.2,13105.2,13105.2
2021-01-11,12902.49,12902.49,13105.2
2021-01-12,12892.09,12892.09,13105.2
2021-01-13,12973.63,12973.63,13105.2
2021-01-14,12898.69,12898.69,13105.2
2021-01-15,12803.93,12803.93,13105.2
2021-01-19,12996.54,12996.54,13105.2
2021-01-20,13296.45,13296.45,13296.45
2021-01-21,13404.99,13404.99,13404.99
2021-01-22,13366.4,13366.4,13404.99
2021-01-25,13483.29,13483.29,13483.29
2021-01-26,13490.19,13490.19,13490.19
2021-01-27,13112.65,13112.65,13490.19
2021-01-28,13201.53,13201.53,13490.19
2021-01-29,12925.38,12925.38,13490.19
2021-02-01,13248.9,13248.9,13490.19
2021-02-02,13456.12,13456.12,13490.19
2021-02-03,13402.37,13402.37,13490.19
2021-02-04,13560.89,13560.89,13560.89
2021-02-05,13603.96,13603.96,13603.96
2021-02-08,13695.02,13695.02,13695.02
2021-02-09,13687.08,13687.08,13695.02
2021-02-10,13655.27,13655.27,13695.02
2021-02-11,13734.35,13734.35,13734.35
2021-02-12,13807.7,13807.7,13807.7
2021-02-16,13773.77,13773.77,13807.7
2021-02-17,13699.71,13699.71,13807.7
2021-02-18,13637.51,13637.51,13807.7
2021-02-19,13580.78,13580.78,13807.7
2021-02-22,13223.74,13223.74,13807.7
2021-02-23,13194.71,13194.71,13807.7
2021-02-24,13302.19,13302.19,13807.7
2021-02-25,12828.31,12828.31,13807.7
2021-02-26,12909.44,12909.44,13807.7
2021-03-01,13282.95,13282.95,13807.7
2021-03-02,13059.95,13059.95,13807.7
2021-03-03,12683.33,12683.33,13807.7
2021-03-04,12464.0,12464.0,13807.7
2021-03-05,12668.51,12668.51,13807.7
2021-03-08,12299.08,12299.08,13807.7
2021-03-09,12794.49,12794.49,13807.7
2021-03-10,12752.07,12752.07,13807.7
2021-03-11,13052.9,13052.9,13807.7
2021-03-12,12937.29,12937.29,13807.7
2021-03-15,13082.54,13082.54,13807.7
2021-03-16,13152.28,13152.28,13807.7
2021-03-17,13202.38,13202.38,13807.7
2021-03-18,12789.14,12789.14,13807.7
2021-03-19,12866.99,12866.99,13807.7
2021-03-22,13086.51,13086.51,13807.7
2021-03-23,13017.79,13017.79,13807.7
2021-03-24,12798.88,12798.88,13807.7
2021-03-25,12780.51,12780.51,13807.7
2021-03-26,12979.12,12979.12,13807.7
2021-03-29,12965.74,12965.74,13807.7
2021-03-30,12896.53,12896.53,13807.7
2021-03-31,13091.44,13091.44,13807.7
2021-04-01,13329.51,13329.51,13807.7
2021-04-05,13598.16,13598.16,13807.7
2021-04-06,13578.46,13578.46,13807.7
2021-04-07,13616.7,13616.7,13807.7
2021-04-08,13758.51,13758.51,13807.7
2021-04-09,13845.05,13845.05,13845.05
2021-04-12,13819.35,13819.35,13845.05
2021-04-13,13986.49,13986.49,13986.49
2021-04-14,13803.91,13803.91,13986.49
2021-04-15,14026.19,14026.19,14026.19
2021-04-16,14041.91,14041.91,14041.91
2021-04-19,13907.67,13907.67,14041.91
2021-04-20,13809.3,13809.3,14041.91
2021-04-21,13935.15,13935.15,14041.91
2021-04-22,13762.36,13762.36,14041.91
2021-04-23,13941.44,13941.44,14041.91
2021-04-26,14026.16,14026.16,14041.91
2021-04-27,13960.28,13960.28,14041.91
2021-04-28,13901.62,13901.62,14041.91
2021-04-29,13970.2,13970.2,14041.91
2021-04-30,13860.76,13860.76,14041.91
2021-05-03,13799.72,13799.72,14041.91
2021-05-04,13544.67,13544.67,14041.91
2021-05-05,13503.37,13503.37,14041.91
2021-05-06,13613.73,13613.73,14041.91
2021-05-07,13719.63,13719.63,14041.91
2021-05-10,13359.08,13359.08,14041.91
2021-05-11,13351.27,13351.27,14041.91
2021-05-12,13001.63,13001.63,14041.91
2021-05-13,13109.15,13109.15,14041.91
2021-05-14,13393.12,13393.12,14041.91
2021-05-17,13312.91,13312.91,14041.91
2021-05-18,13217.68,13217.68,14041.91
2021-05-19,13237.91,13237.91,14041.91
2021-05-20,13494.09,13494.09,14041.91
2021-05-21,13411.74,13411.74,14041.91
2021-05-24,13641.75,13641.75,14041.91
2021-05-25,13657.73,13657.73,14041.91
2021-05-26,13702.74,13702.74,14041.91
2021-05-27,13657.85,13657.85,14041.91
2021-05-28,13686.51,13686.51,14041.91
2021-06-01,13654.59,13654.59,14041.91
2021-06-02,13675.79,13675.79,14041.91
2021-06-03,13529.68,13529.68,14041.91
2021-06-04,13770.77,13770.77,14041.91
2021-06-07,13802.89,13802.89,14041.91
2021-06-08,13810.86,13810.86,14041.91
2021-06-09,13814.94,13814.94,14041.91
2021-06-10,13960.35,13960.35,14041.91
2021-06-11,13998.3,13998.3,14041.91
2021-06-14,14128.2,14128.2,14128.2
2021-06-15,14030.41,14030.41,14128.2
2021-06-16,13983.01,13983.01,14128.2
2021-06-17,14163.81,14163.81,14163.81
2021-06-18,14049.58,14049.58,14163.81
2021-06-21,14137.23,14137.23,14163.81
2021-06-22,14270.42,14270.42,14270.42
2021-06-23,14274.24,14274.24,14274.24
2021-06-24,14365.96,14365.96,14365.96
2021-06-25,14345.18,14345.18,14365.96
2021-06-28,14524.98,14524.98,14524.98
2021-06-29,14572.75,14572.75,14572.75
2021-06-30,14554.8,14554.8,14572.75
2021-07-01,14560.05,14560.05,14572.75
2021-07-02,14727.63,14727.63,14727.63
2021-07-06,14786.36,14786.36,14786.36
2021-07-07,14810.54,14810.54,14810.54
2021-07-08,14722.14,14722.14,14810.54
2021-07-09,14826.09,14826.09,14826.09
2021-07-12,14877.89,14877.89,14877.89
2021-07-13,14874.54,14874.54,14877.89
2021-07-14,14900.44,14900.44,14900.44
2021-07-15,14794.69,14794.69,14900.44
2021-07-16,14681.38,14681.38,14900.44
2021-07-19,14549.09,14549.09,14900.44
2021-07-20,14728.21,14728.21,14900.44
2021-07-21,14842.63,14842.63,14900.44
2021-07-22,14940.17,14940.17,14940.17
2021-07-23,15111.79,15111.79,15111.79
2021-07-26,15125.95,15125.95,15125.95
2021-07-27,14956.97,14956.97,15125.95
2021-07-28,15018.1,15018.1,15125.95
2021-07-29,15048.36,15048.36,15125.95
2021-07-30,14959.9,14959.9,15125.95
2021-08-02,14963.62,14963.62,15125.95
2021-08-03,15061.42,15061.42,15125.95
2021-08-04,15083.39,15083.39,15125.95
2021-08-05,15181.64,15181.64,15181.64
2021-08-06,15109.36,15109.36,15181.64
2021-08-09,15133.11,15133.11,15181.64
2021-08-10,15053.58,15053.58,15181.64
2021-08-11,15027.76,15027.76,15181.64
2021-08-12,15088.98,15088.98,15181.64
2021-08-13,15136.68,15136.68,15181.64
2021-08-16,15140.77,15140.77,15181.64
2021-08-17,15002.83,15002.83,15181.64
2021-08-18,14857.92,14857.92,15181.64
2021-08-19,14933.94,14933.94,15181.64
2021-08-20,15092.57,15092.57,15181.64
2021-08-23,15312.82,15312.82,15312.82
2021-08-24,15357.68,15357.68,15357.68
2021-08-25,15368.92,15368.92,15368.92
2021-08-26,15278.52,15278.52,15368.92
2021-08-27,15432.95,15432.95,15432.95
2021-08-30,15605.09,15605.09,15605.09
2021-08-31,15582.51,15582.51,15605.09
2021-09-01,15611.57,15611.57,15611.57
2021-09-02,15604.25,15604.25,15611.57
2021-09-03,15652.86,15652.86,15652.86
2021-09-07,15675.76,15675.76,15675.76
2021-09-08,15620.85,15620.85,15675.76
2021-09-09,15561.05,15561.05,15675.76
2021-09-10,15440.75,15440.75,15675.76
2021-09-13,15434.5,15434.5,15675.76
2021-09-14,15382.9,15382.9,15675.76
2021-09-15,15503.53,15503.53,15675.76
2021-09-16,15515.91,15515.91,15675.76
2021-09-17,15333.47,15333.47,15675.76
2021-09-20,15012.19,15012.19,15675.76
2021-09-21,15027.77,15027.77,15675.76
2021-09-22,15176.51,15176.51,15675.76
2021-09-23,15316.58,15316.58,15675.76
2021-09-24,15329.68,15329.68,15675.76
2021-09-27,15204.82,15204.82,15675.76
2021-09-28,14770.3,14770.3,15675.76
2021-09-29,14752.89,14752.89,15675.76
2021-09-30,14689.62,14689.62,15675.76
2021-10-01,14791.87,14791.87,15675.76
2021-10-04,14472.12,14472.12,15675.76
2021-10-05,14674.15,14674.15,15675.76
2021-10-06,14766.75,14766.75,15675.76
2021-10-07,14897.13,14897.13,15675.76
2021-10-08,14820.75,14820.75,15675.76
2021-10-11,14713.73,14713.73,15675.76
2021-10-12,14662.11,14662.11,15675.76
2021-10-13,14774.6,14774.6,15675.76
2021-10-14,15052.42,15052.42,15675.76
2021-10-15,15146.92,15146.92,15675.76
2021-10-18,15300.89,15300.89,15675.76
2021-10-19,15410.72,15410.72,15675.76
2021-10-20,15388.71,15388.71,15675.76
2021-10-21,15489.59,15489.59,15675.76
2021-10-22,15355.07,15355.07,15675.76
2021-10-25,15514.19,15514.19,15675.76
2021-10-26,15559.49,15559.49,15675.76
2021-10-27,15598.39,15598.39,15675.76
2021-10-28,15778.16,15778.16,15778.16
2021-10-29,15850.47,15850.47,15850.47
2021-11-01,15905.28,15905.28,15905.28
2021-11-02,15972.49,15972.49,15972.49
2021-11-03,16144.5,16144.5,16144.5
2021-11-04,16346.24,16346.24,16346.24
2021-11-05,16359.38,16359.38,16359.38
2021-11-08,16336.03,16336.03,16359.38
2021-11-09,16219.94,16219.94,16359.38
2021-11-10,15985.57,15985.57,16359.38
2021-11-11,16032.47,16032.47,16359.38
2021-11-12,16199.89,16199.89,16359.38
2021-11-15,16189.12,16189.12,16359.38
2021-11-16,16309.77,16309.77,16359.38
2021-11-17,16308.07,16308.07,16359.38
2021-11-18,16482.97,16482.97,16482.97
2021-11-19,16573.34,16573.34,16573.34
2021-11-22,16380.98,16380.98,16573.34
2021-11-23,16306.72,16306.72,16573.34
2021-11-24,16367.81,16367.81,16573.34
2021-11-26,16025.58,16025.58,16573.34
2021-11-29,16399.24,16399.24,16573.34
2021-11-30,16135.92,16135.92,16573.34
2021-12-01,15877.72,15877.72,16573.34
2021-12-02,15990.76,15990.76,16573.34
2021-12-03,15712.04,15712.04,16573.34
2021-12-06,15846.16,15846.16,16573.34
2021-12-07,16325.66,16325.66,16573.34
2021-12-08,16394.34,16394.34,16573.34
2021-12-09,16149.57,16149.57,16573.34
2021-12-10,16331.98,16331.98,16573.34
2021-12-13,16082.55,16082.55,16573.34
2021-12-14,15914.9,15914.9,16573.34
2021-12-15,16289.59,16289.59,16573.34
2021-12-16,15863.94,15863.94,16573.34
2021-12-17,15801.46,15801.46,16573.34
2021-12-20,15627.64,15627.64,16573.34
2021-12-21,15986.28,15986.28,16573.34
2021-12-22,16180.14,16180.14,16573.34
2021-12-23,16308.21,16308.21,16573.34
2021-12-27,16567.5,16567.5,16573.34
2021-12-28,16488.66,16488.66,16573.34
2021-12-29,16491.01,16491.01,16573.34
2021-12-30,16429.1,16429.1,16573.34
2021-12-31,16320.08,16320.08,16573.34
2022-01-03,16501.77,16501.77,16573.34
2022-01-04,16279.73,16279.73,16573.34
2022-01-05,15771.78,15771.78,16573.34
2022-01-06,15765.36,15765.36,16573.34
2022-01-07,15592.19,15592.19,16573.34
2022-01-10,15614.43,15614.43,16573.34
2022-01-11,15844.12,15844.12,16573.34
2022-01-12,15905.1,15905.1,16573.34
2022-01-13,15495.62,15495.62,16573.34
2022-01-14,15611.59,15611.59,16573.34
2022-01-18,15210.76,15210.76,16573.34
2022-01-19,15047.84,15047.84,16573.34
2022-01-20,14846.46,14846.46,16573.34
2022-01-21,14438.4,14438.4,16573.34
2022-01-24,14509.58,14509.58,16573.34
2022-01-25,14149.12,14149.12,16573.34
2022-01-26,14172.76,14172.76,16573.34
2022-01-27,14003.11,14003.11,16573.34
2022-01-28,14454.61,14454.61,16573.34
2022-01-31,14930.05,14930.05,16573.34
2022-02-01,15019.68,15019.68,16573.34
2022-02-02,15139.74,15139.74,16573.34
2022-02-03,14501.11,14501.11,16573.34
2022-02-04,14694.35,14694.35,16573.34
2022-02-07,14571.25,14571.25,16573.34
2022-02-08,14747.03,14747.03,16573.34
2022-02-09,15056.96,15056.96,16573.34
2022-02-10,14705.64,14705.64,16573.34
2022-02-11,14253.84,14253.84,16573.34
2022-02-14,14268.59,14268.59,16573.34
2022-02-15,14620.82,14620.82,16573.34
2022-02-16,14603.64,14603.64,16573.34
2022-02-17,14171.74,14171.74,16573.34
2022-02-18,14009.54,14009.54,16573.34
2022-02-22,13870.53,13870.53,16573.34
2022-02-23,13509.43,13509.43,16573.34
2022-02-24,13974.67,13974.67,16573.34
2022-02-25,14189.16,14189.16,16573.34
2022-02-28,14237.81,14237.81,16573.34
2022-03-01,14005.99,14005.99,16573.34
2022-03-02,14243.69,14243.69,16573.34
2022-03-03,14035.21,14035.21,16573.34
2022-03-04,13837.83,13837.83,16573.34
2022-03-07,13319.38,13319.38,16573.34
2022-03-08,13267.6,13267.6,16573.34
2022-03-09,13742.2,13742.2,16573.34
2022-03-10,13591.0,13591.0,16573.34
2022-03-11,13301.83,13301.83,16573.34
2022-03-14,13046.64,13046.64,16573.34
2022-03-15,13458.56,13458.56,16573.34
2022-03-16,13956.79,13956.79,16573.34
2022-03-17,14118.6,14118.6,16573.34
2022-03-18,14420.08,14420.08,16573.34
2022-03-21,14376.09,14376.09,16573.34
2022-03-22,14654.33,14654.33,16573.34
2022-03-23,14447.55,14447.55,16573.34
2022-03-24,14765.69,14765.69,16573.34
2022-03-25,14754.31,14754.31,16573.34
2022-03-28,14987.4,14987.4,16573.34
2022-03-29,15239.32,15239.32,16573.34
2022-03-30,15071.55,15071.55,16573.34
2022-03-31,14838.49,14838.49,16573.34
2022-04-01,14861.21,14861.21,16573.34
2022-04-04,15159.58,15159.58,16573.34
2022-04-05,14820.64,14820.64,16573.34
2022-04-06,14498.88,14498.88,16573.34
2022-04-07,14531.81,14531.81,16573.34
2022-04-08,14327.26,14327.26,16573.34
2022-04-11,13990.21,13990.21,16573.34
2022-04-12,13940.24,13940.24,16573.34
2022-04-13,14217.29,14217.29,16573.34
2022-04-14,13893.21,13893.21,16573.34
2022-04-18,13910.76,13910.76,16573.34
2022-04-19,14210.26,14210.26,16573.34
2022-04-20,13998.53,13998.53,16573.34
2022-04-21,13720.45,13720.45,16573.34
2022-04-22,13356.87,13356.87,16573.34
2022-04-25,13533.22,13533.22,16573.34
2022-04-26,13009.71,13009.71,16573.34
2022-04-27,13003.36,13003.36,16573.34
2022-04-28,13456.06,13456.06,16573.34
2022-04-29,12854.8,12854.8,16573.34
2022-05-02,13075.85,13075.85,16573.34
2022-05-03,13089.9,13089.9,16573.34
2022-05-04,13535.71,13535.71,16573.34
2022-05-05,12850.55,12850.55,16573.34
2022-05-06,12693.53,12693.53,16573.34
2022-05-09,12187.72,12187.72,16573.34
2022-05-10,12345.86,12345.86,16573.34
2022-05-11,11967.56,11967.56,16573.34
2022-05-12,11945.5,11945.5,16573.34
2022-05-13,12387.4,12387.4,16573.34
2022-05-16,12243.58,12243.58,16573.34
2022-05-17,12564.1,12564.1,16573.34
2022-05-18,11928.31,11928.31,16573.34
2022-05-19,11875.63,11875.63,16573.34
2022-05-20,11835.62,11835.62,16573.34
2022-05-23,12034.28,12034.28,16573.34
2022-05-24,11769.84,11769.84,16573.34
2022-05-25,11943.93,11943.93,16573.34
2022-05-26,12276.79,12276.79,16573.34
2022-05-27,12681.42,12681.42,16573.34
2022-05-31,12642.1,12642.1,16573.34
2022-06-01,12548.36,12548.36,16573.34
2022-06-02,12892.89,12892.89,16573.34
2022-06-03,12548.03,12548.03,16573.34
2022-06-06,12599.63,12599.63,16573.34
2022-06-07,12711.68,12711.68,16573.34
2022-06-08,12615.13,12615.13,16573.34
2022-06-09,12269.78,12269.78,16573.34
2022-06-10,11832.82,11832.82,16573.34
2022-06-13,11288.32,11288.32,16573.34
2022-06-14,11311.69,11311.69,16573.34
2022-06-15,11593.77,11593.77,16573.34
2022-06-16,11127.57,11127.57,16573.34
2022-06-17,11265.99,11265.99,16573.34
2022-06-21,11546.76,11546.76,16573.34
2022-06-22,11527.71,11527.71,16573.34
2022-06-23,11697.68,11697.68,16573.34
2022-06-24,12105.85,12105.85,16573.34
2022-06-27,12008.24,12008.24,16573.34
2022-06-28,11637.77,11637.77,16573.34
2022-06-29,11658.26,11658.26,16573.34
2022-06-30,11503.72,11503.72,16573.34
2022-07-01,11585.68,11585.68,16573.34
2022-07-05,11779.9,11779.9,16573.34
2022-07-06,11852.59,11852.59,16573.34
2022-07-07,12109.05,12109.05,16573.34
2022-07-08,12125.69,12125.69,16573.34
2022-07-11,11860.28,11860.28,16573.34
2022-07-12,11744.99,11744.99,16573.34
2022-07-13,11728.53,11728.53,16573.34
2022-07-14,11768.4,11768.4,16573.34
2022-07-15,11983.62,11983.62,16573.34
2022-07-18,11877.5,11877.5,16573.34
2022-07-19,12249.42,12249.42,16573.34
2022-07-20,12439.68,12439.68,16573.34
2022-07-21,12619.41,12619.41,16573.34
2022-07-22,12396.47,12396.47,16573.34
2022-07-25,12328.41,12328.41,16573.34
2022-07-26,12086.9,12086.9,16573.34
2022-07-27,12601.47,12601.47,16573.34
2022-07-28,12717.87,12717.87,16573.34
2022-07-29,12947.97,12947.97,16573.34
2022-08-01,12940.78,12940.78,16573.34
2022-08-02,12901.6,12901.6,16573.34
2022-08-03,13253.26,13253.26,16573.34
2022-08-04,13311.04,13311.04,16573.34
2022-08-05,13207.69,13207.69,16573.34
2022-08-08,13159.16,13159.16,16573.34
2022-08-09,13008.17,13008.17,16573.34
2022-08-10,13378.32,13378.32,16573.34
2022-08-11,13291.99,13291.99,16573.34
2022-08-12,13565.87,13565.87,16573.34
2022-08-15,13667.18,13667.18,16573.34
2022-08-16,13635.21,13635.21,16573.34
2022-08-17,13470.86,13470.86,16573.34
2022-08-18,13505.99,13505.99,16573.34
2022-08-19,13242.9,13242.9,16573.34
2022-08-22,12890.54,12890.54,16573.34
2022-08-23,12881.79,12881.79,16573.34
2022-08-24,12917.86,12917.86,16573.34
2022-08-25,13143.58,13143.58,16573.34
2022-08-26,12605.17,12605.17,16573.34
2022-08-29,12484.32,12484.32,16573.34
2022-08-30,12342.7,12342.7,16573.34
2022-08-31,12272.03,12272.03,16573.34
2022-09-01,12274.62,12274.62,16573.34
2022-09-02,12098.44,12098.44,16573.34
2022-09-06,12011.31,12011.31,16573.34
2022-09-07,12259.39,12259.39,16573.34
2022-09-08,12321.19,12321.19,16573.34
2022-09-09,12588.29,12588.29,16573.34
2022-09-12,12739.72,12739.72,16573.34
2022-09-13,12033.62,12033.62,16573.34
2022-09-14,12134.4,12134.4,16573.34
2022-09-15,11927.49,11927.49,16573.34
2022-09-16,11861.38,11861.38,16573.34
2022-09-19,11953.27,11953.27,16573.34
2022-09-20,11851.54,11851.54,16573.34
2022-09-21,11637.79,11637.79,16573.34
2022-09-22,11501.65,11501.65,16573.34
2022-09-23,11311.24,11311.24,16573.34
2022-09-26,11254.11,11254.11,16573.34
2022-09-27,11271.75,11271.75,16573.34
2022-09-28,11493.83,11493.83,16573.34
2022-09-29,11164.78,11164.78,16573.34
2022-09-30,10971.22,10971.22,16573.34
2022-10-03,11229.73,11229.73,16573.34
2022-10-04,11582.54,11582.54,16573.34
2022-10-05,11573.18,11573.18,16573.34
2022-10-06,11485.5,11485.5,16573.34
2022-10-07,11039.47,11039.47,16573.34
2022-10-10,10926.97,10926.97,16573.34
2022-10-11,10791.35,10791.35,16573.34
2022-10-12,10785.62,10785.62,16573.34
2022-10-13,11033.58,11033.58,16573.34
2022-10-14,10692.06,10692.06,16573.34
2022-10-17,11062.53,11062.53,16573.34
2022-10-18,11147.74,11147.74,16573.34
2022-10-19,11103.38,11103.38,16573.34
2022-10-20,11046.71,11046.71,16573.34
2022-10-21,11310.33,11310.33,16573.34
2022-10-24,11430.26,11430.26,16573.34
2022-10-25,11669.99,11669.99,16573.34
2022-10-26,11405.9,11405.9,16573.34
2022-10-27,11191.63,11191.63,16573.34
2022-10-28,11546.21,11546.21,16573.34
2022-10-31,11405.57,11405.57,16573.34
2022-11-01,11288.95,11288.95,16573.34
2022-11-02,10906.34,10906.34,16573.34
2022-11-03,10690.6,10690.6,16573.34
2022-11-04,10857.03,10857.03,16573.34
2022-11-07,10977.0,10977.0,16573.34
2022-11-08,11059.5,11059.5,16573.34
2022-11-09,10797.55,10797.55,16573.34
2022-11-10,11605.96,11605.96,16573.34
2022-11-11,11817.01,11817.01,16573.34
2022-11-14,11700.94,11700.94,16573.34
2022-11-15,11871.15,11871.15,16573.34
2022-11-16,11699.09,11699.09,16573.34
2022-11-17,11676.86,11676.86,16573.34
2022-11-18,11677.02,11677.02,16573.34
2022-11-21,11553.45,11553.45,16573.34
2022-11-22,11724.84,11724.84,16573.34
2022-11-23,11838.72,11838.72,16573.34
2022-11-25,11756.03,11756.03,16573.34
2022-11-28,11587.75,11587.75,16573.34
2022-11-29,11503.45,11503.45,16573.34
2022-11-30,12030.06,12030.06,16573.34
2022-12-01,12041.89,12041.89,16573.34
2022-12-02,11994.26,11994.26,16573.34
2022-12-05,11786.8,11786.8,16573.34
2022-12-06,11549.69,11549.69,16573.34
2022-12-07,11497.39,11497.39,16573.34
2022-12-08,11637.5,11637.5,16573.34
2022-12-09,11563.33,11563.33,16573.34
2022-12-12,11706.44,11706.44,16573.34
2022-12-13,11834.21,11834.21,16573.34
2022-12-14,11740.92,11740.92,16573.34
2022-12-15,11345.22,11345.22,16573.34
2022-12-16,11243.72,11243.72,16573.34
2022-12-19,11084.59,11084.59,16573.34
2022-12-20,11072.42,11072.42,16573.34
2022-12-21,11235.88,11235.88,16573.34
2022-12-22,10956.14,10956.14,16573.34
2022-12-23,10985.45,10985.45,16573.34
2022-12-27,10822.51,10822.51,16573.34
2022-12-28,10679.34,10679.34,16573.34
2022-12-29,10951.05,10951.05,16573.34
2022-12-30,10939.76,10939.76,16573.34
2023-01-03,10862.64,10862.64,16573.34
2023-01-04,10914.8,10914.8,16573.34
2023-01-05,10741.22,10741.22,16573.34
2023-01-06,11040.35,11040.35,16573.34
2023-01-09,11108.45,11108.45,16573.34
2023-01-10,11205.78,11205.78,16573.34
2023-01-11,11402.52,11402.52,16573.34
2023-01-12,11459.61,11459.61,16573.34
2023-01-13,11541.48,11541.48,16573.34
2023-01-17,11557.19,11557.19,16573.34
2023-01-18,11410.29,11410.29,16573.34
2023-01-19,11295.67,11295.67,16573.34
2023-01-20,11619.03,11619.03,16573.34
2023-01-23,11872.54,11872.54,16573.34
2023-01-24,11846.64,11846.64,16573.34
2023-01-25,11814.69,11814.69,16573.34
2023-01-26,12051.48,12051.48,16573.34
2023-01-27,12166.6,12166.6,16573.34
2023-01-30,11912.39,11912.39,16573.34
2023-01-31,12101.93,12101.93,16573.34
2023-02-01,12363.1,12363.1,16573.34
2023-02-02,12803.14,12803.14,16573.34
2023-02-03,12573.36,12573.36,16573.34
2023-02-06,12464.51,12464.51,16573.34
2023-02-07,12728.27,12728.27,16573.34
2023-02-08,12495.38,12495.38,16573.34
2023-02-09,12381.17,12381.17,16573.34
2023-02-10,12304.92,12304.92,16573.34
2023-02-13,12502.31,12502.31,16573.34
2023-02-14,12590.89,12590.89,16573.34
2023-02-15,12687.89,12687.89,16573.34
2023-02-16,12442.48,12442.48,16573.34
2023-02-17,12358.18,12358.18,16573.34
2023-02-21,12060.3,12060.3,16573.34
2023-02-22,12066.27,12066.27,16573.34
2023-02-23,12180.14,12180.14,16573.34
2023-02-24,11969.65,11969.65,16573.34
2023-02-27,12057.79,12057.79,16573.34
2023-02-28,12042.12,12042.12,16573.34
2023-03-01,11938.57,11938.57,16573.34
2023-03-02,12044.87,12044.87,16573.34
2023-03-03,12290.81,12290.81,16573.34
2023-03-06,12302.48,12302.48,16573.34
2023-03-07,12152.17,12152.17,16573.34
2023-03-08,12215.33,12215.33,16573.34
2023-03-09,11995.88,11995.88,16573.34
2023-03-10,11830.28,11830.28,16573.34
2023-03-13,11923.17,11923.17,16573.34
2023-03-14,12199.79,12199.79,16573.34
2023-03-15,12251.32,12251.32,16573.34
2023-03-16,12581.39,12581.39,16573.34
2023-03-17,12519.88,12519.88,16573.34
2023-03-20,12562.61,12562.61,16573.34
2023-03-21,12741.44,12741.44,16573.34
2023-03-22,12567.15,12567.15,16573.34
2023-03-23,12729.23,12729.23,16573.34
2023-03-24,12767.05,12767.05,16573.34
2023-03-27,12673.07,12673.07,16573.34
2023-03-28,12610.57,12610.57,16573.34
2023-03-29,12846.03,12846.03,16573.34
2023-03-30,12963.14,12963.14,16573.34
2023-03-31,13181.35,13181.35,16573.34
2023-04-03,13148.35,13148.35,16573.34
2023-04-04,13100.07,13100.07,16573.34
2023-04-05,12967.2,12967.2,16573.34
2023-04-06,13062.6,13062.6,16573.34
2023-04-10,13051.23,13051.23,16573.34
2023-04-11,12964.15,12964.15,16573.34
2023-04-12,12848.35,12848.35,16573.34
2023-04-13,13109.39,13109.39,16573.34
2023-04-14,13079.52,13079.52,16573.34
2023-04-17,13087.71,13087.71,16573.34
2023-04-18,13091.79,13091.79,16573.34
2023-04-19,13088.71,13088.71,16573.34
2023-04-20,12985.98,12985.98,16573.34
2023-04-21,13000.77,13000.77,16573.34
2023-04-24,12969.76,12969.76,16573.34
2023-04-25,12725.11,12725.11,16573.34
2023-04-26,12806.48,12806.48,16573.34
2023-04-27,13160.03,13160.03,16573.34
2023-04-28,13245.99,13245.99,16573.34
2023-05-01,13231.47,13231.47,16573.34
2023-05-02,13113.66,13113.66,16573.34
2023-05-03,13030.21,13030.21,16573.34
2023-05-04,12982.48,12982.48,16573.34
2023-05-05,13259.13,13259.13,16573.34
2023-05-08,13291.64,13291.64,16573.34
2023-05-09,13201.11,13201.11,16573.34
2023-05-10,13347.83,13347.83,16573.34
2023-05-11,13389.78,13389.78,16573.34
2023-05-12,13340.18,13340.18,16573.34
2023-05-15,13413.51,13413.51,16573.34
2023-05-16,13426.01,13426.01,16573.34
2023-05-17,13589.26,13589.26,16573.34
2023-05-18,13834.62,13834.62,16573.34
2023-05-19,13803.49,13803.49,16573.34
2023-05-22,13849.74,13849.74,16573.34
2023-05-23,13672.54,13672.54,16573.34
2023-05-24,13604.48,13604.48,16573.34
2023-05-25,13938.53,13938.53,16573.34
2023-05-26,14298.41,14298.41,16573.34
2023-05-30,14354.99,14354.99,16573.34
2023-05-31,14254.09,14254.09,16573.34
2023-06-01,14441.51,14441.51,16573.34
2023-06-02,14546.64,14546.64,16573.34
2023-06-05,14556.5,14556.5,16573.34
2023-06-06,14558.09,14558.09,16573.34
2023-06-07,14303.29,14303.29,16573.34
2023-06-08,14484.54,14484.54,16573.34
2023-06-09,14528.36,14528.36,16573.34
2023-06-12,14784.3,14784.3,16573.34
2023-06-13,14900.85,14900.85,16573.34
2023-06-14,15005.69,15005.69,16573.34
2023-06-15,15185.48,15185.48,16573.34
2023-06-16,15083.92,15083.92,16573.34
2023-06-20,15070.15,15070.15,16573.34
2023-06-21,14867.45,14867.45,16573.34
2023-06-22,15042.32,15042.32,16573.34
2023-06-23,14891.48,14891.48,16573.34
2023-06-26,14689.02,14689.02,16573.34
2023-06-27,14945.91,14945.91,16573.34
2023-06-28,14964.57,14964.57,16573.34
2023-06-29,14939.95,14939.95,16573.34
2023-06-30,15179.21,15179.21,16573.34
2023-07-03,15208.69,15208.69,16573.34
2023-07-05,15203.78,15203.78,16573.34
2023-07-06,15089.45,15089.45,16573.34
2023-07-07,15036.85,15036.85,16573.34
2023-07-10,15045.64,15045.64,16573.34
2023-07-11,15119.06,15119.06,16573.34
2023-07-12,15307.23,15307.23,16573.34
2023-07-13,15571.98,15571.98,16573.34
2023-07-14,15565.6,15565.6,16573.34
2023-07-17,15713.28,15713.28,16573.34
2023-07-18,15841.35,15841.35,16573.34
2023-07-19,15826.35,15826.35,16573.34
2023-07-20,15466.09,15466.09,16573.34
2023-07-21,15425.67,15425.67,16573.34
2023-07-24,15448.02,15448.02,16573.34
2023-07-25,15561.42,15561.42,16573.34
2023-07-26,15499.26,15499.26,16573.34
2023-07-27,15464.93,15464.93,16573.34
2023-07-28,15750.93,15750.93,16573.34
2023-07-31,15757.0,15757.0,16573.34
2023-08-01,15718.01,15718.01,16573.34
2023-08-02,15370.74,15370.74,16573.34
2023-08-03,15353.54,15353.54,16573.34
2023-08-04,15274.92,15274.92,16573.34
2023-08-07,15407.85,15407.85,16573.34
2023-08-08,15273.05,15273.05,16573.34
2023-08-09,15101.71,15101.71,16573.34
2023-08-10,15128.84,15128.84,16573.34
2023-08-11,15028.07,15028.07,16573.34
2023-08-14,15205.59,15205.59,16573.34
2023-08-15,15037.65,15037.65,16573.34
2023-08-16,14876.47,14876.47,16573.34
2023-08-17,14715.81,14715.81,16573.34
2023-08-18,14694.84,14694.84,16573.34
2023-08-21,14936.69,14936.69,16573.34
2023-08-22,14908.96,14908.96,16573.34
2023-08-23,15148.06,15148.06,16573.34
2023-08-24,14816.44,14816.44,16573.34
2023-08-25,14941.83,14941.83,16573.34
2023-08-28,15052.46,15052.46,16573.34
2023-08-29,15376.55,15376.55,16573.34
2023-08-30,15462.43,15462.43,16573.34
2023-08-31,15501.07,15501.07,16573.34
2023-09-01,15490.86,15490.86,16573.34
2023-09-05,15508.24,15508.24,16573.34
2023-09-06,15371.44,15371.44,16573.34
2023-09-07,15258.52,15258.52,16573.34
2023-09-08,15280.23,15280.23,16573.34
2023-09-11,15461.87,15461.87,16573.34
2023-09-12,15289.74,15289.74,16573.34
2023-09-13,15348.53,15348.53,16573.34
2023-09-14,15473.89,15473.89,16573.34
2023-09-15,15202.4,15202.4,16573.34
2023-09-18,15225.37,15225.37,16573.34
2023-09-19,15191.23,15191.23,16573.34
2023-09-20,14969.92,14969.92,16573.34
2023-09-21,14694.24,14694.24,16573.34
2023-09-22,14701.1,14701.1,16573.34
2023-09-25,14768.9,14768.9,16573.34
2023-09-26,14545.83,14545.83,16573.34
2023-09-27,14580.16,14580.16,16573.34
2023-09-28,14702.77,14702.77,16573.34
2023-09-29,14715.24,14715.24,16573.34
2023-10-02,14837.57,14837.57,16573.34
2023-10-03,14565.62,14565.62,16573.34
2023-10-04,14776.25,14776.25,16573.34
2023-10-05,14723.22,14723.22,16573.34
2023-10-06,14973.24,14973.24,16573.34
2023-10-09,15047.15,15047.15,16573.34
2023-10-10,15131.52,15131.52,16573.34
2023-10-11,15241.12,15241.12,16573.34
2023-10-12,15184.1,15184.1,16573.34
2023-10-13,14995.12,14995.12,16573.34
2023-10-16,15172.73,15172.73,16573.34
2023-10-17,15122.01,15122.01,16573.34
2023-10-18,14909.26,14909.26,16573.34
2023-10-19,14783.13,14783.13,16573.34
2023-10-20,14560.88,14560.88,16573.34
2023-10-23,14604.85,14604.85,16573.34
2023-10-24,14745.85,14745.85,16573.34
2023-10-25,14381.64,14381.64,16573.34
2023-10-26,14109.57,14109.57,16573.34
2023-10-27,14180.42,14180.42,16573.34
2023-10-30,14335.51,14335.51,16573.34
2023-10-31,14409.78,14409.78,16573.34
2023-11-01,14664.91,14664.91,16573.34
2023-11-02,14919.55,14919.55,16573.34
2023-11-03,15099.49,15099.49,16573.34
2023-11-06,15154.93,15154.93,16573.34
2023-11-07,15296.02,15296.02,16573.34
2023-11-08,15313.24,15313.24,16573.34
2023-11-09,15187.9,15187.9,16573.34
2023-11-10,15529.12,15529.12,16573.34
2023-11-13,15482.79,15482.79,16573.34
2023-11-14,15812.47,15812.47,16573.34
2023-11-15,15817.18,15817.18,16573.34
2023-11-16,15833.17,15833.17,16573.34
2023-11-17,15837.99,15837.99,16573.34
2023-11-20,16027.06,16027.06,16573.34
2023-11-21,15933.62,15933.62,16573.34
2023-11-22,16001.39,16001.39,16573.34
2023-11-24,15982.01,15982.01,16573.34
2023-11-27,15961.98,15961.98,16573.34
2023-11-28,16010.43,16010.43,16573.34
2023-11-29,15987.6,15987.6,16573.34
2023-11-30,15947.87,15947.87,16573.34
2023-12-01,15997.58,15997.58,16573.34
2023-12-04,15839.67,15839.67,16573.34
2023-12-05,15877.71,15877.71,16573.34
2023-12-06,15788.05,15788.05,16573.34
2023-12-07,16022.49,16022.49,16573.34
2023-12-08,16084.69,16084.69,16573.34
2023-12-11,16221.73,16221.73,16573.34
2023-12-12,16354.25,16354.25,16573.34
2023-12-13,16562.37,16562.37,16573.34
2023-12-14,16537.83,16537.83,16573.34
2023-12-15,16623.45,16623.45,16623.45
2023-12-18,16729.8,16729.8,16729.8
2023-12-19,16811.85,16811.85,16811.85
2023-12-20,16554.16,16554.16,16811.85
2023-12-21,16757.41,16757.41,16811.85
2023-12-22,16777.4,16777.4,16811.85
2023-12-26,16878.46,16878.46,16878.46
2023-12-27,16906.8,16906.8,16906.8
2023-12-28,16898.47,16898.47,16906.8
2023-12-29,16825.93,16825.93,16906.8
2024-01-02,16543.94,16543.94,16906.8
2024-01-03,16368.49,16368.49,16906.8
2024-01-04,16282.01,16282.01,16906.8
2024-01-05,16305.98,16305.98,16906.8
2024-01-08,16649.87,16649.87,16906.8
2024-01-09,16678.7,16678.7,16906.8
2024-01-10,16793.05,16793.05,16906.8
2024-01-11,16820.9,16820.9,16906.8
2024-01-12,16832.92,16832.92,16906.8
2024-01-16,16830.71,16830.71,16906.8
2024-01-17,16736.28,16736.28,16906.8
2024-01-18,16982.29,16982.29,16982.29
2024-01-19,17314.0,17314.0,17314.0
2024-01-22,17330.38,17330.38,17330.38
2024-01-23,17404.21,17404.21,17404.21
2024-01-24,17499.3,17499.3,17499.3
2024-01-25,17516.99,17516.99,17516.99
2024-01-26,17421.01,17421.01,17516.99
2024-01-29,17596.27,17596.27,17596.27
2024-01-30,17476.71,17476.71,17596.27
2024-01-31,17137.24,17137.24,17596.27
2024-02-01,17344.71,17344.71,17596.27
2024-02-02,17642.73,17642.73,17642.73
2024-02-05,17613.04,17613.04,17642.73
2024-02-06,17572.73,17572.73,17642.73
2024-02-07,17755.07,17755.07,17755.07
2024-02-08,17783.17,17783.17,17783.17
2024-02-09,17962.41,17962.41,17962.41
2024-02-12,17882.66,17882.66,17962.41
2024-02-13,17600.42,17600.42,17962.41
2024-02-14,17807.63,17807.63,17962.41
2024-02-15,17845.72,17845.72,17962.41
2024-02-16,17685.98,17685.98,17962.41
2024-02-20,17546.1,17546.1,17962.41
2024-02-21,17478.91,17478.91,17962.41
2024-02-22,18004.7,18004.7,18004.7
2024-02-23,17937.61,17937.61,18004.7
2024-02-26,17933.33,17933.33,18004.7
2024-02-27,17971.05,17971.05,18004.7
2024-02-28,17874.5,17874.5,18004.7
2024-02-29,18043.85,18043.85,18043.85
2024-03-01,18302.91,18302.91,18302.91
2024-03-04,18226.48,18226.48,18302.91
2024-03-05,17897.87,17897.87,18302.91
2024-03-06,18017.57,18017.57,18302.91
2024-03-07,18297.99,18297.99,18302.91
2024-03-08,18018.45,18018.45,18302.91
2024-03-11,17951.69,17951.69,18302.91
2024-03-12,18219.11,18219.11,18302.91
2024-03-13,18068.47,18068.47,18302.91
2024-03-14,18014.81,18014.81,18302.91
2024-03-15,17808.25,17808.25,18302.91
2024-03-18,17985.01,17985.01,18302.91
2024-03-19,18032.2,18032.2,18302.91
2024-03-20,18240.11,18240.11,18302.91
2024-03-21,18320.38,18320.38,18320.38
2024-03-22,18339.44,18339.44,18339.44
2024-03-25,18277.06,18277.06,18339.44
2024-03-26,18210.54,18210.54,18339.44
2024-03-27,18280.84,18280.84,18339.44
2024-03-28,18254.69,18254.69,18339.44
2024-04-01,18293.2,18293.2,18339.44
2024-04-02,18121.78,18121.78,18339.44
2024-04-03,18160.19,18160.19,18339.44
2024-04-04,17878.78,17878.78,18339.44
2024-04-05,18108.46,18108.46,18339.44
2024-04-08,18100.19,18100.19,18339.44
2024-04-09,18169.9,18169.9,18339.44
2024-04-10,18011.65,18011.65,18339.44
2024-04-11,18307.98,18307.98,18339.44
2024-04-12,18003.49,18003.49,18339.44
2024-04-15,17706.83,17706.83,18339.44
2024-04-16,17713.66,17713.66,18339.44
2024-04-17,17493.62,17493.62,18339.44
2024-04-18,17394.31,17394.31,18339.44
2024-04-19,17037.65,17037.65,18339.44
2024-04-22,17210.89,17210.89,18339.44
2024-04-23,17471.47,17471.47,18339.44
2024-04-24,17526.8,17526.8,18339.44
2024-04-25,17430.5,17430.5,18339.44
2024-04-26,17718.3,17718.3,18339.44
2024-04-29,17782.72,17782.72,18339.44
2024-04-30,17440.69,17440.69,18339.44
2024-05-01,17318.55,17318.55,18339.44
2024-05-02,17541.54,17541.54,18339.44
2024-05-03,17890.8,17890.8,18339.44
2024-05-06,18093.57,18093.57,18339.44
2024-05-07,18091.45,18091.45,18339.44
2024-05-08,18085.01,18085.01,18339.44
2024-05-09,18113.46,18113.46,18339.44
2024-05-10,18161.18,18161.18,18339.44
2024-05-13,18198.61,18198.61,18339.44
2024-05-14,18322.77,18322.77,18339.44
2024-05-15,18596.65,18596.65,18596.65
2024-05-16,18557.96,18557.96,18596.65
2024-05-17,18546.23,18546.23,18596.65
2024-05-20,18674.19,18674.19,18674.19
2024-05-21,18713.8,18713.8,18713.8
2024-05-22,18705.2,18705.2,18713.8
2024-05-23,18623.39,18623.39,18713.8
2024-05-24,18808.35,18808.35,18808.35
2024-05-28,18869.44,18869.44,18869.44
2024-05-29,18736.75,18736.75,18869.44
2024-05-30,18538.66,18538.66,18869.44
2024-05-31,18536.65,18536.65,18869.44
2024-06-03,18600.97,18600.97,18869.44
2024-06-04,18654.84,18654.84,18869.44
2024-06-05,19035.05,19035.05,19035.05
2024-06-06,19021.19,19021.19,19035.05
2024-06-07,19000.95,19000.95,19035.05
2024-06-10,19074.67,19074.67,19074.67
2024-06-11,19210.18,19210.18,19210.18
2024-06-12,19465.18,19465.18,19465.18
2024-06-13,19576.92,19576.92,19576.92
2024-06-14,19659.8,19659.8,19659.8
2024-06-17,19902.75,19902.75,19902.75
2024-06-18,19908.86,19908.86,19908.86
2024-06-20,19752.3,19752.3,19908.86
2024-06-21,19700.43,19700.43,19908.86
2024-06-24,19474.62,19474.62,19908.86
2024-06-25,19701.13,19701.13,19908.86
2024-06-26,19751.05,19751.05,19908.86
2024-06-27,19789.03,19789.03,19908.86
2024-06-28,19682.87,19682.87,19908.86
2024-07-01,19812.22,19812.22,19908.86
2024-07-02,20011.89,20011.89,20011.89
2024-07-03,20186.63,20186.63,20186.63
2024-07-05,20391.97,20391.97,20391.97
2024-07-08,20439.54,20439.54,20439.54
2024-07-09,20453.02,20453.02,20453.02
2024-07-10,20675.38,20675.38,20675.38
2024-07-11,20211.36,20211.36,20675.38
2024-07-12,20331.49,20331.49,20675.38
2024-07-15,20386.88,20386.88,20675.38
2024-07-16,20398.62,20398.62,20675.38
2024-07-17,19799.14,19799.14,20675.38
2024-07-18,19705.09,19705.09,20675.38
2024-07-19,19522.62,19522.62,20675.38
2024-07-22,19822.87,19822.87,20675.38
2024-07-23,19754.34,19754.34,20675.38
2024-07-24,19032.39,19032.39,20675.38
2024-07-25,18830.58,18830.58,20675.38
2024-07-26,19023.66,19023.66,20675.38
2024-07-29,19059.49,19059.49,20675.38
2024-07-30,18796.27,18796.27,20675.38
2024-07-31,19362.43,19362.43,20675.38
2024-08-01,18890.39,18890.39,20675.38
2024-08-02,18440.84,18440.84,20675.38
2024-08-05,17895.16,17895.16,20675.38
2024-08-06,18077.92,18077.92,20675.38
2024-08-07,17867.37,17867.37,20675.38
2024-08-08,18413.82,18413.82,20675.38
2024-08-09,18513.1,18513.1,20675.38
2024-08-12,18542.03,18542.03,20675.38
2024-08-13,19006.43,19006.43,20675.38
2024-08-14,19022.68,19022.68,20675.38
2024-08-15,19490.15,19490.15,20675.38
2024-08-16,19508.52,19508.52,20675.38
2024-08-19,19766.49,19766.49,20675.38
2024-08-20,19719.82,19719.82,20675.38
2024-08-21,19824.84,19824.84,20675.38
2024-08-22,19491.84,19491.84,20675.38
2024-08-23,19720.87,19720.87,20675.38
2024-08-26,19516.44,19516.44,20675.38
2024-08-27,19581.52,19581.52,20675.38
2024-08-28,19350.78,19350.78,20675.38
2024-08-29,19325.45,19325.45,20675.38
2024-08-30,19574.64,19574.64,20675.38
2024-09-03,18958.73,18958.73,20675.38
2024-09-04,18921.4,18921.4,20675.38
2024-09-05,18930.33,18930.33,20675.38
2024-09-06,18421.31,18421.31,20675.38
2024-09-09,18660.78,18660.78,20675.38
2024-09-10,18829.14,18829.14,20675.38
2024-09-11,19237.3,19237.3,20675.38
2024-09-12,19423.07,19423.07,20675.38
2024-09-13,19514.58,19514.58,20675.38
2024-09-16,19423.06,19423.06,20675.38
2024-09-17,19432.4,19432.4,20675.38
2024-09-18,19344.49,19344.49,20675.38
2024-09-19,19839.83,19839.83,20675.38
2024-09-20,19791.49,19791.49,20675.38
2024-09-23,19852.2,19852.2,20675.38
2024-09-24,19944.84,19944.84,20675.38
2024-09-25,19972.61,19972.61,20675.38
2024-09-26,20115.54,20115.54,20675.38
2024-09-27,20008.62,20008.62,20675.38
2024-09-30,20060.69,20060.69,20675.38
2024-10-01,19773.3,19773.3,20675.38
2024-10-02,19802.58,19802.58,20675.38
2024-10-03,19793.34,19793.34,20675.38
2024-10-04,20035.02,20035.02,20675.38
2024-10-07,19800.74,19800.74,20675.38
2024-10-08,20107.78,20107.78,20675.38
2024-10-09,20268.86,20268.86,20675.38
2024-10-10,20241.76,20241.76,20675.38
2024-10-11,20271.97,20271.97,20675.38
2024-10-14,20439.05,20439.05,20675.38
2024-10-15,20159.83,20159.83,20675.38
2024-10-16,20174.05,20174.05,20675.38
2024-10-17,20190.42,20190.42,20675.38
2024-10-18,20324.04,20324.04,20675.38
2024-10-21,20361.47,20361.47,20675.38
2024-10-22,20383.65,20383.65,20675.38
2024-10-23,20066.96,20066.96,20675.38
2024-10-24,20232.87,20232.87,20675.38
2024-10-25,20352.02,20352.02,20675.38
2024-10-28,20351.07,20351.07,20675.38
2024-10-29,20550.65,20550.65,20675.38
2024-10-30,20387.7,20387.7,20675.38
2024-10-31,19890.42,19890.42,20675.38
2024-11-01,20033.14,20033.14,20675.38
2024-11-04,19963.6,19963.6,20675.38
2024-11-05,20227.46,20227.46,20675.38
2024-11-06,20781.33,20781.33,20781.33
2024-11-07,21101.57,21101.57,21101.57
2024-11-08,21117.18,21117.18,21117.18
2024-11-11,21106.59,21106.59,21117.18
2024-11-12,21070.79,21070.79,21117.18
2024-11-13,21036.16,21036.16,21117.18
2024-11-14,20896.67,20896.67,21117.18
2024-11-15,20394.13,20394.13,21117.18
2024-11-18,20539.19,20539.19,21117.18
2024-11-19,20684.59,20684.59,21117.18
2024-11-20,20667.1,20667.1,21117.18
2024-11-21,20740.78,20740.78,21117.18
2024-11-22,20776.23,20776.23,21117.18
2024-11-25,20804.89,20804.89,21117.18
2024-11-26,20922.9,20922.9,21117.18
2024-11-27,20744.49,20744.49,21117.18
2024-11-29,20930.37,20930.37,21117.18
2024-12-02,21164.6,21164.6,21164.6
2024-12-03,21229.32,21229.32,21229.32
2024-12-04,21492.36,21492.36,21492.36
2024-12-05,21425.22,21425.22,21492.36
2024-12-06,21622.25,21622.25,21622.25
2024-12-09,21440.82,21440.82,21622.25
2024-12-10,21368.18,21368.18,21622.25
2024-12-11,21763.98,21763.98,21763.98
2024-12-12,21615.27,21615.27,21763.98
2024-12-13,21780.25,21780.25,21780.25
2024-12-16,22096.66,22096.66,22096.66
2024-12-17,22001.08,22001.08,22096.66
2024-12-18,21209.31,21209.31,22096.66
2024-12-19,21110.51,21110.51,22096.66
2024-12-20,21289.15,21289.15,22096.66
2024-12-23,21503.17,21503.17,22096.66
2024-12-24,21797.65,21797.65,22096.66
2024-12-26,21768.31,21768.31,22096.66
2024-12-27,21473.01,21473.01,22096.66
2024-12-30,21197.09,21197.09,22096.66
2024-12-31,21012.17,21012.17,22096.66
2025-01-02,20975.62,20975.62,22096.66
2025-01-03,21326.16,21326.16,22096.66
2025-01-06,21559.5,21559.5,22096.66
2025-01-07,21173.04,21173.04,22096.66
2025-01-08,21180.96,21180.96,22096.66
2025-01-10,20847.58,20847.58,22096.66
2025-01-13,20784.72,20784.72,22096.66
2025-01-14,20757.41,20757.41,22096.66
2025-01-15,21237.85,21237.85,22096.66
2025-01-16,21091.25,21091.25,22096.66
2025-01-17,21441.15,21441.15,22096.66
2025-01-21,21566.51,21566.51,22096.66
2025-01-22,21853.0,21853.0,22096.66
2025-01-23,21900.93,21900.93,22096.66
2025-01-24,21774.01,21774.01,22096.66
2025-01-27,21127.28,21127.28,22096.66
2025-01-28,21463.04,21463.04,22096.66
2025-01-29,21411.46,21411.46,22096.66
2025-01-30,21508.12,21508.12,22096.66
2025-01-31,21478.05,21478.05,22096.66
2025-02-03,21297.58,21297.58,22096.66
2025-02-04,21566.92,21566.92,22096.66
2025-02-05,21658.16,21658.16,22096.66
2025-02-06,21774.07,21774.07,22096.66
2025-02-07,21491.31,21491.31,22096.66
2025-02-10,21756.73,21756.73,22096.66
2025-02-11,21693.52,21693.52,22096.66
2025-02-12,21719.26,21719.26,22096.66
2025-02-13,22030.71,22030.71,22096.66
2025-02-14,22114.69,22114.69,22114.69
2025-02-18,22164.61,22164.61,22164.61
2025-02-19,22175.6,22175.6,22175.6
2025-02-20,22068.06,22068.06,22175.6
2025-02-21,21614.08,21614.08,22175.6
2025-02-24,21352.08,21352.08,22175.6
2025-02-25,21087.25,21087.25,22175.6
2025-02-26,21132.92,21132.92,22175.6
2025-02-27,20550.95,20550.95,22175.6
2025-02-28,20884.41,20884.41,22175.6
2025-03-03,20425.58,20425.58,22175.6
2025-03-04,20352.53,20352.53,22175.6
2025-03-05,20628.46,20628.46,22175.6
2025-03-06,20052.63,20052.63,22175.6
2025-03-07,20201.37,20201.37,22175.6
2025-03-10,19430.95,19430.95,22175.6
2025-03-11,19376.96,19376.96,22175.6
2025-03-12,19596.02,19596.02,22175.6
2025-03-13,19225.48,19225.48,22175.6
2025-03-14,19704.64,19704.64,22175.6
2025-03-17,19812.24,19812.24,22175.6
2025-03-18,19483.36,19483.36,22175.6
2025-03-19,19736.66,19736.66,22175.6
2025-03-20,19677.61,19677.61,22175.6
2025-03-21,19753.97,19753.97,22175.6
2025-03-24,20180.44,20180.44,22175.6
2025-03-25,20287.83,20287.83,22175.6
2025-03-26,19916.99,19916.99,22175.6
2025-03-27,19798.62,19798.62,22175.6
2025-03-28,19281.4,19281.4,22175.6
2025-03-31,19278.45,19278.45,22175.6
2025-04-01,19436.42,19436.42,22175.6
2025-04-02,19581.78,19581.78,22175.6
2025-04-03,18521.48,18521.48,22175.6
2025-04-04,17397.7,17397.7,22175.6
2025-04-07,17430.68,17430.68,22175.6
2025-04-08,17090.4,17090.4,22175.6
2025-04-09,19145.06,19145.06,22175.6
2025-04-10,18343.57,18343.57,22175.6
2025-04-11,18690.05,18690.05,22175.6
2025-04-14,18796.02,18796.02,22175.6
2025-04-15,18830.23,18830.23,22175.6
2025-04-16,18257.64,18257.64,22175.6
2025-04-17,18258.09,18258.09,22175.6
2025-04-21,17808.3,17808.3,22175.6
2025-04-22,18276.41,18276.41,22175.6
2025-04-23,18693.26,18693.26,22175.6
2025-04-24,19214.4,19214.4,22175.6
2025-04-25,19432.56,19432.56,22175.6
2025-04-28,19427.29,19427.29,22175.6
2025-04-29,19544.95,19544.95,22175.6
2025-04-30,19571.02,19571.02,22175.6
2025-05-01,19786.71,19786.71,22175.6
2025-05-02,20102.61,20102.61,22175.6
2025-05-05,19967.94,19967.94,22175.6
2025-05-06,19791.34,19791.34,22175.6
2025-05-07,19867.97,19867.97,22175.6
2025-05-08,20063.57,20063.57,22175.6
2025-05-09,20061.45,20061.45,22175.6
2025-05-12,20868.15,20868.15,22175.6
2025-05-13,21197.7,21197.7,22175.6
2025-05-14,21319.21,21319.21,22175.6
2025-05-15,21335.82,21335.82,22175.6
2025-05-16,21427.94,21427.94,22175.6
2025-05-19,21447.05,21447.05,22175.6
2025-05-20,21367.37,21367.37,22175.6
2025-05-21,21080.36,21080.36,22175.6
2025-05-22,21112.47,21112.47,22175.6
2025-05-23,20915.65,20915.65,22175.6
2025-05-27,21414.99,21414.99,22175.6
2025-05-28,21318.17,21318.17,22175.6
2025-05-29,21363.95,21363.95,22175.6
2025-05-30,21340.99,21340.99,22175.6
2025-06-02,21491.75,21491.75,22175.6
2025-06-03,21662.58,21662.58,22175.6
2025-06-04,21721.92,21721.92,22175.6
2025-06-05,21547.43,21547.43,22175.6
2025-06-06,21761.79,21761.79,22175.6
2025-06-09,21797.87,21797.87,22175.6
2025-06-10,21941.92,21941.92,22175.6
2025-06-11,21860.8,21860.8,22175.6
2025-06-12,21913.32,21913.32,22175.6
2025-06-13,21631.04,21631.04,22175.6
2025-06-16,21937.57,21937.57,22175.6
2025-06-17,21719.08,21719.08,22175.6
2025-06-18,21719.69,21719.69,22175.6
2025-06-20,21626.39,21626.39,22175.6
2025-06-23,21856.33,21856.33,22175.6
2025-06-24,22190.52,22190.52,22190.52
2025-06-25,22237.74,22237.74,22237.74
2025-06-26,22447.29,22447.29,22447.29
2025-06-27,22534.2,22534.2,22534.2
2025-06-30,22679.01,22679.01,22679.01
2025-07-01,22478.14,22478.14,22679.01
2025-07-02,22641.89,22641.89,22679.01
2025-07-03,22866.97,22866.97,22866.97
2025-07-07,22685.57,22685.57,22866.97
2025-07-08,22702.25,22702.25,22866.97
2025-07-09,22864.91,22864.91,22866.97
2025-07-10,22829.26,22829.26,22866.97
2025-07-11,22780.6,22780.6,22866.97
2025-07-14,22855.63,22855.63,22866.97
2025-07-15,22884.59,22884.59,22884.59
2025-07-16,22907.97,22907.97,22907.97
2025-07-17,23081.05,23081.05,23081.05
2025-07-18,23065.47,23065.47,23081.05
2025-07-21,23180.06,23180.06,23180.06
2025-07-22,23063.58,23063.58,23180.06
2025-07-23,23162.41,23162.41,23180.06
2025-07-24,23219.86,23219.86,23219.86
2025-07-25,23272.25,23272.25,23272.25
2025-07-28,23356.27,23356.27,23356.27
2025-07-29,23308.3,23308.3,23356.27
2025-07-30,23345.41,23345.41,23356.27
2025-07-31,23218.12,23218.12,23356.27
2025-08-01,22763.31,22763.31,23356.27
2025-08-04,23188.61,23188.61,23356.27
2025-08-05,23018.56,23018.56,23356.27
2025-08-06,23315.04,23315.04,23356.27
2025-08-07,23389.53,23389.53,23389.53
2025-08-08,23611.27,23611.27,23611.27
2025-08-11,23526.63,23526.63,23611.27
2025-08-12,23839.2,23839.2,23839.2
2025-08-13,23849.04,23849.04,23849.04
2025-08-14,23832.44,23832.44,23849.04
2025-08-15,23712.07,23712.07,23849.04
2025-08-18,23713.76,23713.76,23849.04
2025-08-19,23384.77,23384.77,23849.04
2025-08-20,23249.57,23249.57,23849.04
2025-08-21,23142.58,23142.58,23849.04
2025-08-22,23498.12,23498.12,23849.04
2025-08-25,23425.6,23425.6,23849.04
2025-08-26,23525.29,23525.29,23849.04
2025-08-27,23565.85,23565.85,23849.04
2025-08-28,23703.45,23703.45,23849.04
2025-08-29,23415.42,23415.42,23849.04
2025-09-02,23231.11,23231.11,23849.04
2025-09-03,23414.84,23414.84,23849.04
2025-09-04,23633.01,23633.01,23849.04
2025-09-05,23652.44,23652.44,23849.04
2025-09-08,23762.3,23762.3,23849.04
2025-09-09,23839.8,23839.8,23849.04
2025-09-10,23849.27,23849.27,23849.27
2025-09-11,23992.56,23992.56,23992.56
2025-09-12,24092.19,24092.19,24092.19
2025-09-15,24293.78,24293.78,24293.78
2025-09-16,24274.25,24274.25,24293.78
2025-09-17,24223.69,24223.69,24293.78
2025-09-18,24454.89,24454.89,24454.89
2025-09-19,24626.25,24626.25,24626.25
2025-09-22,24761.07,24761.07,24761.07
2025-09-23,24580.17,24580.17,24761.07
2025-09-24,24503.57,24503.57,24761.07
2025-09-25,24397.31,24397.31,24761.07
2025-09-26,24503.85,24503.85,24761.07
2025-09-29,24611.35,24611.35,24761.07
2025-09-30,24679.99,24679.99,24761.07
2025-10-01,24800.86,24800.86,24800.86
2025-10-02,24892.76,24892.76,24892.76
2025-10-03,24785.52,24785.52,24892.76
2025-10-06,24978.56,24978.56,24978.56
2025-10-07,24840.23,24840.23,24978.56
2025-10-08,25136.62,25136.62,25136.62
2025-10-09,25098.18,25098.18,25136.62
2025-10-10,24221.75,24221.75,25136.62
2025-10-13,24750.25,24750.25,25136.62
2025-10-14,24579.32,24579.32,25136.62
2025-10-15,24745.36,24745.36,25136.62
2025-10-16,24657.24,24657.24,25136.62
2025-10-17,24817.95,24817.95,25136.62
2025-10-20,25141.02,25141.02,25141.02
2025-10-21,25127.13,25127.13,25141.02
2025-10-22,24879.0,24879.0,25141.02
2025-10-23,25097.42,25097.42,25141.02
2025-10-24,25358.16,25358.16,25358.16
2025-10-27,25821.55,25821.55,25821.55
2025-10-28,26012.16,26012.16,26012.16
2025-10-29,26119.85,26119.85,26119.85
2025-10-30,25734.81,25734.81,26119.85
2025-10-31,25858.13,25858.13,26119.85
2025-11-03,25972.94,25972.94,26119.85
2025-11-04,25435.7,25435.7,26119.85
2025-11-05,25620.03,25620.03,26119.85
2025-11-06,25130.04,25130.04,26119.85
2025-11-07,25059.81,25059.81,26119.85
2025-11-10,25611.74,25611.74,26119.85
2025-11-11,25533.49,25533.49,26119.85
2025-11-12,25517.33,25517.33,26119.85
2025-11-13,24993.46,24993.46,26119.85
2025-11-14,25008.24,25008.24,26119.85
2025-11-17,24799.92,24799.92,26119.85
2025-11-18,24503.1,24503.1,26119.85
2025-11-19,24640.52,24640.52,26119.85
2025-11-20,24054.38,24054.38,26119.85
2025-11-21,24239.57,24239.57,26119.85
2025-11-24,24873.85,24873.85,26119.85
2025-11-25,25018.36,25018.36,26119.85
2025-11-26,25236.94,25236.94,26119.85
2025-11-28,25434.89,25434.89,26119.85
2025-12-01,25342.85,25342.85,26119.85
2025-12-02,25555.86,25555.86,26119.85
2025-12-03,25606.54,25606.54,26119.85
2025-12-04,25581.7,25581.7,26119.85
2025-12-05,25692.05,25692.05,26119.85
2025-12-08,25627.95,25627.95,26119.85
2025-12-09,25668.69,25668.69,26119.85
2025-12-10,25776.44,25776.44,26119.85
2025-12-11,25686.68,25686.68,26119.85
2025-12-12,25196.73,25196.73,26119.85
2025-12-15,25067.26,25067.26,26119.85
2025-12-16,25132.94,25132.94,26119.85
2025-12-17,24647.61,24647.61,26119.85
2025-12-18,25019.37,25019.37,26119.85
2025-12-19,25346.18,25346.18,26119.85
2025-12-22,25461.7,25461.7,26119.85
2025-12-23,25587.83,25587.83,26119.85
2025-12-24,25656.15,25656.15,26119.85
2025-12-26,25644.39,25644.39,26119.85
2025-12-29,25525.56,25525.56,26119.85
2025-12-30,25462.56,25462.56,26119.85
2025-12-31,25249.85,25249.85,26119.85
2026-01-02,25206.17,25206.17,26119.85
2026-01-05,25401.32,25401.32,26119.85
2026-01-06,25639.71,25639.71,26119.85
2026-01-07,25653.9,25653.9,26119.85
2026-01-08,25507.1,25507.1,26119.85
2026-01-09,25766.26,25766.26,26119.85
2026-01-12,25787.66,25787.66,26119.85
2026-01-13,25741.95,25741.95,26119.85
2026-01-14,25465.94,25465.94,26119.85
2026-01-15,25547.08,25547.08,26119.85
2026-01-16,25529.26,25529.26,26119.85
2026-01-20,24987.57,24987.57,26119.85
2026-01-21,25326.58,25326.58,26119.85
2026-01-22,25518.35,25518.35,26119.85
2026-01-23,25605.47,25605.47,26119.85
2026-01-26,25713.21,25713.21,26119.85
2026-01-27,25939.74,25939.74,26119.85
2026-01-28,26022.79,26022.79,26119.85
2026-01-29,25884.3,25884.3,26119.85
2026-01-30,25552.39,25552.39,26119.85
2026-02-02,25738.61,25738.61,26119.85
2026-02-03,25338.62,25338.62,26119.85
2026-02-04,24891.24,24891.24,26119.85
2026-02-05,24548.69,24548.69,26119.85
2026-02-06,25075.77,25075.77,26119.85
2026-02-09,25268.14,25268.14,26119.85
2026-02-10,25127.64,25127.64,26119.85
2026-02-11,25201.26,25201.26,26119.85
2026-02-12,24687.61,24687.61,26119.85
2026-02-13,24732.73,24732.73,26119.85
2026-02-17,24701.6,24701.6,26119.85
2026-02-18,24898.87,24898.87,26119.85
2026-02-19,24797.34,24797.34,26119.85
2026-02-20,25012.62,25012.62,26119.85
2026-02-23,24708.94,24708.94,26119.85
2026-02-24,24977.04,24977.04,26119.85
2026-02-25,25329.04,25329.04,26119.85
2026-02-26,25034.37,25034.37,26119.85
2026-02-27,24960.04,24960.04,26119.85
2026-03-02,24992.6,24992.6,26119.85
2026-03-03,24720.08,24720.08,26119.85
2026-03-04,25093.68,25093.68,26119.85
2026-03-05,25020.41,25020.41,26119.85
2026-03-06,24643.01,24643.01,26119.85
2026-03-09,24967.25,24967.25,26119.85
2026-03-10,24956.47,24956.47,26119.85
2026-03-11,24965.01,24965.01,26119.85
2026-03-12,24533.58,24533.58,26119.85
2026-03-13,24380.73,24380.73,26119.85
2026-03-16,24655.34,24655.34,26119.85
2026-03-17,24780.42,24780.42,26119.85
2026-03-18,24425.09,24425.09,26119.85
2026-03-19,24355.28,24355.28,26119.85
2026-03-20,23898.15,23898.15,26119.85
2026-03-23,24188.59,24188.59,26119.85
2026-03-24,24002.45,24002.45,26119.85
2026-03-25,24162.98,24162.98,26119.85
2026-03-26,23586.99,23586.99,26119.85
2026-03-27,23132.77,23132.77,26119.85
2026-03-30,22953.38,22953.38,26119.85
2026-03-31,23740.19,23740.19,26119.85
2026-04-01,24019.99,24019.99,26119.85
2026-04-02,24045.53,24045.53,26119.85
2026-04-06,24192.17,24192.17,26119.85
2026-04-07,24202.37,24202.37,26119.85
2026-04-08,24903.17,24903.17,26119.85
2026-04-09,25082.09,25082.09,26119.85
2026-04-10,25116.34,25116.34,26119.85
2026-04-13,25383.72,25383.72,26119.85
2026-04-14,25842.0,25842.0,26119.85
2026-04-15,26204.58,26204.58,26204.58
2026-04-16,26333.0,26333.0,26333.0
2026-04-17,26672.43,26672.43,26672.43
2026-04-20,26590.34,26590.34,26672.43
2026-04-21,26479.47,26479.47,26672.43
2026-04-22,26937.27,26937.27,26937.27
2026-04-23,26782.62,26782.62,26937.27
2026-04-24,27303.67,27303.67,27303.67
2026-04-27,27305.68,27305.68,27305.68
2026-04-28,27029.01,27029.01,27305.68
2026-04-29,27186.99,27186.99,27305.68
2026-04-30,27452.12,27452.12,27452.12
2026-05-01,27710.36,27710.36,27710.36
2026-05-04,27651.82,27651.82,27710.36
2026-05-05,28015.06,28015.06,28015.06
2026-05-06,28599.17,28599.17,28599.17
2026-05-07,28563.95,28563.95,28599.17
2026-05-08,29234.99,29234.99,29234.99
2026-05-11,29320.66,29320.66,29320.66
2026-05-12,29064.8,29064.8,29320.66
2026-05-13,29366.94,29366.94,29366.94
2026-05-14,29580.3,29580.3,29580.3
2026-05-15,29125.2,29125.2,29580.3
2026-05-18,28994.37,28994.37,29580.3
2026-05-19,28818.84,28818.84,29580.3
2026-05-20,29297.7,29297.7,29580.3
2026-05-21,29357.27,29357.27,29580.3
2026-05-22,29481.64,29481.64,29580.3
2026-05-26,30001.32,30001.32,30001.32
2026-05-27,29973.57,29973.57,30001.32
2026-05-28,30223.89,30223.89,30223.89
2026-05-29,30333.18,30333.18,30333.18
2026-06-01,30513.86,30513.86,30513.86
2026-06-02,30660.6,30660.6,30660.6
2026-06-03,30571.24,30571.24,30660.6
2026-06-04,30407.81,30407.81,30660.6
2026-06-05,28957.6,28957.6,30660.6
2026-06-08,29414.26,29414.26,30660.6
2026-06-09,29084.5,29084.5,30660.6
2026-06-10,28508.03,28508.03,30660.6
2026-06-11,29446.18,29446.18,30660.6
2026-06-12,29635.95,29635.95,30660.6
2026-06-15,30543.92,30543.92,30660.6
2026-06-16,29968.13,29968.13,30660.6
2026-06-17,29670.95,29670.95,30660.6
2026-06-18,30406.19,30406.19,30660.6
2026-06-22,30347.08,30347.08,30660.6
2026-06-23,29347.27,29347.27,30660.6
2026-06-24,29220.06,29220.06,30660.6
2026-06-25,29440.32,29440.32,30660.6
2026-06-26,29118.24,29118.24,30660.6
2026-06-29,29774.75,29774.75,30660.6
2026-06-30,30276.35,30276.35,30660.6
2026-07-01,29809.13,29809.13,30660.6
2026-07-02,29329.21,29329.21,30660.6
2026-07-06,29697.87,29697.87,30660.6
2026-07-07,29173.02,29173.02,30660.6
2026-07-08,29252.56,29252.56,30660.6
2026-07-09,29727.1,29727.1,30660.6
2026-07-10,29825.11,29825.11,30660.6
2026-07-13,29264.1,29264.1,30660.6
2026-07-14,29586.29,29586.29,30660.6
2026-07-15,29502.6,29502.6,30660.6
2026-07-16,29025.77,29025.77,30660.6
2026-07-17,28592.66,28592.66,30660.6
2026-07-20,28604.23,28604.23,30660.6
2026-07-21,29155.18,29155.18,30660.6
2026-07-22,28998.1,28998.1,30660.6
2026-07-23,28454.81,28454.81,30660.6
2026-07-24,28128.34,28128.34,30660.6
2026-07-27,28039.21,28039.21,30660.6
2026-07-28,27763.13,27763.13,30660.6
2026-07-29,27192.31,27192.31,30660.6
2026-07-30,28106.35,28106.35,30660.6
2026-07-31,28274.2,28274.2,30660.6
2026-08-03,28776.8,28776.8,30660.6
2026-08-04,29733.16,29733.16,30660.6
2026-08-05,29487.79,29487.79,30660.6
2026-08-06,29373.33,29373.33,30660.6
2026-08-07,29722.3,29722.3,30660.6
2026-08-10,29621.8,29621.8,30660.6
2026-08-11,29525.48,29525.48,30660.6
2026-08-12,29742.6,29742.6,30660.6
2026-08-13,30084.5,30084.5,30660.6
2026-08-14,30046.14,30046.14,30660.6
2026-08-17,29995.38,29995.38,30660.6
2026-08-18,29490.96,29490.96,30660.6
2026-08-19,29426.02,29426.02,30660.6
2026-08-20,29213.16,29213.16,30660.6
2026-08-21,29308.86,29308.86,30660.6
2026-08-24,29023.18,29023.18,30660.6
2026-08-25,29209.23,29209.23,30660.6
2026-08-26,29224.52,29224.52,30660.6
2026-08-27,29641.56,29641.56,30660.6
2026-08-28,29433.43,29433.43,30660.6
2026-08-31,29456.97,29456.97,30660.6
2026-09-01,29077.22,29077.22,30660.6
2026-09-02,29143.33,29143.33,30660.6
2026-09-03,29482.32,29482.32,30660.6
2026-09-04,29544.16,29544.16,30660.6
2026-09-08,29507.7,29507.7,30660.6
2026-09-09,29421.55,29421.55,30660.6
2026-09-10,29103.51,29103.51,30660.6
2026-09-11,29368.44,29368.44,30660.6
